index,close,STOCH_signal,Position,Entry/Exit Position,Portfolio Holdings,Portfolio Cash,Portfolio Total,Portfolio Daily Returns,Portfolio Cumulative Returns,Base Daily Returns,Base Cumulative Returns,Market Daily Returns,Market Cumulative Returns
2021-10-18,108.43049736022948,0,400,400.0,43372.19894409179,106627.8010559082,150000.0,,,,,,
2021-10-19,109.45799598693849,0,400,0.0,43783.19839477539,106627.8010559082,150410.9994506836,0.002739996337890682,0.002739996337890682,0.009476103602987562,0.009476103602987562,0.007393339551406308,0.007393339551406308
2021-10-20,109.82000226974488,0,400,0.0,43928.00090789795,106627.8010559082,150555.80196380615,0.0009627122594184634,0.003705346425374456,0.003307262110386011,0.012814705671773785,0.0036640298040166996,0.01108445877189057
2021-10-21,109.72900323867798,0,400,0.0,43891.60129547119,106627.8010559082,150519.4023513794,-0.00024176824773258776,0.003462682342529444,-0.0008286198250423427,0.01197546732755983,0.002995871849622578,0.01411353823951611
2021-10-22,109.49550104141235,0,400,0.0,43798.20041656494,106627.8010559082,150426.00147247314,-0.0006205238490664122,0.0028400098164877985,-0.0021279897782149337,0.009821993877282553,-0.0010725536274130976,0.0130258470854685
2021-10-25,109.9609959602356,0,400,0.0,43984.398384094246,106627.8010559082,150612.19944000244,0.001237804406862164,0.004081329600016392,0.004251269818357217,0.014115019641766313,0.004748196569493546,0.01783589293740806
2021-10-26,110.09600343704224,0,400,0.0,44038.401374816895,106627.8010559082,150666.2024307251,0.00035855655068739445,0.004441349538167438,0.0012277760457486409,0.015360125770516486,0.0018197952535197182,0.019688145864237505
2021-10-27,109.76650304794312,0,400,0.0,43906.601219177246,106627.8010559082,150534.40227508545,-0.0008747824894587142,0.0035626818339031807,-0.0029928460508337196,0.012321309227930177,-0.005051568068462853,0.014537121786799556
2021-10-28,111.14899892807009,0,400,0.0,44459.599571228035,106627.8010559082,151087.40062713623,0.003673567926620658,0.007249337514241727,0.012594879510037238,0.025071374143099012,0.009829281576461124,0.024509292826614404
2021-10-29,111.38149862289428,0,400,0.0,44552.599449157715,106627.8010559082,151180.40050506592,0.000615536951086959,0.007869336700439655,0.002091783975262329,0.02721560201703177,0.001949334719149265,0.026506404361212432
2021-11-01,111.26349620819092,0,400,0.0,44505.39848327637,106627.8010559082,151133.19953918457,-0.0003122161716971883,0.007554663594564026,-0.0010594435894859533,0.026127325032454962,0.0018000771431341267,0.02835419507698389
2021-11-02,112.16400232315064,0,400,0.0,44865.600929260254,106627.8010559082,151493.40198516846,0.0023833442756600043,0.009956013234456718,0.008093455137116567,0.03443224050257454,0.0036803630854131963,0.03213891189527507
2021-11-03,112.5075023651123,0,400,0.0,45003.00094604492,106627.8010559082,151630.80200195312,0.0009069703035524679,0.01087201334635468,0.0030624802507672744,0.037600168809870604,0.006461279195357994,0.038807849573423425
2021-11-04,113.33450136184692,0,400,0.0,45333.80054473877,106627.8010559082,151961.60160064697,0.002181612141638478,0.013077344004313707,0.007350611997863243,0.04522716505970936,0.004181942361150437,0.043152084124650214
2021-11-05,113.89900083541868,0,400,0.0,45559.60033416747,106627.8010559082,152187.40139007568,0.0014859003001437276,0.014582675933838551,0.004980826374922254,0.050433260091224064,0.003732799652949259,0.04704596186224408
2021-11-08,114.713498210907,0,400,0.0,45885.3992843628,106627.8010559082,152513.200340271,0.002140774776489218,0.01675466893514055,0.00715104934647548,0.05794496016931561,0.0008877879113036169,0.047975516609764624
2021-11-09,114.59049644470215,0,400,0.0,45836.19857788086,106627.8010559082,152463.99963378906,-0.00032259965938796764,0.016426664225260845,-0.0010722518981917117,0.056810576677591706,-0.003498775895770745,0.04430888513289255
2021-11-10,113.28000001907348,0,400,0.0,45312.000007629395,106627.8010559082,151939.8010635376,-0.003438179317809875,0.012932007090250996,-0.011436344778042562,0.04472452655762482,-0.008225823395229703,0.035718584673720244
2021-11-11,113.6025013923645,0,400,0.0,45441.0005569458,106627.8010559082,152068.801612854,0.0008490240767293766,0.013792010752360362,0.002846940088600869,0.04769879469382632,0.0005509400447352153,0.036289203517093416
2021-11-12,114.5229995727539,0,400,0.0,45809.19982910156,106627.8010559082,152437.00088500977,0.0024212676647057396,0.016246672566732068,0.008102798522104271,0.05618808693908184,0.007222656026415475,0.0437739639779855
2021-11-15,114.59499893188476,0,400,0.0,45837.999572753906,106627.8010559082,152465.8006286621,0.00018892882623733342,0.01643867085774775,0.0006286890790450084,0.05685210085475778,-1.0739820344718431e-05,0.04376275403313179
2021-11-16,114.89899711608886,0,400,0.0,45959.59884643555,106627.8010559082,152587.39990234375,0.0007975511437992022,0.017249332682292007,0.002652804983093615,0.05965572337429825,0.003865229864862485,0.04779713700185173
2021-11-17,114.92549953460691,0,400,0.0,45970.199813842766,106627.8010559082,152598.00086975098,6.947472343066252e-05,0.017320005798340032,0.00023065839722935522,0.05990014186506665,-0.002601625374463401,0.04507116138293754
2021-11-18,115.6520043373108,0,400,0.0,46260.80173492432,106627.8010559082,152888.60279083252,0.0019043625697927613,0.01925735193888367,0.006321528343543159,0.06660033065319215,0.0033847802152713324,0.048608497573537246
2021-11-19,116.05499906539916,0,400,0.0,46421.99962615966,106627.8010559082,153049.80068206787,0.0010543486453067352,0.020332004547119364,0.003484545991204735,0.07031694855958737,-0.001398665559303236,0.047141844982788506
2021-11-22,114.72999753952026,0,400,0.0,45891.999015808105,106627.8010559082,152519.8000717163,-0.003462929111894386,0.016798667144775514,-0.011417013799915998,0.058097125187598575,-0.0031971365563219223,0.0437939895105397
2021-11-23,115.0249979019165,0,400,0.0,46009.9991607666,106627.8010559082,152637.8002166748,0.0007736709915893147,0.017585334777832085,0.002571257462937071,0.06081776531724947,0.001657132912945114,0.04552369488489183
2021-11-24,115.913503074646,0,400,0.0,46365.4012298584,106627.8010559082,152993.2022857666,0.002328401409004144,0.01995468190511085,0.0077244528488245034,0.06901200212663805,0.0022938506357221833,0.04792197007706611
2021-11-26,112.71200380325315,0,400,0.0,45084.80152130126,106627.8010559082,151712.60257720947,-0.008370304624156888,0.01141735051473014,-0.027619726662312605,0.039486182829168825,-0.022724822637582465,0.024108129169038817
2021-11-29,115.27100038528442,0,400,0.0,46108.40015411377,106627.8010559082,152736.20121002197,0.006746958495366773,0.01824134140014677,0.022703851370597494,0.06308652262591208,0.013200199537034996,0.03762656082156979
2021-11-30,113.9635003566742,0,400,0.0,45585.40014266968,106627.8010559082,152213.20119857788,-0.0034242046567920514,0.014754674657186273,-0.011342835789053596,0.0510281067702103,-0.01896131033450521,0.01795180159050669
2021-12-01,112.2170021057129,0,400,0.0,44886.800842285156,106627.8010559082,151514.60189819336,-0.0045896104600883225,0.010097345987956086,-0.015325066758174799,0.0349210308692387,-0.011815187417889228,0.005924510272336869
2021-12-02,113.81800050735474,0,400,0.0,45527.200202941895,106627.8010559082,152155.0012588501,0.004226651112392732,0.014366675059001022,0.014266986032416273,0.04968623476130407,0.01419443613158311,0.020203041486591466
2021-12-03,111.97650275230409,0,400,0.0,44790.60110092163,106627.8010559082,151418.40215682983,-0.004841110025474271,0.009456014378865785,-0.016179319148482696,0.03270302616333187,-0.008448563730297565,0.01158379107274854
2021-12-06,112.87349872589112,0,400,0.0,45149.39949035645,106627.8010559082,151777.20054626465,0.0023695824571123847,0.011848003641764526,0.008010573214375372,0.04097556936312019,0.011730872577451423,0.023450551627238303
2021-12-07,116.1945017814636,0,400,0.0,46477.80071258544,106627.8010559082,153105.60176849365,0.008752310738687541,0.020704011789957955,0.02942234530744381,0.07160351202153481,0.020707080374404274,0.04464322445901181
2021-12-08,116.92099924087525,0,400,0.0,46768.3996963501,106627.8010559082,153396.2007522583,0.001898029728553352,0.022641338348388995,0.006252425444174925,0.0783036330861655,0.0030852853123166657,0.047866246856046235
2021-12-09,115.32300138473512,0,400,0.0,46129.20055389405,106627.8010559082,152757.00160980225,-0.004166981576606221,0.01838001073201534,-0.013667329791186678,0.06356610171774202,-0.007181080169894716,0.040341435330046194
2021-12-10,117.0585015296936,0,400,0.0,46823.40061187744,106627.8010559082,153451.20166778564,0.004544472925415599,0.023008011118571536,0.01504903726160034,0.07957174761266739,0.009549073338481762,0.050275731993074224
2021-12-13,115.73649883270264,0,400,0.0,46294.599533081055,106627.8010559082,152922.40058898926,-0.0034460536838363254,0.019482670593262252,-0.011293521441974153,0.06737958093285412,-0.009136167611567658,0.04068023686722366
2021-12-14,114.0734977722168,0,400,0.0,45629.39910888672,106627.8010559082,152257.20016479492,-0.004349921408716262,0.015048001098633357,-0.014368855782389889,0.052042557669362166,-0.0074706775774360246,0.032905650356378935
2021-12-15,116.87800121307372,0,400,0.0,46751.200485229485,106627.8010559082,153379.0015411377,0.007367805103000613,0.022526676940918477,0.02458505696438773,0.07790708387862355,0.016348464630746795,0.049792071848128616
2021-12-16,114.1744966506958,0,400,0.0,45669.79866027832,106627.8010559082,152297.59971618652,-0.0070505206976532175,0.015317331441244031,-0.023130995861653236,0.0529740195821804,-0.008743415379980468,0.04061330370135008
2021-12-17,113.39600200653076,0,400,0.0,45358.400802612305,106627.8010559082,151986.2018585205,-0.002044666877523471,0.013241345723470577,-0.006818463553614373,0.045794354606756515,-0.010287680637092622,0.02990780636616064
2021-12-20,112.06250276565552,0,400,0.0,44825.00110626221,106627.8010559082,151452.8021621704,-0.0035095271138272377,0.009685347747803164,-0.011759667160033072,0.03349616107873943,-0.01138805785140995,0.018179156685644182
2021-12-21,114.62149772644042,0,400,0.0,45848.59909057617,106627.8010559082,152476.40014648438,0.0067585278694146655,0.016509334309896317,0.02283542574572217,0.057096485923541884,0.017777934551572505,0.036280279094976775
2021-12-22,116.07049856185914,0,400,0.0,46428.19942474365,106627.8010559082,153056.00048065186,0.003801246183741558,0.020373336537679476,0.012641614916574895,0.07045989262825181,0.010180197220578835,0.04682981671196007
2021-12-23,116.702001953125,0,400,0.0,46680.80078125,106627.8010559082,153308.6018371582,0.0016503851904734468,0.02205734558105532,0.005440688194591647,0.07628393112885812,0.006223699921661829,0.05334497136022365
2021-12-27,118.91249771118164,0,400,0.0,47564.999084472656,106627.8010559082,154192.80014038086,0.005767440917384681,0.027952000935873134,0.018941369651435114,0.09667022291826965,0.01383893524747526,0.06792214421213139
2021-12-28,118.26759872436524,0,400,0.0,47307.039489746094,106627.8010559082,153934.8405456543,-0.001672967833074579,0.026232270304362704,-0.005423307047025094,0.09072264357005433,-0.0010101548486260992,0.06684337748020042
2021-12-29,118.47400207519532,0,400,0.0,47389.600830078125,106627.8010559082,154017.40188598633,0.0005363395319692987,0.026782679239909513,0.0017452231469679003,0.09262619797453486,0.0014018951394270118,0.06833898002561978
2021-12-30,117.9400004386902,0,400,0.0,47176.00017547608,106627.8010559082,153803.80123138428,-0.0013868605234632625,0.025358674875895826,-0.004507331795596592,0.08770136917170235,-0.0029897555945093135,0.06514490758325575
2021-12-31,117.48399848937989,0,400,0.0,46993.59939575195,106627.8010559082,153621.40045166016,-0.00118593154566915,0.02414266967773493,-0.003866389245499202,0.08349589229562215,-0.0026261799136575448,0.062347645421825915
2022-01-03,118.0740016937256,0,400,0.0,47229.60067749024,106627.8010559082,153857.40173339844,0.0015362526382680652,0.025716011555990237,0.005021987776480552,0.0889371954225977,0.006374052530970564,0.0691191051198976
2022-01-04,117.45400171279908,0,400,0.0,46981.600685119636,106627.8010559082,153609.40174102783,-0.0016118821036659181,0.0240626782735196,-0.005250944086190534,0.08321924709606043,-0.000629621957060511,0.06844596425660132
2022-01-05,114.1400032043457,0,400,0.0,45656.00128173828,106627.8010559082,152283.80233764648,-0.008629676233074535,0.015225348917643933,-0.02821528819900776,0.05265590385653285,-0.019392757790687165,0.04772585045933586
2022-01-06,113.73150110244752,0,400,0.0,45492.60044097901,106627.8010559082,152120.4014968872,-0.001073002106927845,0.014136009979248687,-0.0035789564607496827,0.048888494208479294,-0.0009637690162076495,0.04671608474718325
2022-01-07,112.49099664688111,0,400,0.0,44996.39865875245,106627.8010559082,151624.19971466064,-0.003261901607830797,0.010827998097738156,-0.010907307505323316,0.03744794486335179,-0.004050216740091761,0.04247665773861686
2022-01-10,112.3985032081604,0,400,0.0,44959.40128326416,106627.8010559082,151587.20233917236,-0.00024400706191962662,0.010581348927816148,-0.0008222297026228009,0.03659492434816025,-0.0014410312534549607,0.04097441629381815
2022-01-11,113.61599779129028,0,400,0.0,45446.39911651611,106627.8010559082,152074.20017242432,0.003212657966747745,0.013828001149495783,0.010831946586291163,0.0478232652003201,0.009159984668711818,0.05050972598759085
2022-01-12,114.24850282669068,0,400,0.0,45699.40113067627,106627.8010559082,152327.20218658447,0.0016636747973903798,0.015514681243896877,0.005567042033660652,0.053656541361537746,0.002817754443029452,0.05346980443543803
2022-01-13,111.91799669265748,0,400,0.0,44767.198677062996,106627.8010559082,151394.9997329712,-0.006119737251337631,0.009299998219808314,-0.020398570452765274,0.03216345416955746,-0.0142436152864307,0.03846458582518819
2022-01-14,112.53349819183347,0,400,0.0,45013.39927673339,106627.8010559082,151641.2003326416,0.001626213548034272,0.010941335550944231,0.00549957573728066,0.03783991525901609,0.0008199802697488323,0.03931610629639781
2022-01-18,110.1889998435974,1,800,400.0,88151.19987487792,62552.20111846925,150703.40099334717,-0.006184330757322387,0.00468933995564802,-0.020833781815255192,0.016217784905346866,-0.018387945694007368,0.020205218174912387
2022-01-19,108.73500146865844,1,800,0.0,86988.00117492676,62552.20111846925,149540.202293396,-0.007718463500385964,-0.0030653180440265437,-0.013195494804406738,0.0028082884044826617,-0.009689541868338813,0.010319896999108735
2022-01-20,107.42100248336791,1,800,0.0,85936.80198669434,62552.20111846925,148489.00310516357,-0.007029542371288056,-0.010073312632242648,-0.012084415942821058,-0.009310064063505541,-0.01103737849414832,-0.0008313861042393844
2022-01-21,105.55700149536132,1,800,0.0,84445.60119628906,62552.20111846925,146997.8023147583,-0.010042499843231911,-0.02001465123494439,-0.017352295593175082,-0.026500808673059262,-0.018914821867908604,-0.019730482452082865
2022-01-24,105.87270250320437,1,800,0.0,84698.16200256349,62552.20111846925,147250.36312103274,0.0017181264093570903,-0.01833091252644814,0.0029908106839973136,-0.023589256890775956,0.002771738943381896,-0.017013431255285094
2022-01-25,103.98599615097044,1,800,0.0,83188.79692077635,62552.20111846925,145740.9980392456,-0.010250331814438463,-0.028393346405029107,-0.017820517542534886,-0.04098940166707343,-0.012171906253646725,-0.02897825161863965
2022-01-26,104.18699588775635,0,400,-400.0,41674.79835510254,104226.99947357179,145901.79782867432,0.0011033257051349388,-0.02732134780883766,0.0019329500531408694,-0.03913568208006313,-0.0014966358477518371,-0.030431517576213873
2022-01-27,103.2865023612976,0,400,0.0,41314.600944519036,104226.99947357179,145541.60041809082,-0.0024687660874916917,-0.029722663879394373,-0.008643051071641317,-0.04744048145276292,-0.00538408875771057,-0.03565176034226225
2022-01-28,107.41399936676028,0,400,0.0,42965.59974670411,104226.99947357179,147192.5992202759,0.011343827451686161,-0.018716005198160524,0.03996163013657528,-0.009374650289504016,0.024347646888076113,-0.012172149925937847
2022-01-31,109.68450117111206,0,400,0.0,43873.800468444824,104226.99947357179,148100.7999420166,0.006170152076610647,-0.0126613337198892,0.021137857427682816,0.011565047116924854,0.018885951732779516,0.006483919170856334
2022-02-01,109.78099946975708,0,400,0.0,43912.39978790283,104226.99947357179,148139.3992614746,0.0002606287033770638,-0.012404004923502576,0.0008797806218261428,0.012455002443094942,0.00686300355780145,0.013391421888995891
2022-02-02,110.85300331115722,0,400,0.0,44341.20132446289,104226.99947357179,148568.20079803467,0.0028945813112364327,-0.00954532801310215,0.00976493060345529,0.022341555281072845,0.00942251544733641,0.022940118215943217
2022-02-03,108.14550275802613,0,400,0.0,43258.20110321045,104226.99947357179,147485.20057678223,-0.007289582935211536,-0.016765329488118375,-0.024424241763944976,-0.0026283620304395905,-0.024391082077444004,-0.0020104981677721012
2022-02-04,108.5615023612976,0,400,0.0,43424.60094451904,104226.99947357179,147651.60041809082,0.001128247720163289,-0.015655997212727812,0.003846665766603863,0.0012081933059195915,0.0051569298644233985,0.0031360636986075274
2022-02-07,108.1039969444275,0,400,0.0,43241.598777770996,104226.99947357179,147468.59825134277,-0.0012394187819830815,-0.016876011657714796,-0.004214250972204736,-0.003011149296099247,-0.0037017126347429485,-0.0005772577427519687
2022-02-08,108.98149948120115,0,400,0.0,43592.59979248046,104226.99947357179,147819.59926605225,0.00238017461935347,-0.0145360048929849,0.00811720714845321,0.005081615729762623,0.008401207191663262,0.007819099787011341
2022-02-09,111.46749868392943,0,400,0.0,44586.99947357178,104226.99947357179,148813.99894714355,0.006727116607193162,-0.007906673685709631,0.02281120387003943,0.028008737372202885,0.014517207887505545,0.022449819171618035
2022-02-10,108.67750205993651,0,400,0.0,43471.00082397461,104226.99947357179,147698.0002975464,-0.007499285399847011,-0.015346664683024036,-0.025029687190739502,0.0022780002464295457,-0.01811572566845976,0.003927398737738619
2022-02-11,106.13800010681152,0,400,0.0,42455.20004272461,104226.99947357179,146682.1995162964,-0.006877552703513978,-0.022118669891357357,-0.023367319868324188,-0.021142550382313052,-0.01896945434456343,-0.015116556217873223
2022-02-14,105.87399816513062,0,400,0.0,42349.599266052246,104226.99947357179,146576.59873962402,-0.0007199290508363987,-0.022822675069173126,-0.0024873461099250704,-0.02357730765179078,-0.0038405967262932217,-0.01889909634784326
2022-02-15,108.07900295257568,0,400,0.0,43231.60118103027,104226.99947357179,147458.60065460205,0.006017344668672431,-0.016942662302653066,0.020826688569991925,-0.003241656325581599,0.01576672117072042,-0.003430351959617828
2022-02-16,108.10649919509888,0,400,0.0,43242.59967803955,104226.99947357179,147469.59915161133,7.458701601970041e-05,-0.01686933898925791,0.0002544087359435121,-0.0029880722953262717,0.0008812077558950637,-0.0025521670564749854
2022-02-17,105.14200077056886,0,400,0.0,42056.80030822754,104226.99947357179,146283.79978179932,-0.008040975066277323,-0.024774668121337995,-0.027422018533594494,-0.03032815185505866,-0.021173138152195015,-0.02367126782299578
2022-02-18,104.19350109100344,0,400,0.0,41677.400436401374,104226.99947357179,145904.39990997317,-0.002593587754707416,-0.027304000600179013,-0.009021130210705608,-0.039075687858829755,-0.0071661613961429005,-0.030667797093467786
2022-02-22,103.37099866867064,1,800,400.0,82696.79893493651,62878.600006103545,145575.39894104004,-0.0022549077967226605,-0.029497340393066618,-0.007893989679974567,-0.0466612144621088,-0.010142945264832837,-0.04049968057098863
2022-02-23,101.24250078201294,1,800,0.0,80994.00062561035,62878.600006103545,143872.6006317139,-0.011697019700531941,-0.04084932912190753,-0.02059086120934228,-0.06629128108060245,-0.018412122845487655,-0.05816611832260021
2022-02-24,104.0659996986389,1,800,0.0,83252.79975891112,62878.600006103545,146131.39976501465,0.01569999515809717,-0.025790668233235836,0.027888474650634043,-0.04025156914194283,0.014956856067329216,-0.044079244515017324
2022-02-25,105.73450374603271,0,400,-400.0,42293.801498413086,105172.40150451663,147466.20300292972,0.009134267105231908,-0.016891979980468763,0.01603313332140721,-0.024863794594984223,0.022372677655603468,-0.022692737588250855
2022-02-28,105.45550413131714,0,400,0.0,42182.201652526855,105172.40150451663,147354.6031570435,-0.000756782527885469,-0.017635978953043585,-0.0026386808925278338,-0.02743686786779853,-0.002442603440647617,-0.025079911669987687
2022-03-01,104.12550354003906,0,400,0.0,41650.201416015625,105172.40150451663,146822.60292053226,-0.0036103401258815726,-0.021182647196451798,-0.012611959918392812,-0.03970279510835639,-0.015473503680411893,-0.04016534124486959
2022-03-02,106.39119672775269,0,400,0.0,42556.478691101074,105172.40150451663,147728.8801956177,0.006172600519662286,-0.01514079869588214,0.02175925311940885,-0.018807445157258296,0.018642691757321028,-0.022271439563704254
2022-03-03,105.50549907684326,0,400,0.0,42202.199630737305,105172.40150451663,147374.60113525394,-0.002398170621036644,-0.017502659098307283,-0.008324914825197927,-0.02697578960344249,-0.005254666430088317,-0.027409077007967464
2022-03-04,104.48450002670288,0,400,0.0,41793.80001068115,105172.40150451663,146966.20151519778,-0.002771166923677293,-0.02022532323201498,-0.009677211700565125,-0.03639195087722524,-0.007934042550334475,-0.03512565477505536
2022-03-07,101.47350234985352,0,400,0.0,40589.400939941406,105172.40150451663,145761.80244445804,-0.008195075182746647,-0.028254650370279966,-0.028817649278886748,-0.06416086967915768,-0.029518158313449172,-0.06360696844999092
2022-03-08,101.1975043296814,0,400,0.0,40479.00173187256,105172.40150451663,145651.4032363892,-0.0007573946412395838,-0.02899064509073901,-0.0027199023762928265,-0.06670626075354513,-0.00723375351819977,-0.07038060483638353
2022-03-09,104.08450002670288,0,400,0.0,41633.80001068115,105172.40150451663,146806.20151519778,0.007928507746227442,-0.02129198989868164,0.028528328995310215,-0.04008094991105904,0.02569824789143582,-0.04649101517478227
2022-03-10,102.63199911117556,0,400,0.0,41052.79964447022,105172.40150451663,146225.20114898685,-0.003957600974716202,-0.025165325673421224,-0.013955016502502193,-0.053476636096116414,-0.004291813651667864,-0.05058329805284312
2022-03-11,101.08599910736083,0,400,0.0,40434.399642944336,105172.40150451663,145606.80114746097,-0.004229093184120791,-0.02928799235026036,-0.015063528112124414,-0.0677346173970651,-0.012961545123475138,-0.0628892054761121
2022-03-14,99.3575005531311,0,400,0.0,39743.00022125244,105172.40150451663,144915.40172576907,-0.004748400598346247,-0.03389732182820626,-0.017099287433405497,-0.08367569113840645,-0.007421002465963666,-0.069843506993155
2022-03-15,101.79549903869628,0,400,0.0,40718.19961547851,105172.40150451663,145890.60111999515,0.006729439263270853,-0.027395992533365887,0.024537639050828064,-0.06119125599406117,0.021408574170870942,-0.04993018272210081
2022-03-16,104.49850044250488,0,400,0.0,41799.40017700195,105172.40150451663,146971.80168151858,0.007411036442533714,-0.020187988789876377,0.026553250677430196,-0.036262832076308094,0.02238376135718223,-0.028664046659490627
2022-03-17,105.52500400543212,0,400,0.0,42210.00160217285,105172.40150451663,147382.40310668948,0.0027937428845068446,-0.0174506459554038,0.009823141562610438,-0.026795905446644452,0.01234781757145198,-0.016670167507049638
2022-03-18,107.19500408172608,0,400,0.0,42878.00163269043,105172.40150451663,148050.40313720706,0.004532427321286114,-0.01299731241862001,0.015825633858379096,-0.011394333776767684,0.011662294827948783,-0.005202285087399394
2022-03-21,106.92950344085692,0,400,0.0,42771.801376342766,105172.40150451663,147944.2028808594,-0.0007173250061955905,-0.01370531412760434,-0.0024768005108404267,-0.013842912795889117,-0.00043466036210393355,-0.005634684222383446
2022-03-22,108.08750276565551,0,400,0.0,43235.00110626221,105172.40150451663,148407.40261077884,0.003130908280958078,-0.010617315928141524,0.010829558611380685,-0.00316326681998369,0.0113041136006502,0.005605734267713158
2022-03-23,106.8045023918152,0,400,0.0,42721.80095672608,105172.40150451663,147894.2024612427,-0.0034580495346453466,-0.014038650258382357,-0.011870015876136786,-0.014995734668746818,-0.012272698789159042,-0.006735762009605573
2022-03-24,109.13449811935423,0,400,0.0,43653.79924774169,105172.40150451663,148826.20075225833,0.006301790573973731,-0.007825328318278202,0.021815519714621923,0.006492645300573807,0.01434391292056647,0.007511533727241559
2022-03-25,109.37650117874144,0,400,0.0,43750.600471496575,105172.40150451663,148923.0019760132,0.0006504313304080966,-0.0071799868265790545,0.0022174753497516964,0.008724517931234299,0.005066170567449069,0.01261575900577605
2022-03-28,110.60400247573853,0,400,0.0,44241.60099029541,105172.40150451663,149414.00249481204,0.0032970092751549718,-0.003906650034586789,0.011222714968648795,0.020045145677864307,0.007144955276586762,0.01985085331623937
2022-03-29,113.02699909210206,0,400,0.0,45210.79963684082,105172.40150451663,150383.20114135745,0.0064866654420763226,0.0025546742757158736,0.02190695238985607,0.042391226119733005,0.012256547427530462,0.032350703668917236
2022-03-30,111.65650396347046,0,400,0.0,44662.60158538818,105172.40150451663,149835.0030899048,-0.003645341017427528,-0.0010999794006351094,-0.012125378357739414,0.029751838106243378,-0.0062937001746978805,0.025853397864886718
2022-03-31,109.89399728775024,0,400,0.0,43957.5989151001,105172.40150451663,149130.00041961673,-0.004705193417756104,-0.00579999720255564,-0.01578507846078392,0.013497124546599792,-0.015652540713177343,0.009796185789055167
2022-04-01,110.31650314331054,0,400,0.0,44126.60125732422,105172.40150451663,149299.00276184085,0.0011332551582416972,-0.004673314921061489,0.0038446672792691317,0.01739368377897743,0.0034102225843584133,0.013239815547432032
2022-04-04,111.6365005493164,0,400,0.0,44654.600219726555,105172.40150451663,149827.0017242432,0.0035365203560306924,-0.0011533218383792398,0.011965547931582554,0.02956735666752408,0.008090938687879357,0.021437876771144504
2022-04-05,109.6810037612915,0,400,0.0,43872.4015045166,105172.40150451663,149044.80300903323,-0.005220679224760771,-0.006367979939778889,-0.017516643556567124,0.01153279226330195,-0.012551720801807331,0.008617073725522229
2022-04-06,108.0840006828308,0,400,0.0,43233.600273132324,105172.40150451663,148406.00177764895,-0.004285967833078774,-0.010626654815674041,-0.01456043456655809,-0.0031955647703756362,-0.009716916613271898,-0.0011835742745910371
2022-04-07,108.07700328826904,0,400,0.0,43230.80131530762,105172.40150451663,148403.20281982425,-1.8860139018528344e-05,-0.010645314534505457,-6.474033638237398e-05,-0.003260098224819874,0.004253385628492534,0.003064777156091658
2022-04-08,106.94250116348266,0,400,0.0,42777.00046539307,105172.40150451663,147949.4019699097,-0.003057891213207209,-0.013670653533935817,-0.010497164894185396,-0.013723041330368058,-0.002651026482054286,0.0004056258686349068
2022-04-11,104.43950414657591,1,800,400.0,83551.60331726073,63396.59984588626,146948.20316314697,-0.006767170353053187,-0.020345312245687253,-0.023405072722961884,-0.036806925273012436,-0.01687729010355421,-0.016478510100377708
2022-04-12,104.27700214385986,1,800,0.0,83421.60171508789,63396.59984588626,146818.20156097415,-0.0008846763646949141,-0.02121198959350612,-0.0015559438360410738,-0.038305599600551354,-0.003417447717741773,-0.019839643371385107
2022-04-13,105.82049589157106,1,800,0.0,84656.39671325685,63396.59984588626,148052.99655914312,0.00841036727763056,-0.01298002293904621,0.014801861541644756,-0.024070732240463633,0.011174577597236057,-0.008886765408504083
2022-04-14,103.9464991569519,1,800,0.0,83157.19932556152,63396.59984588626,146553.79917144778,-0.010126086080915364,-0.022974672190348544,-0.017709203862920297,-0.041353662599007746,-0.01214413784439794,-0.02092298114879032
2022-04-18,104.17499713897703,1,800,0.0,83339.99771118163,63396.59984588626,146736.59755706787,0.001247312499939035,-0.021756016286214486,0.002198226817433424,-0.03924634051169851,-0.0002048682840329885,-0.021123562977578447
2022-04-19,105.91900329589843,1,800,0.0,84735.20263671875,63396.59984588626,148131.802482605,0.00950822731864509,-0.012454650115966914,0.016741120276631882,-0.02316224794199062,0.016057604355527166,-0.0054051524389242545
2022-04-20,106.23000268936156,0,400,-400.0,42492.00107574462,105888.60092163089,148380.60199737552,0.0016795820384332139,-0.010795986684163483,0.0029362001509238844,-0.020294056786969716,-0.0006184750715809706,-0.006020284558463707
2022-04-21,104.86799898147584,0,400,0.0,41947.19959259033,105888.60092163089,147835.80051422122,-0.0036716489609870395,-0.014427996571858781,-0.012821271518447586,-0.032855132693140776,-0.014752948498371943,-0.02068441610879912
2022-04-22,102.0590006828308,1,800,400.0,81647.20054626463,65065.000648498564,146712.20119476318,-0.007600319513607623,-0.021918658701579052,-0.026786038886288166,-0.05876111271749629,-0.027740054250753654,-0.047850683534549576
2022-04-25,103.0164973258972,1,800,0.0,82413.19786071776,65065.000648498564,147478.1985092163,0.005221088009144115,-0.016812009938558248,0.009381795203365018,-0.04993060223956869,0.005697936985382235,-0.04242539672865464
2022-04-26,99.85950450897218,1,800,0.0,79887.60360717775,65065.000648498564,144952.60425567633,-0.017125204125558624,-0.03364930496215812,-0.03064550726217896,-0.07904596086821003,-0.028146308431003852,-0.06937758685802609
2022-04-27,100.6010001182556,1,800,0.0,80480.80009460448,65065.000648498564,145545.80074310303,0.004092347912427963,-0.029694661712646675,0.007425388428767832,-0.07220751940261383,0.0020980468517017847,-0.06742509743401048
2022-04-28,103.86400318145752,0,400,-400.0,41545.60127258301,106610.60192108157,148156.20319366458,0.017935264619341806,-0.012291978708902973,0.03243509566869407,-0.04211448153374264,0.02474690007293945,-0.0443467595096787
2022-04-29,99.50499858856202,0,400,0.0,39801.999435424805,106610.60192108157,146412.60135650638,-0.011768672519766321,-0.023915990956624222,-0.04196838615280429,-0.08231539086291373,-0.036284507106413955,-0.07902216630551728
2022-05-02,100.0635033607483,0,400,0.0,40025.40134429932,106610.60192108157,146636.0032653809,0.0015258379866534,-0.022426644897460934,0.005612831316099243,-0.07716458195044684,0.005675242812353654,-0.07379539347450559
2022-05-03,100.2715033531189,1,800,400.0,80217.20268249512,66502.00057983401,146719.20326232913,0.000567391330202005,-0.02187197825113929,0.0020786798921152982,-0.0752463025232154,0.004837126381486367,-0.06931522473762697
2022-05-04,103.21299724578856,0,400,-400.0,41285.19889831542,107787.19947814944,149072.39837646487,0.016038766990359887,-0.006184010823567676,0.02933529262357637,-0.04811838220299969,0.02986242108440229,-0.04152272408189972
2022-05-05,98.91400270462036,0,400,0.0,39565.601081848145,107787.19947814944,147352.8005599976,-0.011535319986766712,-0.017647996266682897,-0.0416516781402122,-0.08776584897506479,-0.035649708609806985,-0.07569215967750154
2022-05-06,97.9925030708313,0,400,0.0,39197.00122833252,107787.19947814944,146984.20070648196,-0.0025014784389221223,-0.02010532862345371,-0.00931616968874327,-0.09626437712187974,-0.0056742248424840325,-0.08093689018716221
2022-05-09,93.75340242385865,1,800,400.0,75002.72193908691,70285.83850860599,145288.5604476929,-0.011536207637548368,-0.03140959701538082,-0.04325943836650992,-0.13535947259939518,-0.03203710063235676,-0.11038100752372282
2022-05-10,94.575501537323,1,800,0.0,75660.4012298584,70285.83850860599,145946.23973846438,0.0045267107661119965,-0.02702506841023755,0.008768738970641898,-0.12777766551118108,0.0024578974498534745,-0.10819441527077411
2022-05-11,92.4160012245178,1,800,0.0,73932.80097961424,70285.83850860599,144218.63948822021,-0.011837237145266855,-0.03854240341186532,-0.022833612063405062,-0.14769365192993633,-0.01646320750393837,-0.12287639566534247
2022-05-12,91.7805030822754,1,800,0.0,73424.40246582033,70285.83850860599,143710.24097442633,-0.0035251928294290913,-0.04193172683715796,-0.0068764946959618545,-0.1535545320117747,-0.0012959645058717717,-0.12401311672382254
2022-05-13,94.5579997062683,1,800,0.0,75646.39976501465,70285.83850860599,145932.23827362063,0.01546164896898139,-0.027118411509195917,0.03026238177734819,-0.1279390761058089,0.02386969542307149,-0.10310357662541447
2022-05-16,93.87250175476076,0,400,-400.0,37549.000701904304,107834.83921051028,145383.83991241458,-0.00375789727954301,-0.030774400583903017,-0.007249497172496788,-0.13426107930782483,-0.003946400929555671,-0.1066430895043351
2022-05-17,96.01249828338624,0,400,0.0,38404.99931335449,107834.83921051028,146239.83852386478,0.005887852542386218,-0.025067743174235102,0.02279684133928961,-0.11452496649155752,0.020169632234863677,-0.08862440916516356
2022-05-18,92.14200019836426,0,400,0.0,36856.8000793457,107834.83921051028,144691.639289856,-0.01058671323516358,-0.03538907140096037,-0.04031244009085133,-0.15022062573181116,-0.04039526078745259,-0.12543966383225547
2022-05-19,91.44550170898438,0,400,0.0,36578.20068359375,107834.83921051028,144413.03989410403,-0.0019254698966665318,-0.037246400705973404,-0.007558968634069685,-0.15664408136778374,-0.005833781800992588,-0.13054165800526085
2022-05-20,91.67949800491334,1,800,400.0,73343.59840393068,71163.04000854495,144506.63841247564,0.0006481306566239464,-0.03662241058349591,0.0025588606498505584,-0.15448605109377722,0.00014614176965843662,-0.13041459382451748
2022-05-23,93.4535044670105,1,800,0.0,74762.8035736084,71163.04000854495,145925.84358215335,0.009821037879427896,-0.027161042785644463,0.019350089176994434,-0.1381252807820491,0.018555039930923556,-0.11427940188958297
2022-05-24,92.643000125885,0,400,-400.0,37057.200050354,108220.24005889895,145277.44010925296,-0.004443376560200218,-0.031483732604980386,-0.008672808427549361,-0.14560015511037427,-0.008120797617175213,-0.12147215961220104
2022-05-25,93.58149747848512,0,400,0.0,37432.59899139405,108220.24005889895,145652.839050293,0.002584014013171876,-0.028981072998046753,0.010130256482679512,-0.13694486554288077,0.009450764734207695,-0.11316939968024442
2022-05-26,95.20750036239625,0,400,0.0,38083.000144958496,108220.24005889895,146303.24020385745,0.0044654203639646894,-0.02464506530761712,0.017375260363673428,-0.12194905787348309,0.019883256167224195,-0.09553631967715348
2022-05-27,98.01850280761718,0,400,0.0,39207.401123046875,108220.24005889895,147427.64118194583,0.007685414051812112,-0.017149058787027993,0.029525010472086555,-0.09602459461217216,0.02474226295510973,-0.07315784146525928
2022-05-31,97.38499908447264,0,400,0.0,38953.999633789055,108220.24005889895,147174.23969268802,-0.0017188193965952392,-0.01883840204874676,-0.006463103444743767,-0.10186708116869791,-0.006274368617659065,-0.07897319081829302
2022-06-01,97.06299962997436,0,400,0.0,38825.199851989746,108220.24005889895,147045.4399108887,-0.0008751516710279184,-0.019697067260742274,-0.0033064584640902783,-0.10483672036004577,-0.007482768681131846,-0.08586502138052066
2022-06-02,99.01199913024902,0,400,0.0,39604.79965209961,108220.24005889895,147825.03971099856,0.005301761146638162,-0.014499735260009805,0.020079736951306826,-0.08686207717640637,0.018431018038486124,-0.06901658309997394
2022-06-03,96.9890030860901,0,400,0.0,38795.601234436035,108220.24005889895,147015.841293335,-0.005474028075660109,-0.01989439137776694,-0.020431827070754416,-0.1055191533072859,-0.016347313992415624,-0.0842356613377706
2022-06-06,96.67999963760376,0,400,0.0,38671.999855041504,108220.24005889895,146892.23991394046,-0.0008407351092724058,-0.020718400573730422,-0.0031859637552110742,-0.10836893686457938,0.003137400778913113,-0.08136254158835088
2022-06-07,98.01399812698364,0,400,0.0,39205.59925079346,108220.24005889895,147425.8393096924,0.003632590775827005,-0.017161071268717465,0.013798081241003901,-0.0960661390184342,0.009523393173235029,-0.07261399588823536
2022-06-08,96.57400398254394,0,400,0.0,38629.60159301758,108220.24005889895,146849.84165191653,-0.003907033261421056,-0.02100105565388999,-0.014691719264161462,-0.10934648153734494,-0.010793945785935621,-0.08262415013925317
2022-06-09,94.1180006980896,0,400,0.0,37647.20027923584,108220.24005889895,145867.4403381348,-0.0066898357038093215,-0.027550397745768285,-0.025431308459554658,-0.13199696589595633,-0.02379869397635359,-0.1044564972513864
2022-06-10,91.21049728393557,0,400,0.0,36484.198913574226,108220.24005889895,144704.43897247317,-0.007973001808804447,-0.035303740183512455,-0.030892107700849714,-0.15881140911016278,-0.029110303335524668,-0.1305260402665568
2022-06-13,86.96639909744262,1,800,400.0,69573.1192779541,73433.6804199219,143006.799697876,-0.01173177054312835,-0.046621335347493575,-0.04653080854587599,-0.19795259438383295,-0.038768430665237275,-0.16423418118971211
2022-06-14,87.11349954605102,1,800,0.0,69690.79963684082,73433.6804199219,143124.48005676272,0.0008229004434427978,-0.04583679962158216,0.001691463026353146,-0.19659596085185072,-0.0037736797459957394,-0.16738809373255203
2022-06-15,88.79349851608276,1,800,0.0,71034.79881286621,73433.6804199219,144468.47923278812,0.009390421369512403,-0.036876805114746336,0.01928517369622651,-0.18110217440862875,0.014592504858983224,-0.15523820044469705
2022-06-16,85.83999910354615,1,800,0.0,68671.99928283691,73433.6804199219,142105.67970275882,-0.01635512149485574,-0.05262880198160824,-0.033262563835140035,-0.20834081560681905,-0.03251195148816344,-0.18270305509089269
2022-06-17,86.33950147628784,1,800,0.0,69071.60118103027,73433.6804199219,142505.28160095218,0.002812005114990468,-0.04996478932698589,0.0058189932194565586,-0.20373415618071467,0.002200865698254617,-0.1809042942795539
2022-06-21,87.98549957275391,1,800,0.0,70388.39965820312,73433.6804199219,143822.08007812503,0.009240348584834912,-0.041186132812500165,0.019064252958631345,-0.1885539427118258,0.024477242280086964,-0.16085509024005573
2022-06-22,87.78749942779541,1,800,0.0,70229.99954223633,73433.6804199219,143663.67996215823,-0.0011013615981687597,-0.04224213358561213,-0.0022503724581887097,-0.19037999857045296,-0.0013015723144006452,-0.1619472980223695
2022-06-23,89.07700366973877,0,400,-400.0,35630.80146789551,109064.48188781741,144695.28335571292,0.00718068334200006,-0.03536477762858081,0.014688927812597896,-0.1784875488138189,0.009532217409177868,-0.15395879746676977
2022-06-24,91.75199766159058,0,400,0.0,36700.79906463623,109064.48188781741,145765.28095245364,0.007394833970574499,-0.028231460316975987,0.030030129906138292,-0.15381742318518776,0.03056329358583576,-0.12810099180803314
2022-06-27,91.37450094223024,0,400,0.0,36549.8003768921,109064.48188781741,145614.2822647095,-0.0010359029719387847,-0.029238118235270227,-0.004114316080099489,-0.15729888576767692,-0.0029730715337762392,-0.13069320992961642
2022-06-28,89.30200061798097,0,400,0.0,35720.80024719238,109064.48188781741,144785.2821350098,-0.005693123756862595,-0.03476478576660169,-0.0226813859761551,-0.1764125150021162,-0.020143036075892073,-0.14820368796302208
2022-06-29,89.39799766540527,0,400,0.0,35759.19906616211,109064.48188781741,144823.68095397952,0.00026521217076425074,-0.034508793640136703,0.0010749708490289667,-0.17552718246411836,-0.0007117454091590814,-0.14880995007765307
2022-06-30,88.22850093841554,0,400,0.0,35291.40037536621,109064.48188781741,144355.88226318362,-0.0032301256791321675,-0.037627451578776006,-0.013081911871973606,-0.18631286320396057,-0.008759278267998716,-0.15626576058387465
2022-07-01,88.73450231552124,0,400,0.0,35493.800926208496,109064.48188781741,144558.2828140259,0.0014020942386905322,-0.03627811457316066,0.005735123817403487,-0.18164626672580675,0.010553814029047315,-0.14736114633113717
2022-07-05,89.20799703598023,0,400,0.0,35683.19881439209,109064.48188781741,144747.6807022095,0.0013101835778392967,-0.03501546198527006,0.005336083576322315,-0.17727946281006024,0.0015841285142366157,-0.14601045681069436
2022-07-06,89.72899799346924,0,400,0.0,35891.599197387695,109064.48188781741,144956.0810852051,0.0014397493761875158,-0.0336261260986328,0.005840294309924721,-0.17247453273805158,0.0035731642904301975,-0.14295901187056959
2022-07-07,91.24249963760376,0,400,0.0,36496.999855041504,109064.48188781741,145561.48174285892,0.004176441947943976,-0.029590121714273998,0.01686747515273357,-0.15851626748075642,0.014964587965241805,-0.130133746613889
2022-07-08,91.27249774932862,0,400,0.0,36508.999099731445,109064.48188781741,145573.48098754886,8.243420269060664e-05,-0.02951012674967446,0.0003287734536427944,-0.15823960996783182,-0.000830271529819071,-0.1308559717988259
2022-07-11,90.18399686813356,0,400,0.0,36073.598747253425,109064.48188781741,145138.08063507083,-0.002990931792826057,-0.0324127957661946,-0.011925836457160721,-0.16827830671547128,-0.011527461422777274,-0.14087499605475218
2022-07-12,88.94300060272217,0,400,0.0,35577.20024108887,109064.48188781741,144641.68212890628,-0.0034201810027560953,-0.03572211914062495,-0.01376071485527497,-0.17972339177570618,-0.009243878717321574,-0.1488166433942405
2022-07-13,88.75800151824951,0,400,0.0,35503.200607299805,109064.48188781741,144567.68249511722,-0.0005116065625060395,-0.036215450032552,-0.0020799735023442345,-0.18142954538540546,-0.0044569025122100925,-0.1526102846346481
2022-07-14,89.29849853515624,0,400,0.0,35719.3994140625,109064.48188781741,144783.8813018799,0.0014954850422397303,-0.034774124654133876,0.006089558210654378,-0.17644481295250802,-0.00299863390215227,-0.15515129616347778
2022-07-15,90.83100156784056,0,400,0.0,36332.40062713622,109064.48188781741,145396.88251495364,0.00423390509745758,-0.030687449900309027,0.017161576709836535,-0.16231130743520872,0.01920124935943668,-0.13892914553011582
2022-07-18,90.19250221252442,0,400,0.0,36077.000885009766,109064.48188781741,145141.48277282718,-0.0017565695887612476,-0.03239011484781873,-0.007029531154506219,-0.16819986619737048,-0.008363571580831342,-0.14613077325764234
2022-07-19,92.64300403594972,0,400,0.0,37057.20161437988,109064.48188781741,146121.6835021973,0.006753415430544418,-0.025855443318684723,0.027169684433979713,-0.14560011904981096,0.02762829164595959,-0.12253982523369444
2022-07-20,93.7155037879944,0,400,0.0,37486.201515197754,109064.48188781741,146550.68340301517,0.002935908556045419,-0.022995443979898944,0.011576694465007753,-0.13570899267711167,0.005895806193263242,-0.11736649010096545
2022-07-21,94.68700008392334,0,400,0.0,37874.800033569336,109064.48188781741,146939.28192138675,0.002651632250004088,-0.020404787190755114,0.010366441588220976,-0.12674937043447432,0.00986137270919718,-0.10866251209422417
2022-07-22,93.80100049972536,0,400,0.0,37520.400199890144,109064.48188781741,146584.88208770755,-0.0024118794446593705,-0.022767452748616468,-0.00935714072061311,-0.13492049945968299,-0.00933246697634671,-0.11698088976488463
2022-07-25,93.42250261306762,0,400,0.0,37369.00104522705,109064.48188781741,146433.48293304446,-0.0010328428996688732,-0.023776780446370438,-0.004035115666584432,-0.13841119530515422,0.0013151670479691902,-0.11581957212837635
2022-07-26,92.32449922561644,0,400,0.0,36929.799690246575,109064.48188781741,145994.281578064,-0.0029993232844245377,-0.026704789479573554,-0.01175309327773888,-0.14853752889378824,-0.01154320266205866,-0.1260258459971242
2022-07-27,95.54700164794922,0,400,0.0,38218.80065917969,109064.48188781741,147283.2825469971,0.008829119572357103,-0.01811144968668621,0.034904087748776735,-0.11881800808750675,0.026156273782937722,-0.10316593874581359
2022-07-28,97.261496925354,0,400,0.0,38904.5987701416,109064.48188781741,147969.080657959,0.004656320113880508,-0.013539462280273362,0.017943998742335987,-0.1030060795328599,0.012133338697180918,-0.09228434732544821
2022-07-29,98.53950090408324,0,400,0.0,39415.80036163329,109064.48188781741,148480.2822494507,0.0034547865622911456,-0.010131451670328806,0.013139875686985159,-0.09121969092594018,0.014207760082581844,-0.07938774110904401
2022-08-01,98.00350275039672,0,400,0.0,39201.40110015869,109064.48188781741,148265.8829879761,-0.0014439577984800556,-0.011560780080159594,-0.0054394242792872305,-0.09616293260365583,-0.0028230841271976725,-0.08198670696442267
2022-08-02,97.18049983978273,0,400,0.0,38872.19993591309,109064.48188781741,147936.6818237305,-0.002220343329235819,-0.013755454508463716,-0.008397688730678143,-0.1037530749588993,-0.006662395550704803,-0.0881028746434308
2022-08-03,99.0520022392273,0,400,0.0,39620.800895690925,109064.48188781741,148685.28278350833,0.005060279509782495,-0.008764781443278191,0.019258003432067516,-0.08649314860047785,0.015638477163140152,-0.07384219227340894
2022-08-04,99.30800104141235,0,400,0.0,39723.20041656494,109064.48188781741,148787.68230438235,0.0006886997755057855,-0.00808211797078473,0.002584488918929262,-0.08413220026566981,-0.0007773401640558397,-0.07456213193560868
2022-08-05,99.1610016822815,0,400,0.0,39664.4006729126,109064.48188781741,148728.88256073,-0.0003951922816570752,-0.00847411626180028,-0.0014802368146505929,-0.08548790150018959,-0.0016257460597355333,-0.07606665890314446
2022-08-08,98.90250225067138,0,400,0.0,39561.00090026855,109064.48188781741,148625.48278808597,-0.0006952232200213571,-0.009163448079427261,-0.002606865876954023,-0.08787191188383037,-0.0012375507238541195,-0.07721007327821183
2022-08-09,98.41349964141844,0,400,0.0,39365.399856567376,109064.48188781741,148429.8817443848,-0.0013160666665760212,-0.01046745503743507,-0.0049442895591614855,-0.0923817372665211,-0.004248692893594086,-0.08113072428215495
2022-08-10,100.80650081634522,0,400,0.0,40322.600326538086,109064.48188781741,149387.0822143555,0.006448839402965589,-0.004086118570963637,0.024315781713341922,-0.07031228971085124,0.021290637641290244,-0.061567411493131496
2022-08-11,100.57199878692629,0,400,0.0,40228.799514770515,109064.48188781741,149293.28140258792,-0.00062790443709837,-0.004711457316080803,-0.00232625899639316,-0.07247498411074749,-0.0007054739583503,-0.06222945124599033
2022-08-12,102.4000002861023,0,400,0.0,40960.00011444092,109064.48188781741,150024.48200225833,0.00489774618657246,0.00016321334838864665,0.018176048216450802,-0.055616244699980166,0.017322368774566943,-0.04598504397454539
2022-08-15,102.8139980316162,0,400,0.0,41125.59921264648,109064.48188781741,150190.0811004639,0.0011038138308858692,0.001267207336425935,0.004042946722238261,-0.05179815149195488,0.0039695418998517695,-0.04219804163351715
2022-08-16,102.50799684524536,0,400,0.0,41003.198738098145,109064.48188781741,150067.68062591556,-0.0008149704271513958,0.0004512041727702254,-0.0029762599668260448,-0.054620246694139785,0.0018756797165810912,-0.04040151192770747
2022-08-17,101.98000364303589,0,400,0.0,40792.001457214355,109064.48188781741,149856.48334503177,-0.0014073468717774595,-0.0009567776997883026,-0.005150751340957105,-0.059489662726193604,-0.007237794954094601,-0.04734688902263395
2022-08-18,102.13450241088869,0,400,0.0,40853.800964355476,109064.48188781741,149918.28285217288,0.0004123912810554131,-0.0005447809855141372,0.0015149908053895267,-0.05806479821284993,0.002269561170191503,-0.04518478451329755
2022-08-19,100.52100000381468,0,400,0.0,40208.40000152587,109064.48188781741,149272.8818893433,-0.004305018377685044,-0.004847454071044699,-0.015797819238232202,-0.07294532026481115,-0.012900001139847905,-0.057501901881420125
2022-08-22,98.1154984474182,0,400,0.0,39246.199378967285,109064.48188781741,148310.6812667847,-0.006445917104165533,-0.011262124888102076,-0.023930338499469683,-0.09513005255839169,-0.0214000649197158,-0.0776714223678664
2022-08-23,97.63000221252442,0,400,0.0,39052.000885009766,109064.48188781741,148116.48277282718,-0.0013094032897617014,-0.012556781514485582,-0.004948211470932606,-0.09960754041202446,-0.0022378626777133093,-0.07973546706833778
2022-08-24,97.88500137329102,1,800,400.0,78308.00109863281,69910.481338501,148218.48243713382,0.0006886449259200234,-0.011876783752441389,0.002611893424026679,-0.09725581126778338,0.0029161604463010526,-0.07705182803726873
2022-08-25,99.31799774169922,1,800,0.0,79454.39819335938,69910.481338501,149364.87953186038,0.007734508381657568,-0.004234136454264181,0.014639590829072624,-0.08404000572142056,0.014091605518061545,-0.06404600648435388
2022-08-26,95.70470275878908,1,800,0.0,76563.76220703126,69910.481338501,146474.24354553228,-0.01935284917972635,-0.023505043029784733,-0.036381069544992206,-0.11736360997370021,-0.03368805871951874,-0.09557647957667703
2022-08-29,94.59499998092652,1,800,0.0,75675.99998474121,69910.481338501,145586.48132324222,-0.0060608759656376465,-0.029423457845051848,-0.011595070522912754,-0.12759784116214423,-0.006666355799502699,-0.10160568855725771
2022-08-30,93.36799745559692,1,800,0.0,74694.39796447754,69910.481338501,144604.87930297854,-0.006742398135746175,-0.03596747131347633,-0.012971113965611236,-0.1389138689882753,-0.011028155571448206,-0.11151332078835241
2022-08-31,92.56649656295777,1,800,0.0,74053.19725036621,69910.481338501,143963.67858886722,-0.004434156836214842,-0.04024214274088511,-0.00858432133580167,-0.1463057090346821,-0.007817025105971265,-0.11845864346607093
2022-09-01,92.26500387191771,1,800,0.0,73812.00309753417,69910.481338501,143722.48443603516,-0.0016753819796510028,-0.0418501037597655,-0.003257039017729224,-0.14908622464956878,0.0029962320243361873,-0.11581734102284724
2022-09-02,91.2340033531189,1,800,0.0,72987.20268249512,69910.481338501,142897.68402099612,-0.0057388405041530755,-0.04734877319335906,-0.011174339950497991,-0.15859462444389616,-0.010736500458081055,-0.12531036854598276
2022-09-06,91.00250015258788,1,800,0.0,72802.00012207031,69910.481338501,142712.48146057132,-0.0012960501193118867,-0.04858345692952437,-0.0025374662080209776,-0.160729662151617,-0.004095056983834944,-0.1288922724299566
2022-09-07,92.34900093078612,1,800,0.0,73879.20074462889,69910.481338501,143789.68208312988,0.007548047735797869,-0.041402119445800634,0.014796305331617132,-0.14831156197704287,0.018341016392734,-0.11291527131875723
2022-09-08,92.5774959564209,1,800,0.0,74061.99676513672,69910.481338501,143972.47810363772,0.0012712735563471522,-0.040183479309081616,0.0024742555234142927,-0.14620426715503643,0.006610721877456038,-0.10705100089570696
2022-09-09,94.30049934387208,0,400,-400.0,37720.19973754883,107630.68107604983,145350.88081359866,0.009574070878801688,-0.030994127909341973,0.01861147106703176,-0.13031387257603722,0.015271449816332883,-0.09341437506734107
2022-09-12,95.62899761199952,0,400,0.0,38251.59904479981,107630.68107604983,145882.28012084964,0.003655975830875402,-0.027451465861002222,0.01408792400221559,-0.11806180050710724,0.0105842727693497,-0.08381882552428244
2022-09-13,91.1089997291565,0,400,0.0,36443.5998916626,107630.68107604983,144074.28096771243,-0.01239354876849641,-0.039504793548583605,-0.047265975757502465,-0.15974747006395373,-0.0432366134006168,-0.12343139677001214
2022-09-14,91.04999780654909,0,400,0.0,36419.999122619636,107630.68107604983,144050.68019866946,-0.00016380972984519904,-0.03966213200887003,-0.0006475970846218093,-0.16029161515268642,0.0033870120853238816,-0.12046244831725672
2022-09-15,89.00049562454224,1,800,400.0,71200.39649963379,72030.48282623294,143230.87932586673,-0.005691058672351201,-0.04512747116088822,-0.022509634611538987,-0.17919314407584497,-0.011317739184353415,-0.1304168249300468
2022-09-16,88.61000356674194,1,800,0.0,70888.00285339355,72030.48282623294,142918.4856796265,-0.0021810495593586054,-0.04721009546915644,-0.004387526777914097,-0.18279445613570766,-0.007182134089448455,-0.13666228789532753
2022-09-19,88.84550180435181,1,800,0.0,71076.40144348145,72030.48282623294,143106.88426971438,0.0013182240855127425,-0.045954104868570544,0.0026576935800763923,-0.18062257420817673,0.006857100716286535,-0.13074229425125738
2022-09-20,87.92999610900878,1,800,0.0,70343.99688720703,72030.48282623294,142374.47971343997,-0.005117884859361821,-0.050836801910399965,-0.010304468732239003,-0.18906582327215105,-0.011272103097361819,-0.14054065672863336
2022-09-21,86.67549962997435,1,800,0.0,69340.39970397948,72030.48282623294,141370.8825302124,-0.007048996317651324,-0.05752744979858371,-0.014266991181020927,-0.2006354140199157,-0.017116493600784488,-0.15525158707787212
2022-09-22,85.89849767684937,1,800,0.0,68718.79814147949,72030.48282623294,140749.28096771243,-0.004396956087241888,-0.06167146021525016,-0.008964493500955517,-0.20780131265582813,-0.00842758097968943,-0.16237077273523748
2022-09-23,84.74149961471558,1,800,0.0,67793.19969177246,72030.48282623294,139823.6825180054,-0.006576221514903224,-0.06784211654663042,-0.013469363183584715,-0.2184717244892258,-0.017232619015461026,-0.17680531808490618
2022-09-26,83.5624997138977,1,800,0.0,66849.99977111815,72030.48282623294,138880.48259735107,-0.006745637818063255,-0.07413011601765929,-0.013912898711709198,-0.22934504822674395,-0.010340526208282075,-0.18531758426776768
2022-09-27,83.39150037765502,1,800,0.0,66713.20030212402,72030.48282623294,138743.68312835696,-0.000985015795133215,-0.07504211247762005,-0.0020463645394541707,-0.23092208919220747,-0.0021203598092424114,-0.18704500411938285
2022-09-28,84.56249752044677,1,800,0.0,67649.99801635742,72030.48282623294,139680.48084259036,0.0067520026361613805,-0.06879679438273067,0.014042164219238762,-0.22012257087125542,0.019672139926234733,-0.17105243968668782
2022-09-29,82.48249864578247,1,800,0.0,65985.99891662598,72030.48282623294,138016.48174285892,-0.011912896416834684,-0.07989012171427357,-0.024597178839962264,-0.23930535546878517,-0.021126437880238824,-0.18856514882562259
2022-09-30,81.57299928665161,1,800,0.0,65258.39942932129,72030.48282623294,137288.88225555423,-0.005271830422835189,-0.08474078496297144,-0.011026573807331741,-0.24769321111155063,-0.015066695771983274,-0.20079079086705143
2022-10-03,83.7504988670349,1,800,0.0,67000.39909362793,72030.48282623294,139030.88191986087,0.012688570521420806,-0.0731274538675939,0.02669387664331735,-0.22761122649103216,0.025883894952576147,-0.18010414365272276
2022-10-04,86.1260006904602,0,400,-400.0,34450.40027618408,106480.88310241702,140931.2833786011,0.013668916088985572,-0.060458110809325616,0.028364031922922806,-0.20570316666231658,0.030583700679551518,-0.15502869419379306
2022-10-05,85.92899904251098,0,400,0.0,34371.599617004395,106480.88310241702,140852.48271942142,-0.000559142422395964,-0.06098344853719018,-0.0022873655617338118,-0.20752001388468744,-0.002017948757084831,-0.15673380299011708
2022-10-06,84.91949930191039,0,400,0.0,33967.79972076416,106480.88310241702,140448.68282318118,-0.0028668283898453106,-0.06367544784545842,-0.011748068194081585,-0.21683012280401492,-0.010245080846639998,-0.16537313335372195
2022-10-07,81.8189977645874,0,400,0.0,32727.599105834957,106480.88310241702,139208.48220825198,-0.008830275870159388,-0.07194345194498641,-0.03651106710250285,-0.24542449074297645,-0.028003617786773516,-0.18874570512185673
2022-10-10,80.686998462677,1,800,400.0,64549.598770141594,74206.08371734622,138755.68248748782,-0.003252673354248503,-0.0749621167500808,-0.013835409047265879,-0.2558643515705963,-0.00749246363390188,-0.19482399842407794
2022-10-11,79.96399965286254,1,800,0.0,63971.19972229003,74206.08371734622,138177.28343963626,-0.004168471067148682,-0.07881811040242459,-0.008960536686079434,-0.2625322063477674,-0.006519175777754405,-0.2000730823103808
2022-10-12,79.56649913787842,1,800,0.0,63653.19931030274,74206.08371734622,137859.28302764895,-0.002301394296307935,-0.08093811314900656,-0.004970993405904345,-0.26619815388707946,-0.0032907731480149582,-0.20270546033148817
2022-10-13,81.71950063705444,0,400,-400.0,32687.800254821774,106893.883972168,139581.68422698978,0.012493908001794729,-0.06945543848673441,0.02705914577748536,-0.24634210276132207,0.02596564246086497,-0.18200319537845566
2022-10-14,79.48300189971924,0,400,0.0,31793.200759887695,106893.883972168,138687.0847320557,-0.006409146729303483,-0.07541943511962834,-0.02736799319501826,-0.266968206964322,-0.02366266361565439,-0.20135917860489538
2022-10-17,81.90549974441528,0,400,0.0,32762.199897766113,106893.883972168,139656.0838699341,0.006986945754541729,-0.06895944086710559,0.030478187622460684,-0.2446267264429518,0.026480052302171098,-0.18021112788370408
2022-10-18,82.55099906921387,0,400,0.0,33020.39962768555,106893.883972168,139914.28359985354,0.001848825505947227,-0.06723810933430929,0.00788102541114899,-0.23867361047914593,0.011427569666488724,-0.17084293343578294
2022-10-19,81.95199928283691,0,400,0.0,32780.799713134766,106893.883972168,139674.68368530276,-0.0017124764419050864,-0.06883544209798109,-0.0072561179529122555,-0.24419788456217406,-0.0066720972934503076,-0.17637515005545124
2022-10-20,81.97349853515625,0,400,0.0,32789.3994140625,106893.883972168,139683.2833862305,6.156950351221546e-05,-0.06877811075846285,0.00026233957081567283,-0.2439996077595885,-0.007950909706564868,-0.18292371686944342
2022-10-21,83.65899877548217,0,400,0.0,33463.59951019287,106893.883972168,140357.48348236087,0.004826634080945746,-0.06428344345092696,0.02056152623037133,-0.22845508586436625,0.02372481982226482,-0.16353872927112512
2022-10-24,84.47099943161011,0,400,0.0,33788.39977264404,106893.883972168,140682.28374481204,0.00231409294604501,-0.0621181083679192,0.009706076668537733,-0.22096641177454546,0.011881976654619875,-0.15359991597983091
2022-10-25,86.4330005645752,0,400,0.0,34573.20022583008,106893.883972168,141467.08419799808,0.005578530802141435,-0.05688610534667893,0.02322691984429004,-0.20287186106482313,0.016266654579669915,-0.13983181817687118
2022-10-26,84.94500036239624,0,400,0.0,33978.000144958496,106893.883972168,140871.8841171265,-0.004207339709062952,-0.06085410588582285,-0.017215649028258007,-0.21659493933527962,-0.007387716072364547,-0.14618649647866255
2022-10-27,84.08299951553344,0,400,0.0,33633.19980621338,106893.883972168,140527.08377838138,-0.0024476164346495244,-0.06315277481079029,-0.01014775258326317,-0.22454474006338143,-0.006082610618211248,-0.1513799115611536
2022-10-28,87.1830002784729,0,400,0.0,34873.20011138916,106893.883972168,141767.08408355716,0.00882392398558074,-0.054886106109618416,0.03686834176707454,-0.19595499051496257,0.024626377895927698,-0.130481472573183
2022-10-31,86.26500234603883,0,400,0.0,34506.00093841553,106893.883972168,141399.88491058353,-0.0025901581833848164,-0.05733410059610933,-0.010529551971162787,-0.20442122422948938,-0.00745440410765752,-0.13696321505571774
2022-11-01,85.71050109863282,0,400,0.0,34284.200439453125,106893.883972168,141178.08441162112,-0.0015686045225755674,-0.05881277058919199,-0.006427881902578703,-0.20953511064434038,-0.004101230608784645,-0.14050272793463836
2022-11-02,82.84099931716918,0,400,0.0,33136.39972686767,106893.883972168,140030.28369903567,-0.008130162109572958,-0.0664647753397617,-0.03347899901041895,-0.2359990838928494,-0.02500198485734284,-0.16199186571574398
2022-11-03,80.85499982833862,0,400,0.0,32341.99993133545,106893.883972168,139235.88390350345,-0.0056730571027022725,-0.07176077397664327,-0.02397363027004129,-0.2543149593815751,-0.010585992315429671,-0.17086301338554466
2022-11-04,82.25989952087403,0,400,0.0,32903.95980834961,106893.883972168,139797.8437805176,0.004036027647898788,-0.06801437479654882,0.017375545056188546,-0.24135827536058385,0.013618724670070526,-0.15957122505107046
2022-11-07,83.0655014038086,0,400,0.0,33226.20056152344,106893.883972168,140120.08453369144,0.0023050480927284678,-0.0658661031087232,0.009793373048433418,-0.2339286139410831,0.009613981920559844,-0.15149135800319324
2022-11-08,83.70740184783936,0,400,0.0,33482.96073913574,106893.883972168,140376.84471130374,0.0018324295083520514,-0.06415436859130774,0.0077276418390623824,-0.22800868864646573,0.005597892802462701,-0.14674149758333188
2022-11-09,81.68749990463257,0,400,0.0,32674.99996185303,106893.883972168,139568.88393402103,-0.005755655634975598,-0.06954077377319245,-0.024130505769113464,-0.24663722943878763,-0.02077788695478977,-0.16447040628975862
2022-11-10,87.9454978942871,0,400,0.0,35178.199157714844,106893.883972168,142072.08312988284,0.01793522399337344,-0.05285277913411368,0.07660900378834623,-0.18892285809486475,0.05543448436034493,-0.11815325409462285
2022-11-11,88.88500022888184,0,400,0.0,35554.000091552734,106893.883972168,142447.88406372073,0.0026451427019222873,-0.050347439575194275,0.010682779188128988,-0.18025830008335342,0.009240746788147902,-0.11000433160975909
2022-11-14,87.8674991607666,0,400,0.0,35146.99966430664,106893.883972168,142040.88363647464,-0.002857188296767066,-0.05306077575683488,-0.011447387810036957,-0.18964220122635822,-0.008935777048800997,-0.11795713447689293
2022-11-15,88.89450368881225,0,400,0.0,35557.8014755249,106893.883972168,142451.6854476929,0.0028921378176556267,-0.05032209701537971,0.01168810467868897,-0.1801706544470999,0.008713116550319144,-0.11027179218721261
2022-11-16,87.73050184249878,0,400,0.0,35092.20073699951,106893.883972168,141986.0847091675,-0.0032684817807673294,-0.05342610193888231,-0.013094193656654207,-0.19090565866317766,-0.008252046497990273,-0.11761387072865725
2022-11-17,87.58450193405152,0,400,0.0,35033.800773620605,106893.883972168,141927.6847457886,-0.0004113076538346805,-0.053815435028074954,-0.0016641864047395316,-0.19225214246618205,-0.0030893228355314273,-0.12033984634757144
2022-11-18,87.89099836349487,0,400,0.0,35156.39934539795,106893.883972168,142050.28331756595,0.0008638101297637757,-0.05299811121622611,0.003499436803033218,-0.18942547988595693,0.00475858190881473,-0.11615391145449583
2022-11-21,87.25049953460694,0,400,0.0,34900.19981384278,106893.883972168,141794.08378601077,-0.0018035833901325349,-0.05470610809326071,-0.007287422384701925,-0.19533247878830506,-0.003883688698329779,-0.11958649451964298
2022-11-22,88.6733980178833,0,400,0.0,35469.35920715332,106893.883972168,142363.24317932132,0.004013985478896975,-0.05091171213785706,0.016308198702197352,-0.18220980096318018,0.013579987927526016,-0.10763048974398892
2022-11-23,89.25050315856933,0,400,0.0,35700.201263427734,106893.883972168,142594.08523559573,0.0016215004036093106,-0.049372765096027726,0.006508210507165213,-0.17688745019715202,0.0059146891478476515,-0.1023524014858076
2022-11-25,88.87350301742553,0,400,0.0,35549.401206970215,106893.883972168,142443.2851791382,-0.0010575477672047917,-0.05037809880574451,-0.004224067403563958,-0.18036433308823863,-0.0002830441976333642,-0.10260647543008661
2022-11-28,86.95400304794312,0,400,0.0,34781.601219177246,106893.883972168,141675.48519134524,-0.005390215388723862,-0.05549676539103099,-0.02159811309683668,-0.19806691692040002,-0.015444192913123267,-0.116465994142532
2022-11-29,86.72850227355957,0,400,0.0,34691.40090942383,106893.883972168,141585.28488159183,-0.0006366684372500764,-0.05609810078938715,-0.0025933340211975464,-0.2001465972674742,-0.0015918653377758885,-0.11787246130120277
2022-11-30,90.5085036277771,0,400,0.0,36203.40145111084,106893.883972168,143097.28542327884,0.010679079700630645,-0.04601809717814043,0.04358430337347041,-0.16528554390847716,0.030947872397389053,-0.09057249079532947
2022-12-01,90.49199771881104,0,400,0.0,36196.799087524414,106893.883972168,143090.6830596924,-4.613898556427021e-05,-0.046062112935383315,-0.00018236859857889698,-0.1654377696140481,-0.0008676332180498347,-0.09136154031172372
2022-12-02,90.04449996948243,0,400,0.0,36017.79998779297,106893.883972168,142911.68395996097,-0.001250948670478924,-0.047255440266926296,-0.004945163778118045,-0.16956481652633815,-0.001194660488065602,-0.09244705477745008
2022-12-05,88.50050067901611,0,400,0.0,35400.200271606445,106893.883972168,142294.08424377444,-0.004321548099311179,-0.051372771708169784,-0.01714706940445676,-0.1838043462532638,-0.017894212283564803,-0.1086869998378368
2022-12-06,86.78349809646606,0,400,0.0,34713.399238586426,106893.883972168,141607.28321075442,-0.004826630964105405,-0.055951445261636645,-0.019401049365556422,-0.19963939842355682,-0.014399194981406072,-0.12152118951663382
2022-12-07,86.35700225830078,0,400,0.0,34542.80090332031,106893.883972168,141436.6848754883,-0.0012047285379538364,-0.057088767496744075,-0.00491448083472279,-0.20357275526087149,-0.0018623708845491027,-0.1231572428759714
2022-12-08,87.65950069427491,0,400,0.0,35063.80027770996,106893.883972168,141957.68424987796,0.003683622638980033,-0.053615438334146504,0.015082719431115166,-0.1915604665811751,0.00752178195750397,-0.1165618228458678
2022-12-09,87.16900148391724,0,400,0.0,34867.600593566895,106893.883972168,141761.4845657349,-0.001382099779802748,-0.05492343622843365,-0.0055955054098283385,-0.19608409436393925,-0.007349578247904498,-0.12305472085604818
2022-12-12,88.725501537323,0,400,0.0,35490.2006149292,106893.883972168,142384.0845870972,0.0043918841797512265,-0.050772769419351604,0.017856118882960237,-0.18172927638099912,0.014279296218109305,-0.11053255944807916
2022-12-13,89.61850385665893,0,400,0.0,35847.401542663574,106893.883972168,142741.28551483157,0.002508713869041168,-0.04839142990112244,0.010064776235277684,-0.17349356464789512,0.0072896644387934195,-0.10404864027722327
2022-12-14,89.00450344085694,0,400,0.0,35601.80137634277,106893.883972168,142495.68534851077,-0.001720596570466526,-0.05002876434326109,-0.0068512683137855745,-0.17915618199956285,-0.006052724634100337,-0.10947158714317307
2022-12-15,86.26600074768066,0,400,0.0,34506.400299072266,106893.883972168,141400.28427124026,-0.007687257860414576,-0.05733143819173114,-0.030768136299934468,-0.20441201647275886,-0.024921675023714007,-0.1316650468477747
2022-12-16,84.83500094413758,0,400,0.0,33934.00037765503,106893.883972168,140827.88434982303,-0.004048081829306938,-0.06114743766784614,-0.016588224690380793,-0.21760940870447576,-0.011137750774080746,-0.1413363451444073
2022-12-19,83.55199975967408,1,800,400.0,66841.59980773926,73473.08406829837,140314.68387603763,-0.0036441680293270995,-0.06456877415974882,-0.015123488774501648,-0.2294418840292093,-0.009007516001852345,-0.14907077175572803
2022-12-20,83.5585000038147,1,800,0.0,66846.80000305176,73473.08406829837,140319.88407135013,3.70609487820861e-05,-0.06453410619099875,7.779878589775358e-05,-0.2293819355433231,0.0010373383615349674,-0.1481880702243189
2022-12-21,84.78050136566162,1,800,0.0,67824.4010925293,73473.08406829837,141297.48516082767,0.006966946245340777,-0.05801676559448177,0.014624500939953933,-0.21811203093533094,0.014867993802734736,-0.13552333573131858
2022-12-22,83.13400135040284,1,800,0.0,66507.20108032227,73473.08406829837,139980.28514862063,-0.009322175909272312,-0.06679809900919531,-0.019420739306050594,-0.23329687334907323,-0.01445169956861636,-0.14801649276740925
2022-12-23,83.40149879455566,1,800,0.0,66721.19903564453,73473.08406829837,140194.2831039429,0.00152877210597957,-0.06537144597371347,0.0032176659346077052,-0.2308298788164913,0.005868102525282026,-0.143016966197119
2022-12-27,82.82699952125549,1,800,0.0,66261.5996170044,73473.08406829837,139734.68368530276,-0.003278303568907903,-0.06843544209798103,-0.006888356703461107,-0.23612819697684773,-0.004049622110409712,-0.1464874236390532
2022-12-28,81.51850061416626,1,800,0.0,65214.80049133301,73473.08406829837,138687.88455963138,-0.007491333562030245,-0.07541410293579032,-0.015797975474814097,-0.2481958249869095,-0.012020638322615351,-0.15674718962329182
2022-12-29,83.45650019645691,1,800,0.0,66765.20015716553,73473.08406829837,140238.2842254639,0.011179056272690557,-0.06507810516357349,0.023773739306901298,-0.23032262852030827,0.01746133164481911,-0.14202287264087832
2022-12-30,83.31850023269654,1,800,0.0,66654.80018615723,73473.08406829837,140127.8842544556,-0.0007872313300040235,-0.0658141049702955,-0.0016535556060406353,-0.23159533285276113,-0.0025407424823445934,-0.1442027715772396
2023-01-03,82.5495018005371,1,800,0.0,66039.60144042969,73473.08406829837,139512.68550872806,-0.0043902664269904745,-0.06991542994181243,-0.009229624033218697,-0.23868741903590074,-0.004000548879248611,-0.14762643022027033
2023-01-04,82.97850017547607,1,800,0.0,66382.80014038086,73473.08406829837,139855.88420867923,0.0024599820346065115,-0.0676274386088046,0.005196862071627617,-0.23473098255923552,0.007538970575044379,-0.14120041095875546
2023-01-05,81.35649938583374,1,800,0.0,65085.19950866699,73473.08406829837,138558.28357696536,-0.00927812683074325,-0.07627810948689706,-0.019547241589234043,-0.24968988092390587,-0.011645528874622113,-0.1512015863704489
2023-01-06,83.66550207138062,0,400,-400.0,33466.200828552246,106939.28489685062,140405.48572540286,0.013331589427574286,-0.06396342849731362,0.02838129347965679,-0.22839510923365103,0.02284078102943865,-0.13181436766660137
2023-01-09,84.49649982452392,0,400,0.0,33798.59992980957,106939.28489685062,140737.88482666019,0.0023674224660097387,-0.061747434488931385,0.009932382314927546,-0.22073123446249177,-0.0007676325452631305,-0.13248081521331034
2023-01-10,84.8669997215271,0,400,0.0,33946.79988861084,106939.28489685062,140886.08478546145,0.0010530210751980018,-0.06075943476358958,0.004384795793584306,-0.21731430005729124,0.006978233159061986,-0.1264270640719094
2023-01-11,86.73450212478637,0,400,0.0,34693.80084991455,106939.28489685062,141633.08574676517,0.0053021628249605435,-0.05577942835489813,0.02200504800908587,-0.20009126365402696,0.012849424614881588,-0.1152021544861006
2023-01-12,87.4289969444275,0,400,0.0,34971.598777770996,106939.28489685062,141910.8836746216,0.001961391481317687,-0.053927442169188544,0.008007134446243125,-0.19368628685738032,0.0034159058663651987,-0.11217976833506238
2023-01-13,87.52700357437134,0,400,0.0,35010.801429748535,106939.28489685062,141950.08632659915,0.0002762483818183892,-0.05366609115600496,0.0011209854095219907,-0.19278242094944997,0.003996858363534361,-0.10863127661681737
2023-01-17,88.05750045776367,0,400,0.0,35223.00018310547,106939.28489685062,142162.28507995608,0.0014948828764267397,-0.0522514328002921,0.006060951040573137,-0.18788991472373462,-0.0020304911890052235,-0.11044119295580179
2023-01-18,86.84999952316284,0,400,0.0,34739.99980926514,106939.28489685062,141679.28470611575,-0.0033975282091778247,-0.05547143529256093,-0.0137126414936114,-0.19902608917647424,-0.015562598500411085,-0.12428503951233527
2023-01-19,86.13799934387207,0,400,0.0,34455.19973754883,106939.28489685062,141394.48463439944,-0.0020101744041626235,-0.05737010243733631,-0.008198044711570485,-0.205592509110207,-0.007638350296294338,-0.13097405714024557
2023-01-20,88.14649801254272,0,400,0.0,35258.59920501709,106939.28489685062,142197.8841018677,0.005681971751200887,-0.052014105987547854,0.023317219856157978,-0.18706913498975086,0.018918401045981525,-0.11453347583386253
2023-01-23,89.80800018310546,0,400,0.0,35923.20007324219,106939.28489685062,142862.4849700928,0.004673774665655328,-0.04758343353271388,0.01884932706375153,-0.17174593523495418,0.01188134498366522,-0.1040129425887577
2023-01-24,89.88500213623047,0,400,0.0,35954.00085449219,106939.28489685062,142893.2857513428,0.00021559740653009918,-0.04737809499104728,0.0008574063888295846,-0.17103578490825055,-0.0007115031258156934,-0.10465044018079617
2023-01-25,89.65150213241577,0,400,0.0,35860.60085296631,106939.28489685062,142799.88574981692,-0.0006536346409474758,-0.04800076166788647,-0.0025977637900125305,-0.1731892381294321,-0.0001817250594663422,-0.10481314763279748
2023-01-26,90.90850143432615,0,400,0.0,36363.40057373046,106939.28489685062,143302.68547058108,0.003521009264986885,-0.04464876352945868,0.014020950815233357,-0.1615965651037392,0.011007853469181317,-0.09495906193440162
2023-01-27,91.44599885940552,0,400,0.0,36578.39954376221,106939.28489685062,143517.68444061282,0.00150031361468006,-0.043215437062580464,0.005912510013903027,-0.15663949639922436,0.002494840970949097,-0.09270112872172931
2023-01-30,89.76949901580811,0,400,0.0,35907.79960632324,106939.28489685062,142847.08450317386,-0.004672594461461399,-0.0476861033121736,-0.018333222497519674,-0.17210101215735762,-0.012968740984683369,-0.1044676527790328
2023-01-31,91.25400371551514,0,400,0.0,36501.601486206055,106939.28489685062,143440.88638305667,0.00415690584059214,-0.04372742411295494,0.016536849553383526,-0.15841017115000533,0.014642470285510134,-0.09135484699513663
2023-02-01,92.8735011100769,0,400,0.0,37149.40044403076,106939.28489685062,144088.68534088138,0.00451613883711488,-0.03940876439412355,0.01774713797337113,-0.14347436034041872,0.010452303944590291,-0.08185741167815108
2023-02-02,95.2935040473938,0,400,0.0,38117.40161895752,106939.28489685062,145056.68651580813,0.006718092906716988,-0.0329554232279452,0.026056979745477937,-0.12115588909632646,0.014699373244309921,-0.06836129108091149
2023-02-03,94.2455012321472,0,400,0.0,37698.20049285888,106939.28489685062,144637.4853897095,-0.002889912462276989,-0.03575009740193613,-0.010997631220753257,-0.13082109252857588,-0.010354610691310495,-0.07800804721672383
2023-02-06,93.33499746322632,0,400,0.0,37333.99898529053,106939.28489685062,144273.28388214114,-0.0025180298633308285,-0.03817810745239192,-0.009660978582713642,-0.13921821133820378,-0.006140463017754394,-0.08366950470545664
2023-02-07,95.18849639892578,0,400,0.0,38075.39855957031,106939.28489685062,145014.68345642093,0.0051388556102005545,-0.033235443623859884,0.019858563090760617,-0.12212432188068578,0.01287251059802652,-0.07187403069348275
2023-02-08,94.31949958801268,0,400,0.0,37727.79983520507,106939.28489685062,144667.0847320557,-0.0023969898501325915,-0.0355527684529614,-0.009129220901559543,-0.13013864287034338,-0.011080724476164705,-0.08215833883854151
2023-02-09,93.5450002670288,0,400,0.0,37418.000106811516,106939.28489685062,144357.28500366214,-0.0021414665883905393,-0.037618099975585184,-0.008211444339366603,-0.13728146098737948,-0.00882979617773516,-0.09026269363003103
2023-02-10,93.3370020866394,0,400,0.0,37334.80083465576,106939.28489685062,144274.08573150638,-0.0005763427329188442,-0.03817276178995688,-0.0022235093248773596,-0.13919972370361866,0.0021952617756952897,-0.088265582095433
2023-02-13,94.66599864959716,0,400,0.0,37866.39945983886,106939.28489685062,144805.68435668948,0.0036846438671767068,-0.03462877095540273,0.014238689193425413,-0.12694305611181977,0.011448609342766147,-0.07782749092048935
2023-02-14,94.9449984550476,0,400,0.0,37977.999382019036,106939.28489685062,144917.28427886966,0.0007706874400406072,-0.03388477147420155,0.002947201840474367,-0.12436998107995356,-0.0002804145319874607,-0.07808608149303453
2023-02-15,95.4304983139038,0,400,0.0,38172.199325561516,106939.28489685062,145111.48422241214,0.001340074405264069,-0.03259010518391825,0.0051134853521122015,-0.11989245980433616,0.002773175690496066,-0.075529452225501
2023-02-16,94.0559986114502,0,400,0.0,37622.399444580085,106939.28489685062,144561.6843414307,-0.003788810264932385,-0.03625543772379458,-0.014403149168648266,-0.13256877999022643,-0.013788741489130674,-0.08827673762307864
2023-02-17,93.15750360488892,0,400,0.0,37263.00144195557,106939.28489685062,144202.28633880618,-0.0024861221302296954,-0.03865142440795799,-0.009552766647803246,-0.14085514801799903,-0.002767405825327751,-0.0907998458904673
2023-02-21,91.2174997329712,0,400,0.0,36486.999893188484,106939.28489685062,143426.2847900391,-0.005381340119281153,-0.04382476806640523,-0.020824987755639013,-0.15874682904084447,-0.020041234255327334,-0.10902133916395618
2023-02-22,90.82800197601318,0,400,0.0,36331.20079040527,106939.28489685062,143270.4856872559,-0.0010862660425965398,-0.04486342875162652,-0.004269989400040863,-0.16233897116359086,-0.0015735561458868341,-0.11042334411156873
2023-02-23,92.04949913024905,1,800,400.0,73639.59930419923,70119.485244751,143759.08454895025,0.0034103245993102327,-0.04160610300699741,0.013448464434552276,-0.15107371660907398,0.005329429416074394,-0.10568240811382379
2023-02-24,90.5714979171753,1,800,0.0,72457.19833374023,70119.485244751,142576.68357849124,-0.008224878268867974,-0.04948877614339087,-0.016056591584299618,-0.1647045792266595,-0.010537551485558128,-0.1151063257827647
2023-02-27,90.848504447937,1,800,0.0,72678.80355834961,70119.485244751,142798.28880310062,0.001554287973652979,-0.04801140797932835,0.0030584293859754474,-0.1621498871657956,0.0030730045671669703,-0.11238704348043793
2023-02-28,90.68550243377686,1,800,0.0,72548.40194702148,70119.485244751,142667.8871917725,-0.0009131874927992278,-0.04888075205484921,-0.0017942179142151904,-0.1636531728476699,-0.0030360018281855305,-0.1150818380391525
2023-03-01,89.89750270843506,1,800,0.0,71918.00216674805,70119.485244751,142037.48741149905,-0.004418652246711008,-0.053083417256672094,-0.008689368247336349,-0.17092049841128787,-0.004725264845680033,-0.11926331072116991
2023-03-02,90.98600044250487,1,800,0.0,72788.8003540039,70119.485244751,142908.2855987549,0.0061307631043419075,-0.0472780960082998,0.012108208807536602,-0.16088183068800332,0.0075821940867943916,-0.11258539420369706
2023-03-03,92.80050020217897,0,400,-400.0,37120.20008087159,107239.68532562259,144359.88540649417,0.010157562255102004,-0.03760076395670475,0.01994262579791828,-0.14414761103718,0.0161477371607488,-0.09825565639668887
2023-03-06,93.18949842453004,0,400,0.0,37275.79936981202,107239.68532562259,144515.4846954346,0.0010778568333043026,-0.036563435363768604,0.00419176859503545,-0.1405600758711396,0.0006871667698291617,-0.09763600764888325
2023-03-07,91.93149919509888,0,400,0.0,36772.59967803955,107239.68532562259,144012.28500366214,-0.0034819776775683042,-0.03991809997558504,-0.013499366888962916,-0.1521619707259776,-0.015326919115337678,-0.11146646757224199
2023-03-08,92.68400382995604,0,400,0.0,37073.601531982415,107239.68532562259,144313.286857605,0.002090112339618866,-0.037911420949299335,0.008185492909891234,-0.14522199854861895,0.0014147940136839399,-0.11020937564960576
2023-03-09,91.120499420166,0,400,0.0,36448.1997680664,107239.68532562259,143687.885093689,-0.00433363952505017,-0.04208076604207278,-0.016869193659981963,-0.15964141419139466,-0.01845935787384867,-0.12663433921728495
2023-03-10,89.12000265121459,0,400,0.0,35648.00106048584,107239.68532562259,142887.68638610843,-0.0055690060930245755,-0.047415424092609904,-0.021954409618925697,-0.17809099081101787,-0.01447813845705137,-0.1392790481777313
2023-03-13,89.90649681091308,0,400,0.0,35962.598724365234,107239.68532562259,143202.28404998782,0.002201712910581355,-0.04531810633341393,0.008825113737670698,-0.17083755032290882,-0.001509761003189447,-0.14057853110542062
2023-03-14,91.6905011177063,0,400,0.0,36676.20044708252,107239.68532562259,143915.8857727051,0.004983172771659161,-0.04056076151529864,0.01984288533169365,-0.15438457491262014,0.016476655480623936,-0.12641813964979287
2023-03-15,91.60600366592408,0,400,0.0,36642.40146636963,107239.68532562259,143882.08679199222,-0.00023485232732589623,-0.04078608805338457,-0.0009215507686424207,-0.15516385245758535,-0.00698088356543769,-0.13251651290177613
2023-03-16,93.56150245666504,0,400,0.0,37424.600982666016,107239.68532562259,144664.2863082886,0.005436392630496112,-0.03557142461140861,0.02134684095457784,-0.13712926958331917,0.017562006217166637,-0.11728176250806777
2023-03-17,93.23400382995604,0,400,0.0,37293.601531982415,107239.68532562259,144533.286857605,-0.0009055410566531918,-0.0364447542826325,-0.0035003566435959366,-0.1401496248770977,-0.011019457310067593,-0.1270088384429282
2023-03-20,93.51550006866456,0,400,0.0,37406.20002746583,107239.68532562259,144645.8853530884,0.0007790488816208363,-0.03569409764607645,0.0030192443437475625,-0.13755352649553865,0.008918403718310097,-0.1192231508216458
2023-03-21,93.9215003967285,0,400,0.0,37568.6001586914,107239.68532562259,144808.285484314,0.0011227428338467238,-0.03461143010457246,0.0043415297759819005,-0.13380918945062847,0.012982193897784988,-0.10778873498493224
2023-03-22,92.51899995803832,0,400,0.0,37007.59998321533,107239.68532562259,144247.28530883792,-0.003874088927990571,-0.038351431274412984,-0.014932687752707952,-0.14674374635882725,-0.01646322377571363,-0.12247740869608781
2023-03-23,93.57500066757204,0,400,0.0,37430.000267028816,107239.68532562259,144669.6855926514,0.002928306643061651,-0.035535429382323125,0.01141387941949934,-0.13700478236583313,0.0029845287333754023,-0.11985841730815527
2023-03-24,94.17350378036498,0,400,0.0,37669.401512145996,107239.68532562259,144909.08683776858,0.0016548127835935844,-0.03393942108154191,0.006395972305884845,-0.1314850888537339,0.005639807253104534,-0.11489458842633093
2023-03-27,93.6165015220642,0,400,0.0,37446.600608825676,107239.68532562259,144686.28593444827,-0.0015375219607155488,-0.035424760437010594,-0.005914638788420246,-0.13662204083552099,0.0016469543057482383,-0.11343686025769861
2023-03-28,93.27299728393554,0,400,0.0,37309.19891357422,107239.68532562259,144548.8842391968,-0.0009496525145010759,-0.036340771738687105,-0.003669270187881324,-0.13979000784195705,-0.0015738434957162095,-0.11483217188872374
2023-03-29,95.19049949645996,0,400,0.0,38076.199798583984,107239.68532562259,145315.88512420657,0.005306169529060822,-0.0312274325052887,0.020557956411406897,-0.12210584831851534,0.014237268879836451,-0.10222979951612265
2023-03-30,96.32750329971314,0,400,0.0,38531.001319885254,107239.68532562259,145770.68664550784,0.003129744011898916,-0.02819542236328021,0.011944509265816583,-0.11161983348934967,0.005715269388667954,-0.09709880097123891
2023-03-31,97.81399812698363,0,400,0.0,39125.59925079346,107239.68532562259,146365.28457641604,0.004078995198494084,-0.02423143615722545,0.015431676067066968,-0.09791063853535031,0.014436542471763847,-0.08406402946365366
2023-04-03,97.66650142669678,0,400,0.0,39066.60057067871,107239.68532562259,146306.2858963013,-0.000403092032960517,-0.0246247606913238,-0.001507930389425094,-0.09927092649747993,0.0036988464765423945,-0.08067612292629689
2023-04-04,97.24050102233886,0,400,0.0,38896.20040893555,107239.68532562259,146135.88573455813,-0.0011646810709413646,-0.025760761769611507,-0.004361786263815892,-0.1031997141977028,-0.005796972083329965,-0.08600541777723181
2023-04-05,96.42049751281738,0,400,0.0,38568.19900512695,107239.68532562259,145807.88433074954,-0.002244495950873948,-0.027947437795002084,-0.00843273636910924,-0.11076219458361536,-0.002492370531228194,-0.08828343093966606
2023-04-06,96.99650316238404,0,400,0.0,38798.60126495362,107239.68532562259,146038.2865905762,0.0015801769628864815,-0.02641142272949093,0.005973892112412171,-0.10544998387177973,0.0035791630944272956,-0.08502024864310742
2023-04-10,97.15400228500368,0,400,0.0,38861.60091400147,107239.68532562259,146101.28623962405,0.00043139131880165493,-0.02599142506917196,0.0016237608314184637,-0.10399744859384596,0.0009963029974375814,-0.08410865157423586
2023-04-11,96.72349786758424,0,400,0.0,38689.3991470337,107239.68532562259,145929.08447265628,-0.0011786464814919073,-0.027139436848957144,-0.004431154736750265,-0.1079677745436497,-4.1352477946232646e-05,-0.08414652595102279
2023-04-12,96.15849924087524,0,400,0.0,38463.3996963501,107239.68532562259,145703.08502197269,-0.0015486936788529082,-0.028646099853514406,-0.005841379180501649,-0.11317847301376693,-0.004134884052006904,-0.08793347387484307
2023-04-13,97.4169979095459,0,400,0.0,38966.79916381836,107239.68532562259,146206.48448944095,0.003454967802448028,-0.02529010340372595,0.013087752810265307,-0.10157197208174906,0.01326268999363811,-0.07583701828527067
2023-04-14,96.7199960708618,0,400,0.0,38687.99842834472,107239.68532562259,145927.6837539673,-0.0019068971971196724,-0.02714877497355017,-0.007154827736852276,-0.10800006985546406,-0.0020693734728036706,-0.07774945664417832
