index,close,MACD_signal,Position,Entry/Exit Position,Portfolio Holdings,Portfolio Cash,Portfolio Total,Portfolio Daily Returns,Portfolio Cumulative Returns,Base Daily Returns,Base Cumulative Returns,Market Daily Returns,Market Cumulative Returns
2021-10-18,114.65099716186523,1,800,800.0,91720.79772949219,58279.20227050781,150000.0,,,,,,
2021-10-19,115.90499572753906,1,800,0.0,92723.99658203125,58279.20227050781,151003.19885253906,0.006687992350260519,0.006687992350260519,0.010937528645332373,0.010937528645332373,0.007393339551406308,0.007393339551406308
2021-10-20,116.00800399780272,1,800,0.0,92806.40319824217,58279.20227050781,151085.60546875,0.0005457276192633032,0.007237369791666781,0.0008887302019819909,0.011835979359356541,0.0036640298040166996,0.01108445877189057
2021-10-21,115.98800430297852,1,800,0.0,92790.40344238281,58279.20227050781,151069.60571289062,-0.0001058986116495575,0.0071307047526043554,-0.0001723992667314045,0.011661539578462499,0.002995871849622578,0.01411353823951611
2021-10-22,115.67000198364258,1,800,0.0,92536.00158691406,58279.20227050781,150815.20385742188,-0.0016840042328053473,0.0054346923828128,-0.0027416828252797565,0.00888788451040412,-0.0010725536274130976,0.0130258470854685
2021-10-25,116.23699531555177,1,800,0.0,92989.5962524414,58279.20227050781,151268.79852294922,0.0030076189530345854,0.008458656819661847,0.004901818295026672,0.013833269600328046,0.004748196569493546,0.01783589293740806
2021-10-26,116.34800338745116,1,800,0.0,93078.40270996092,58279.20227050781,151357.60498046875,0.0005870771658575968,0.009050699869792123,0.0009550149812289632,0.014801495561264755,0.0018197952535197182,0.019688145864237505
2021-10-27,115.94500312805177,1,800,0.0,92756.0025024414,58279.20227050781,151035.20477294922,-0.0021300562172685833,0.00690136515299522,-0.0034637488196282984,0.011286478078857298,-0.005051568068462853,0.014537121786799556
2021-10-28,117.11349754333496,1,800,0.0,93690.79803466797,58279.20227050781,151970.00030517578,0.00618925589985353,0.013133335367838894,0.010078005811019697,0.021478229081541622,0.009829281576461124,0.024509292826614404
2021-10-29,117.58799858093262,1,800,0.0,94070.3988647461,58279.20227050781,152349.6011352539,0.0024978668771193924,0.015664007568359617,0.004051634077635535,0.025616885084051244,0.001949334719149265,0.026506404361212432
2021-11-01,117.4299961090088,1,800,0.0,93943.99688720703,58279.20227050781,152223.19915771484,-0.0008296836788357353,0.014821327718099297,-0.0013436955627327274,0.02423876822649995,0.0018000771431341267,0.02835419507698389
2021-11-02,118.4340042114258,1,800,0.0,94747.20336914064,58279.20227050781,153026.40563964844,0.005276505068727566,0.020176037597656737,0.00854984361478639,0.03299584951903789,0.0036803630854131963,0.03213891189527507
2021-11-03,118.90600204467772,1,800,0.0,95124.80163574217,58279.20227050781,153404.00390625,0.002467536664820802,0.0226933593750005,0.003985323610348646,0.037112672267518354,0.006461279195357994,0.038807849573423425
2021-11-04,120.32100105285645,1,800,0.0,96256.80084228516,58279.20227050781,154536.00311279297,0.007379202483103198,0.030240020751953756,0.011900147880231193,0.04945446643596352,0.004181942361150437,0.043152084124650214
2021-11-05,120.89100112915038,1,800,0.0,96712.80090332031,58279.20227050781,154992.00317382812,0.0029507690884327253,0.03328002115885487,0.004737328241173344,0.05442607671763611,0.003732799652949259,0.04704596186224408
2021-11-08,121.79099769592288,1,800,0.0,97432.79815673831,58279.20227050781,155712.00042724612,0.0046453832370338954,0.03808000284830815,0.007444694463329071,0.062275956692965595,0.0008877879113036169,0.047975516609764624
2021-11-09,121.5869960784912,1,800,0.0,97269.59686279295,58279.20227050781,155548.79913330078,-0.0010480970862717376,0.03699199422200583,-0.0016750139278850495,0.06049662967024738,-0.003498775895770745,0.04430888513289255
2021-11-10,119.81899909973144,1,800,0.0,95855.19927978516,58279.20227050781,154134.40155029297,-0.009092950835291935,0.027562677001953695,-0.01454100385553081,0.04507594408943483,-0.008225823395229703,0.035718584673720244
2021-11-11,120.17100143432616,1,800,0.0,96136.80114746092,58279.20227050781,154416.00341796875,0.0018269890747517614,0.029440022786458853,0.0029377839678139672,0.048146151443128726,0.0005509400447352153,0.036289203517093416
2021-11-12,121.32699813842773,1,800,0.0,97061.59851074219,58279.20227050781,155340.80078125,0.00598899947421927,0.03560533854166725,0.009619597825631265,0.0582288958824948,0.007222656026415475,0.0437739639779855
2021-11-15,121.1699993133545,1,800,0.0,96935.9994506836,58279.20227050781,155215.2017211914,-0.0008085387704126479,0.03476801147461006,-0.0012940139250301463,0.05685953295535362,-1.0739820344718431e-05,0.04376275403313179
2021-11-16,121.80299644470216,1,800,0.0,97442.39715576173,58279.20227050781,155721.59942626953,0.0032625522465754564,0.03814399617513087,0.005224041717708516,0.06238061124527028,0.003865229864862485,0.04779713700185173
2021-11-17,121.61100006103516,1,800,0.0,97288.80004882812,58279.20227050781,155568.00231933594,-0.0009863571110205749,0.0371200154622402,-0.0015762862102836062,0.06070599533769161,-0.002601625374463401,0.04507116138293754
2021-11-18,122.44300422668458,1,800,0.0,97954.40338134766,58279.20227050781,156233.60565185547,0.004278536219506357,0.04155737101237045,0.006841520629152331,0.06796283728625996,0.0033847802152713324,0.048608497573537246
2021-11-19,123.24199867248537,1,800,0.0,98593.5989379883,58279.20227050781,156872.8012084961,0.004091280835347266,0.04581867472330803,0.0065254397411025344,0.07493176442670824,-0.001398665559303236,0.047141844982788506
2021-11-22,121.88799667358398,0,400,-400.0,48755.198669433594,107034.4009399414,155789.599609375,-0.006904967532781137,0.03859733072916738,-0.01098653067530686,0.06312199362297255,-0.0031971365563219223,0.0437939895105397
2021-11-23,121.80499725341797,0,400,0.0,48721.99890136719,107034.4009399414,155756.3998413086,-0.0002131064470904942,0.03837599894205801,-0.0006809482675171896,0.06239806254325564,0.001657132912945114,0.04552369488489183
2021-11-24,122.5270034790039,0,400,0.0,49010.801391601555,107034.4009399414,156045.20233154297,0.0018541934105347213,0.04030134887695369,0.0059275583257374365,0.06869548902413114,0.0022938506357221833,0.04792197007706611
2021-11-26,119.59800376892088,0,400,0.0,47839.20150756835,107034.4009399414,154873.60244750977,-0.0075080801365744465,0.03249068298339908,-0.023904932193864803,0.04314839582312002,-0.022724822637582465,0.024108129169038817
2021-11-29,122.35799980163571,0,400,0.0,48943.19992065428,107034.4009399414,155977.6008605957,0.0071283833761153215,0.039850672403972,0.023077275086024862,0.0672214183090758,0.013200199537034996,0.03762656082156979
2021-11-30,121.35100059509276,0,400,0.0,48540.4002380371,107034.4009399414,155574.80117797852,-0.002582420042331557,0.03716534118652404,-0.008229941713459588,0.058438248241036383,-0.01896131033450521,0.01795180159050669
2021-12-01,119.81200218200684,0,400,0.0,47924.800872802734,107034.4009399414,154959.20181274414,-0.0039569349314489966,0.03306134541829486,-0.01268220620793259,0.04501491611848052,-0.011815187417889228,0.005924510272336869
2021-12-02,120.80400123596192,0,400,0.0,48321.600494384766,107034.4009399414,155356.00143432617,0.0025606715634838295,0.03570667622884183,0.008279630052823395,0.05366725302362374,0.01419443613158311,0.020203041486591466
2021-12-03,118.79300270080569,0,400,0.0,47517.20108032227,107034.4009399414,154551.60202026367,-0.005177781396507819,0.03034401346842519,-0.016646787478737823,0.036127078189233996,-0.008448563730297565,0.01158379107274854
2021-12-06,119.43699836730956,0,400,0.0,47774.79934692382,107034.4009399414,154809.20028686523,0.0016667460138510837,0.03206133524576904,0.0054211582489067656,0.04174408704607524,0.011730872577451423,0.023450551627238303
2021-12-07,123.11000213623046,0,400,0.0,49244.00085449219,107034.4009399414,156278.4017944336,0.009490401764532752,0.04185601196289146,0.030752646325095778,0.0737804745162629,0.020707080374404274,0.04464322445901181
2021-12-08,123.65699920654296,0,400,0.0,49462.79968261719,107034.4009399414,156497.2006225586,0.0014000580093773696,0.043314670817057976,0.004443157020720401,0.07855144977032236,0.0030852853123166657,0.047866246856046235
2021-12-09,122.19700164794922,0,400,0.0,48878.80065917969,107034.4009399414,155913.2015991211,-0.0037316899031695216,0.03942134399414132,-0.011806833159157648,0.06581717274931664,-0.007181080169894716,0.040341435330046194
2021-12-10,124.29700317382812,1,800,400.0,99437.6025390625,57315.599670410156,156753.20220947266,0.0053876169672362195,0.04502134806315161,0.01718537687143118,0.08413364253905686,0.009549073338481762,0.050275731993074224
2021-12-13,122.56599884033204,0,400,-400.0,49026.39953613282,106341.99920654297,155368.39874267578,-0.008834291403797545,0.035789324951172485,-0.013926356141308438,0.06903561132828395,-0.009136167611567658,0.04068023686722366
2021-12-14,120.96499786376954,0,400,0.0,48385.99914550781,106341.99920654297,154727.99835205078,-0.004121818824210477,0.03151998901367259,-0.013062358172009403,0.055071485274480914,-0.0074706775774360246,0.032905650356378935
2021-12-15,123.756001663208,0,400,0.0,49502.400665283196,106341.99920654297,155844.39987182617,0.007215252130614802,0.038962665812175334,0.023072821466765703,0.07941496128889436,0.016348464630746795,0.049792071848128616
2021-12-16,120.7029972076416,0,400,0.0,48281.19888305664,106341.99920654297,154623.1980895996,-0.007836032499280887,0.03082132059733156,-0.0246695466444925,0.05278628355261494,-0.008743415379980468,0.04061330370135008
2021-12-17,119.8280029296875,0,400,0.0,47931.201171875,106341.99920654297,154273.20037841797,-0.002263552400324942,0.02848800252278738,-0.007249151207478932,0.045154476593982196,-0.010287680637092622,0.02990780636616064
2021-12-20,118.39000434875489,0,400,0.0,47356.00173950195,106341.99920654297,153698.00094604492,-0.0037284468784087865,0.024653339640300365,-0.012000521962937216,0.032612077342953905,-0.01138805785140995,0.018179156685644182
2021-12-21,121.13299674987792,0,400,0.0,48453.198699951165,106341.99920654297,154795.19790649414,0.007138654723521043,0.031967986043295316,0.0231691215505212,0.056536792077449105,0.017777934551572505,0.036280279094976775
2021-12-22,122.59799728393554,0,400,0.0,49039.19891357422,106341.99920654297,155381.1981201172,0.003785648531403618,0.035874654134115724,0.012094149186143266,0.0693147056614829,0.010180197220578835,0.04682981671196007
2021-12-23,123.0635013580322,0,400,0.0,49225.400543212876,106341.99920654297,155567.39974975586,0.001198353674005892,0.03711599833170687,0.0037969957455223913,0.07337488904950407,0.006223699921661829,0.05334497136022365
2021-12-27,125.34999618530271,1,800,400.0,100279.99694824217,56202.00073242189,156481.99768066406,0.005879110484455108,0.04321331787109495,0.018579796625632694,0.09331797619110493,0.01383893524747526,0.06792214421213139
2021-12-28,124.4925979614258,1,800,0.0,99594.07836914064,56202.00073242189,155796.07910156253,-0.004383370542733633,0.03864052734375134,-0.006840033904823017,0.0858396441652054,-0.0010101548486260992,0.06684337748020042
2021-12-29,124.4500030517578,1,800,0.0,99560.00244140625,56202.00073242189,155762.00317382812,-0.00021872134350819916,0.038413354492188745,-0.000342148130615727,0.0854681261608059,0.0014018951394270118,0.06833898002561978
2021-12-30,123.76400070190432,1,800,0.0,99011.20056152345,56202.00073242189,155213.20129394534,-0.003523336042810965,0.03475467529297016,-0.005512272663972362,0.07948472988135635,-0.0029897555945093135,0.06514490758325575
2021-12-31,123.12599716186524,1,800,0.0,98500.79772949219,56202.00073242189,154702.79846191406,-0.0032883983306591924,0.03135198974609499,-0.0051550009406674535,0.07391998508338182,-0.0026261799136575448,0.062347645421825915
2022-01-03,124.11600303649902,1,800,0.0,99292.80242919922,56202.00073242189,155494.8031616211,0.005119524065377634,0.03663202107747532,0.00804059173086169,0.08255493723505047,0.006374052530970564,0.0691191051198976
2022-01-04,123.08500213623049,1,800,0.0,98468.00170898439,56202.00073242189,154670.00244140628,-0.005304361968660243,0.031133349609376637,-0.008306752353001157,0.07356242146292025,-0.000629621957060511,0.06844596425660132
2022-01-05,119.6220043182373,0,400,-400.0,47848.80172729492,104050.80245971681,151899.60418701172,-0.01791167136914007,0.012664027913412923,-0.028135010422799867,0.04335773154553468,-0.019392757790687165,0.04772585045933586
2022-01-06,119.04400081634522,0,400,0.0,47617.600326538086,104050.80245971681,151668.40278625488,-0.001522067170577901,0.011122685241700792,-0.004831916211288201,0.03831631440830696,-0.0009637690162076495,0.04671608474718325
2022-01-07,118.0224952697754,0,400,0.0,47208.99810791016,104050.80245971681,151259.80056762698,-0.0026940497237498695,0.008398670450848078,-0.008580907391929293,0.0294066182708399,-0.004050216740091761,0.04247665773861686
2022-01-10,117.97000408172607,0,400,0.0,47188.00163269043,104050.80245971681,151238.80409240723,-0.00013881067633936262,0.008258693949383167,-0.0004447557893886289,0.02894878371772891,-0.0014410312534549607,0.04097441629381815
2022-01-11,119.35999813079836,0,400,0.0,47743.99925231934,104050.80245971681,151794.80171203616,0.0036762894481050523,0.011965344746909468,0.011782605755521924,0.041072481578898756,0.009159984668711818,0.05050972598759085
2022-01-12,120.0080032348633,0,400,0.0,48003.20129394532,104050.80245971681,152054.00375366214,0.0017075818058494008,0.01369335835774943,0.005428997270549907,0.0467244612398352,0.002817754443029452,0.05346980443543803
2022-01-13,117.20799713134768,0,400,0.0,46883.19885253907,104050.80245971681,150934.0013122559,-0.007365820128095613,0.006226675415041072,-0.02333182811179535,0.022302466029775703,-0.0142436152864307,0.03846458582518819
2022-01-14,118.07499675750734,0,400,0.0,47229.99870300294,104050.80245971681,151280.80116271976,0.0022976920206758678,0.008538674418133496,0.007397102991087312,0.029864542659040483,0.0008199802697488323,0.03931610629639781
2022-01-18,115.47199935913083,0,400,0.0,46188.79974365234,104050.80245971681,150239.60220336914,-0.006882558469733957,0.0015973480224626968,-0.022045288755944803,0.007160881436612865,-0.018387945694007368,0.020205218174912387
2022-01-19,114.10000267028808,0,400,0.0,45640.001068115234,104050.80245971681,149690.80352783203,-0.00365282300730696,-0.0020613098144514064,-0.011881639674183653,-0.004805841250550169,-0.009689541868338813,0.010319896999108735
2022-01-20,112.98900451660155,0,400,0.0,45195.601806640625,104050.80245971681,149246.40426635742,-0.002968781321238456,-0.00502397155761547,-0.00973705633379296,-0.014496102837355251,-0.01103737849414832,-0.0008313861042393844
2022-01-21,110.78200073242186,0,400,0.0,44312.80029296874,104050.80245971681,148363.60275268555,-0.005915060520294668,-0.010909314982094576,-0.019532907592396898,-0.033745859392580235,-0.018914821867908604,-0.019730482452082865
2022-01-24,111.2397029876709,0,400,0.0,44495.88119506836,104050.80245971681,148546.68365478516,0.001234001457923517,-0.009688775634763891,0.0041315579446388195,-0.02975372442141344,0.002771738943381896,-0.017013431255285094
2022-01-25,109.02299613952636,0,400,0.0,43609.19845581054,104050.80245971681,147660.00091552734,-0.005969051058173802,-0.015599993896482589,-0.019927299234071327,-0.04908811228561116,-0.012171906253646725,-0.02897825161863965
2022-01-26,109.56699542999267,0,400,0.0,43826.79817199707,104050.80245971681,147877.60063171387,0.001473653764305416,-0.014149329121905918,0.004989766468810997,-0.044343284033500185,-0.0014966358477518371,-0.030431517576213873
2022-01-27,108.8650032043457,0,400,0.0,43546.00128173828,104050.80245971681,147596.80374145508,-0.001898846674947774,-0.016021308390297806,-0.006406967927632068,-0.050466145962523745,-0.00538408875771057,-0.03565176034226225
2022-01-28,113.01249961853028,0,400,0.0,45204.99984741212,104050.80245971681,149255.80230712894,0.011240071082974978,-0.004961317952472011,0.03809760981129551,-0.014291175688788349,0.024347646888076113,-0.012172149925937847
2022-01-31,115.45000095367432,0,400,0.0,46180.00038146973,104050.80245971681,150230.80284118652,0.006532412937966026,0.001538685607911816,0.021568422460982006,0.006969008657473852,0.018885951732779516,0.006483919170856334
2022-02-01,115.7099998474121,1,800,400.0,92567.99987792969,57766.80252075197,150334.80239868164,0.0006922652047933742,0.002232015991212588,0.0022520475668259543,0.009236750763290003,0.00686300355780145,0.013391421888995891
2022-02-02,116.45200347900388,1,800,0.0,93161.6027832031,57766.80252075197,150928.40530395508,0.003948539498520365,0.006189368693035657,0.006412614575838305,0.015708597061706353,0.00942251544733641,0.022940118215943217
2022-02-03,113.43200397491454,1,800,0.0,90745.60317993163,57766.80252075197,148512.4057006836,-0.016007587162972348,-0.009917295328774278,-0.025933426766967083,-0.010632207456772291,-0.024391082077444004,-0.0020104981677721012
2022-02-04,114.13100357055664,1,800,0.0,91304.80285644531,57766.80252075197,149071.60537719727,0.0037653398305370622,-0.006189297485349798,0.006162278467694904,-0.004535447612152299,0.0051569298644233985,0.0031360636986075274
2022-02-07,113.72199592590331,1,800,0.0,90977.59674072266,57766.80252075197,148744.3992614746,-0.002194959361272897,-0.008370671590167578,-0.0035836681695388117,-0.008102862242448827,-0.0037017126347429485,-0.0005772577427519687
2022-02-08,114.91499996185304,1,800,0.0,91931.99996948244,57766.80252075197,149698.8024902344,0.006416397750089953,-0.0020079833984355533,0.010490530228884243,0.002302664665140508,0.008401207191663262,0.007819099787011341
2022-02-09,117.18999862670898,1,800,0.0,93751.99890136719,57766.80252075197,151518.80142211914,0.012157738750137703,0.010125342814129468,0.01979722982736054,0.022145480874092183,0.014517207887505545,0.022449819171618035
2022-02-10,114.42400207519532,1,800,0.0,91539.20166015625,57766.80252075197,149306.0041809082,-0.014604109987949698,-0.004626638793943427,-0.02360266732594074,-0.0019798788696927527,-0.01811572566845976,0.003927398737738619
2022-02-11,111.44099960327148,1,800,0.0,89152.79968261719,57766.80252075197,146919.60220336914,-0.01598329545171906,-0.02053598531087053,-0.02606972678654884,-0.027997990755038282,-0.01896945434456343,-0.015116556217873223
2022-02-14,111.3609977722168,1,800,0.0,89088.79821777344,57766.80252075197,146855.6007385254,-0.0004356223668177117,-0.020962661743162192,-0.0007178850812490367,-0.0286957764964193,-0.0038405967262932217,-0.01889909634784326
2022-02-15,113.94900245666504,1,800,0.0,91159.20196533203,57766.80252075197,148926.00448608398,0.014098228035884786,-0.007159970092771584,0.023239776368938925,-0.006122883555990222,0.01576672117072042,-0.003430351959617828
2022-02-16,113.8790002822876,1,800,0.0,91103.20022583008,57766.80252075197,148870.00274658203,-0.00037603734616531437,-0.007533315022784537,-0.0006143289793524298,-0.006733451070537022,0.0008812077558950637,-0.0025521670564749854
2022-02-17,110.79799957275392,1,800,0.0,88638.39965820314,57766.80252075197,146405.2021789551,-0.016556730853446,-0.023965318806964064,-0.027055038258997577,-0.033606315553206145,-0.021173138152195015,-0.02367126782299578
2022-02-18,109.8030014038086,0,400,-400.0,43921.20056152344,101688.0030822754,145609.20364379883,-0.00543695526736343,-0.029271975708005882,-0.008980290012293723,-0.04228481110558746,-0.0071661613961429005,-0.030667797093467786
2022-02-22,108.8349994659424,0,400,0.0,43533.99978637696,101688.0030822754,145222.00286865237,-0.0026591778916232878,-0.0318533142089823,-0.008815805811229982,-0.05072784223334603,-0.010142945264832837,-0.04049968057098863
2022-02-23,106.56799983978271,0,400,0.0,42627.199935913086,101688.0030822754,144315.20301818848,-0.006244231814403922,-0.03789864654540831,-0.020829692996590654,-0.0705008898498366,-0.018412122845487655,-0.05816611832260021
2022-02-24,109.71899948120118,0,400,0.0,43887.59979248047,101688.0030822754,145575.60287475586,0.008733659588231468,-0.02949598083495919,0.0295679720568629,-0.043017486134037664,0.014956856067329216,-0.044079244515017324
2022-02-25,110.93650398254395,0,400,0.0,44374.60159301758,101688.0030822754,146062.60467529297,0.003345353142422569,-0.026249302164711663,0.011096569482948793,-0.032398263174956976,0.022372677655603468,-0.022692737588250855
2022-02-28,111.12100410461426,0,400,0.0,44448.4016418457,101688.0030822754,146136.4047241211,0.000505263130095468,-0.025757301839190783,0.0016631146236529837,-0.03078903057657123,-0.002442603440647617,-0.025079911669987687
2022-03-01,109.7250030517578,0,400,0.0,43890.00122070312,101688.0030822754,145578.00430297852,-0.0038210904544746516,-0.029479971313474684,-0.012562890914324387,-0.04296512225840432,-0.015473503680411893,-0.04016534124486959
2022-03-02,111.68269672393798,1,800,400.0,89346.15737915039,57014.92439270021,146361.0817718506,0.005379091935086011,-0.024259454854327567,0.017841819254784896,-0.025889878949213574,0.018642691757321028,-0.022271439563704254
2022-03-03,110.35899925231936,1,800,0.0,88287.1994018555,57014.92439270021,145302.12379455572,-0.007235242897053573,-0.03131917470295997,-0.011852305777416805,-0.03743532996478405,-0.005254666430088317,-0.027409077007967464
2022-03-04,108.87400035858154,1,800,0.0,87099.20028686523,57014.92439270021,144114.12467956543,-0.008176061601618545,-0.03923916880289524,-0.013456074301132381,-0.05038767168442293,-0.007934042550334475,-0.03512565477505536
2022-03-07,105.85800266265868,0,400,-400.0,42343.20106506347,99358.12545776367,141701.32652282715,-0.016742273958941123,-0.05532448984781713,-0.027701725719543102,-0.07669357194331772,-0.029518158313449172,-0.06360696844999092
2022-03-08,105.52200393676758,0,400,0.0,42208.80157470703,99358.12545776367,141566.9270324707,-0.0009484702342203999,-0.056220486450193397,-0.003174051252051724,-0.07962419386731845,-0.00723375351819977,-0.07038060483638353
2022-03-09,108.48200016021728,0,400,0.0,43392.800064086914,99358.12545776367,142750.9255218506,0.00836352468898549,-0.04832716318766084,0.028050985699849207,-0.05380674529100338,0.02569824789143582,-0.04649101517478227
2022-03-10,106.94999980926514,0,400,0.0,42779.999923706055,99358.12545776367,142138.12538146973,-0.004292792765725806,-0.0524124974568666,-0.01412216172903824,-0.06716903946092889,-0.004291813651667864,-0.05058329805284312
2022-03-11,105.29599857330322,0,400,0.0,42118.39942932129,99358.12545776367,141476.52488708496,-0.004654630786843139,-0.05682316741943172,-0.015465182224512986,-0.08159544025033316,-0.012961545123475138,-0.0628892054761121
2022-03-14,103.22399921417237,0,400,0.0,41289.599685668945,99358.12545776367,140647.72514343262,-0.005858213893179975,-0.0623484990437807,-0.01967785468778671,-0.09966767172168789,-0.007421002465963666,-0.069843506993155
2022-03-15,106.0009994506836,0,400,0.0,42400.39978027344,99358.12545776367,141758.5252380371,0.007897746611057466,-0.05494316507975072,0.026902660792568422,-0.07544633649343313,0.021408574170870942,-0.04993018272210081
2022-03-16,108.98299942016602,1,800,400.0,87186.39953613281,55764.925689697266,142951.32522583008,0.008414308668844184,-0.04699116516113078,0.028131809935148633,-0.049436968556821004,0.02238376135718223,-0.028664046659490627
2022-03-17,109.87100391387938,1,800,0.0,87896.8031311035,55764.925689697266,143661.72882080078,0.004969548857615802,-0.04225514119465956,0.008148101065651447,-0.04169168490734998,0.01234781757145198,-0.016670167507049638
2022-03-18,111.91700477600098,1,800,0.0,89533.60382080078,55764.925689697266,145298.52951049805,0.011393435838009225,-0.031343136596677756,0.018621845521001434,-0.02384621550220345,0.011662294827948783,-0.005202285087399394
2022-03-21,111.53100299835204,1,800,0.0,89224.80239868163,55764.925689697266,144989.7280883789,-0.002125289382896578,-0.03340181274413878,-0.003449000251762646,-0.02721297015069546,-0.00043466036210393355,-0.005634684222383446
2022-03-22,112.91900367736817,1,800,0.0,90335.20294189453,55764.925689697266,146100.1286315918,0.007658477313206902,-0.025999142456052837,0.012444976210217007,-0.015106658706613207,0.0113041136006502,0.005605734267713158
2022-03-23,111.68900146484374,1,800,0.0,89351.201171875,55764.925689697266,145116.12686157227,-0.006735119121632049,-0.032559154256183054,-0.010892783078734758,-0.025834888229012365,-0.012272698789159042,-0.006735762009605573
2022-03-24,114.3489984512329,1,800,0.0,91479.19876098633,55764.925689697266,147244.1244506836,0.01466410133135132,-0.01837250366210752,0.023816105001408294,-0.002634069638365877,0.01434391292056647,0.007511533727241559
2022-03-25,114.19800052642822,1,800,0.0,91358.40042114258,55764.925689697266,147123.32611083984,-0.0008203949753132767,-0.019177825927732428,-0.0013205006327107194,-0.003951091980452515,0.005066170567449069,0.01261575900577605
2022-03-28,115.35600395202636,1,800,0.0,92284.80316162108,55764.925689697266,148049.72885131836,0.006296776758435874,-0.01300180765787562,0.010140312617208602,0.00614915532889504,0.007144955276586762,0.01985085331623937
2022-03-29,117.31899986267088,1,800,0.0,93855.1998901367,55764.925689697266,149620.12557983398,0.010607224617700695,-0.002532496134438178,0.017016850821747198,0.023270645409553703,0.012256547427530462,0.032350703668917236
2022-03-30,116.03300437927248,1,800,0.0,92826.40350341798,55764.925689697266,148591.32919311523,-0.006876056163779953,-0.00939113871256314,-0.010961527842069385,0.012054035739924585,-0.0062937001746978805,0.025853397864886718
2022-03-31,114.41799545288086,1,800,0.0,91534.39636230469,55764.925689697266,147299.32205200195,-0.008695037241602033,-0.018004519653318396,-0.013918530637306525,-0.0020322693631312783,-0.015652540713177343,0.009796185789055167
2022-04-01,114.27100372314452,1,800,0.0,91416.80297851561,55764.925689697266,147181.7286682129,-0.0007983294298363752,-0.01878847554524543,-0.0012846906568719785,-0.003314349182540144,0.0034102225843584133,0.013239815547432032
2022-04-04,116.18800048828123,1,800,0.0,92950.40039062499,55764.925689697266,148715.32608032227,0.01041975404138995,-0.008564492797849654,0.016775881043114005,0.013405930732952154,0.008090938687879357,0.021437876771144504
2022-04-05,114.02300491333008,1,800,0.0,91218.40393066406,55764.925689697266,146983.32962036133,-0.01164638847663535,-0.020111135864255947,-0.018633555667131985,-0.005477425090761989,-0.012551720801807331,0.008617073725522229
2022-04-06,111.53800086975096,1,800,0.0,89230.40069580077,55764.925689697266,144995.32638549805,-0.01352536535944604,-0.03336449076334447,-0.021793883133215064,-0.027151933861678024,-0.009716916613271898,-0.0011835742745910371
2022-04-07,111.68300457000733,0,400,-400.0,44673.20182800293,100438.1275177002,145111.32934570312,0.0008000462021560129,-0.032591137695310524,0.0013000385440447015,-0.025887193878198822,0.004253385628492534,0.003064777156091658
2022-04-08,110.37900199890136,0,400,0.0,44151.60079956055,100438.1275177002,144589.72831726074,-0.003594488664629081,-0.0360684778849264,-0.011675926665176473,-0.037260863566086266,-0.002651026482054286,0.0004056258686349068
2022-04-11,107.7740041732788,0,400,0.0,43109.601669311516,100438.1275177002,143547.72918701172,-0.007206591660250283,-0.043015138753253246,-0.023600483592418176,-0.05998197275927364,-0.01687729010355421,-0.016478510100377708
2022-04-12,107.51400203704834,0,400,0.0,43005.600814819336,100438.1275177002,143443.72833251953,-0.0007245036552037121,-0.04370847778320108,-0.0024124754222959455,-0.062249743146507,-0.003417447717741773,-0.019839643371385107
2022-04-13,109.26199550628662,0,400,0.0,43704.79820251465,100438.1275177002,144142.92572021484,0.004874367083337994,-0.03904716186523238,0.0162582866986567,-0.04700353061884399,0.011174577597236057,-0.008886765408504083
2022-04-14,106.99799919128417,0,400,0.0,42799.199676513665,100438.1275177002,143237.32719421387,-0.00628264288015612,-0.04508448537190557,-0.020720803281248812,-0.06675038298861558,-0.01214413784439794,-0.02092298114879032
2022-04-18,107.44799728393554,0,400,0.0,42979.19891357421,100438.1275177002,143417.3264312744,0.001256650347967625,-0.043884490458168446,0.004205668293356446,-0.06282544466456375,-0.0002048682840329885,-0.021123562977578447
2022-04-19,109.03900299072264,0,400,0.0,43615.601196289055,100438.1275177002,144053.72871398926,0.004437415607658757,-0.03964180857340294,0.014807216020814362,-0.04894849857450134,0.016057604355527166,-0.0054051524389242545
2022-04-20,109.00600357055664,0,400,0.0,43602.401428222656,100438.1275177002,144040.52894592285,-9.163086706776014e-05,-0.03972980702717899,-0.00030263868213098455,-0.04923632354753149,-0.0006184750715809706,-0.006020284558463707
2022-04-21,107.36799812316892,0,400,0.0,42947.19924926756,100438.1275177002,143385.32676696777,-0.004548734885589489,-0.044097821553546246,-0.015026745259287377,-0.0635232071153663,-0.014752948498371943,-0.02068441610879912
2022-04-22,104.6540008544922,0,400,0.0,41861.600341796875,100438.1275177002,142299.72785949707,-0.007571199452193866,-0.051335147603351006,-0.025277525111004784,-0.08719502276338087,-0.027740054250753654,-0.047850683534549576
2022-04-25,105.98499736785888,0,400,0.0,42393.998947143555,100438.1275177002,142832.12646484375,0.003741388780956534,-0.04778582356770644,0.012718066222974667,-0.07558590861422465,0.005697936985382235,-0.04242539672865464
2022-04-26,102.66900424957277,0,400,0.0,41067.60169982911,100438.1275177002,141505.7292175293,-0.009286406917990764,-0.05662847188313613,-0.03128738218275151,-0.1045084055865324,-0.028146308431003852,-0.06937758685802609
2022-04-27,103.93099937438966,0,400,0.0,41572.39974975586,100438.1275177002,142010.52726745605,0.003567332946291968,-0.053263151550291044,0.012291880436954283,-0.09350112997570448,0.0020980468517017847,-0.06742509743401048
2022-04-28,107.46900424957276,0,400,0.0,42987.6016998291,100438.1275177002,143425.7292175293,0.009965472118893759,-0.0438284718831361,0.03404186331777859,-0.06264221934461667,0.02474690007293945,-0.0443467595096787
2022-04-29,103.54599933624267,0,400,0.0,41418.39973449707,100438.1275177002,141856.52725219727,-0.010940867959277178,-0.05428981831868296,-0.03650359413603377,-0.09685914732991419,-0.036284507106413955,-0.07902216630551728
2022-05-02,104.85000438690186,0,400,0.0,41940.00175476074,100438.1275177002,142378.12927246094,0.003676968768143718,-0.05081247151692525,0.012593485591120945,-0.08548545601506075,0.005675242812353654,-0.07379539347450559
2022-05-03,104.87400436401369,0,400,0.0,41949.601745605476,100438.1275177002,142387.72926330566,6.742602177589596e-05,-0.05074847157796036,0.00022889819845173243,-0.08527612528348472,0.004837126381486367,-0.06931522473762697
2022-05-04,108.28099727630614,1,800,400.0,86624.79782104491,57125.728607177734,143750.52642822266,0.00957102955407696,-0.04166315714518032,0.032486534036279435,-0.05555991699370921,0.02986242108440229,-0.04152272408189972
2022-05-05,103.61000442504884,0,400,-400.0,41444.00177001954,98569.73037719727,140013.7321472168,-0.025994995453959002,-0.06657511901855273,-0.0431376969990227,-0.09630088712816642,-0.035649708609806985,-0.07569215967750154
2022-05-06,102.82600440979004,0,400,0.0,41130.401763916016,98569.73037719727,139700.13214111328,-0.0022397803507857583,-0.06866578572590953,-0.007566837001980242,-0.10313903101410171,-0.0056742248424840325,-0.08093689018716221
2022-05-09,98.92040252685548,0,400,0.0,39568.161010742195,98569.73037719727,138137.89138793945,-0.011182815142907532,-0.07908072408040168,-0.03798262808471731,-0.1372041676427923,-0.03203710063235676,-0.11038100752372282
2022-05-10,100.22300148010252,0,400,0.0,40089.20059204101,98569.73037719727,138658.93096923828,0.00377188022825381,-0.07560712687174276,0.013168152574929204,-0.1258427404812995,0.0024578974498534745,-0.10819441527077411
2022-05-11,97.56800079345702,0,400,0.0,39027.200317382805,98569.73037719727,137596.93069458008,-0.00765908309861274,-0.08268712870279749,-0.026490931696678488,-0.14899998073536502,-0.01646320750393837,-0.12287639566534247
2022-05-12,96.65800342559814,0,400,0.0,38663.20137023926,98569.73037719727,137232.93174743652,-0.002645400193929559,-0.08511378835042116,-0.00932680141499731,-0.1569370889192051,-0.0012959645058717717,-0.12401311672382254
2022-05-13,99.46900062561032,0,400,0.0,39787.600250244126,98569.73037719727,138357.3306274414,0.008193360483431444,-0.07761779581705519,0.029081887690510122,-0.1324192280231189,0.02386969542307149,-0.10310357662541447
2022-05-16,98.74300231933591,0,400,0.0,39497.20092773437,98569.73037719727,138066.93130493164,-0.002098908104057995,-0.0795537913004537,-0.007298739322886938,-0.13875147391932718,-0.003946400929555671,-0.1066430895043351
2022-05-17,101.0389986038208,0,400,0.0,40415.59944152832,98569.73037719727,138985.3298187256,0.0066518354910458655,-0.07343113454182748,0.023252243000062123,-0.118725513907454,0.020169632234863677,-0.08862440916516356
2022-05-18,97.04800033569336,0,400,0.0,38819.200134277344,98569.73037719727,137388.9305114746,-0.011486099355472401,-0.08407379659016734,-0.03949958256985853,-0.15353548823757612,-0.04039526078745259,-0.12543966383225547
2022-05-19,96.37600269317626,0,400,0.0,38550.40107727051,98569.73037719727,137120.13145446777,-0.0019564826366006427,-0.08586579030354624,-0.006924384224225366,-0.1593967337491905,-0.005833781800992588,-0.13054165800526085
2022-05-20,96.4889986038208,0,400,0.0,38595.59944152832,98569.73037719727,137165.3298187256,0.0003296260277640961,-0.0855644678751607,0.0011724486125894718,-0.1584111696159366,0.00014614176965843662,-0.13041459382451748
2022-05-23,98.24500408172608,0,400,0.0,39298.00163269043,98569.73037719727,137867.7320098877,0.005120843525768359,-0.08088178660074663,0.018199022720873703,-0.14309507537014354,0.018555039930923556,-0.11427940188958297
2022-05-24,97.10800075531006,0,400,0.0,38843.20030212402,98569.73037719727,137412.9306793213,-0.003298823618377855,-0.08391379547118938,-0.011573141423763311,-0.15301215724960415,-0.008120797617175213,-0.12147215961220104
2022-05-25,98.10799713134766,1,800,400.0,78486.39770507812,59326.5315246582,137812.92922973633,0.002910923654983355,-0.08124713846842258,0.010297775345590399,-0.14429006672451428,0.009450764734207695,-0.11316939968024442
2022-05-26,100.09500160217284,1,800,0.0,80076.00128173828,59326.5315246582,139402.53280639648,0.01153450249947352,-0.07064978129068811,0.020253236524286233,-0.12695917104970467,0.019883256167224195,-0.09553631967715348
2022-05-27,102.93300437927246,1,800,0.0,82346.40350341797,59326.5315246582,141672.93502807617,0.01628666406537138,-0.055513766479490134,0.028353091879445236,-0.10220576421196992,0.02474226295510973,-0.07315784146525928
2022-05-31,102.39599838256837,1,800,0.0,81916.79870605469,59326.5315246582,141243.3302307129,-0.0030323702779090356,-0.058377798461911934,-0.0052170438426669685,-0.10688959610176973,-0.006274368617659065,-0.07897319081829302
2022-06-01,102.04099903106687,1,800,0.0,81632.7992248535,59326.5315246582,140959.33074951172,-0.002010710741082611,-0.06027112833658643,-0.003466926023565464,-0.10998594380296156,-0.007482768681131846,-0.08586502138052066
2022-06-02,104.22099876403809,1,800,0.0,83376.79901123047,59326.5315246582,142703.33053588867,0.012372361425836198,-0.04864446309407344,0.02136395913085387,-0.09097171988048258,0.018431018038486124,-0.06901658309997394
2022-06-03,102.10400333404542,1,800,0.0,81683.20266723633,59326.5315246582,141009.73419189453,-0.011867952469183707,-0.05993510538736768,-0.020312561336949586,-0.10943641257743209,-0.016347313992415624,-0.0842356613377706
2022-06-06,102.16599998474122,1,800,0.0,81732.79998779297,59326.5315246582,141059.33151245117,0.0003517297641959516,-0.05960445658365665,0.0006071911841984967,-0.10889567021818092,0.003137400778913113,-0.08136254158835088
2022-06-07,103.2329988479614,1,800,0.0,82586.39907836911,59326.5315246582,141912.93060302731,0.0060513479074639775,-0.053913795979815715,0.010443776436187546,-0.09958917581662086,0.009523393173235029,-0.07261399588823536
2022-06-08,102.21000423431396,1,800,0.0,81768.00338745117,59326.5315246582,141094.53491210938,-0.005766885987346981,-0.05936976725260201,-0.009909569857154632,-0.10851185977900424,-0.010793945785935621,-0.08262415013925317
2022-06-09,99.88300132751463,1,800,0.0,79906.4010620117,59326.5315246582,139232.93258666992,-0.013194007312891887,-0.07178044942219841,-0.022766880054761796,-0.12880826333765827,-0.02379869397635359,-0.1044564972513864
2022-06-10,96.54499740600586,1,800,0.0,77235.99792480469,59326.5315246582,136562.5294494629,-0.019179393032928815,-0.08958313700357856,-0.033419139164265976,-0.15792274122393557,-0.029110303335524668,-0.1305260402665568
2022-06-13,92.41039953231812,0,400,-400.0,36964.159812927246,96290.69133758545,133254.8511505127,-0.02422098003225881,-0.1116343256632466,-0.042825604482646495,-0.19398520885211046,-0.038768430665237275,-0.16423418118971211
2022-06-14,92.7209994316101,0,400,0.0,37088.399772644036,96290.69133758545,133379.0911102295,0.0009323484934629089,-0.11080605926513454,0.0033610924837885747,-0.19127611859576088,-0.0037736797459957394,-0.16738809373255203
2022-06-15,94.43599729537964,0,400,0.0,37774.398918151855,96290.69133758545,134065.0902557373,0.0051432285210346596,-0.10623273162841573,0.01849632633688869,-0.17631769776887285,0.014592504858983224,-0.15523820044469705
2022-06-16,91.13949842453005,0,400,0.0,36455.79936981202,96290.69133758545,132746.49070739746,-0.009835517552142292,-0.11502339528401473,-0.03490722780783162,-0.205070163534134,-0.03251195148816344,-0.18270305509089269
2022-06-17,91.68600149154662,0,400,0.0,36674.400596618645,96290.69133758545,132965.0919342041,0.0016467571055305275,-0.11356605377197038,0.005996336127185531,-0.200303497037156,0.002200865698254617,-0.1809042942795539
2022-06-21,93.39899959564208,0,400,0.0,37359.599838256836,96290.69133758545,133650.29117584229,0.005153226547440326,-0.10899805882771585,0.01868331126048073,-0.18536251835838324,0.024477242280086964,-0.16085509024005573
2022-06-22,92.95299921035766,0,400,0.0,37181.19968414307,96290.69133758545,133471.89102172852,-0.0013348280242730937,-0.11018739318847437,-0.004775215871854255,-0.1892525881905257,-0.0013015723144006452,-0.1619472980223695
2022-06-23,94.07800455093384,0,400,0.0,37631.201820373535,96290.69133758545,133921.89315795898,0.0033715124044897404,-0.10718737894693797,0.012102948265609204,-0.17944015420891912,0.009532217409177868,-0.15395879746676977
2022-06-24,96.904998588562,0,400,0.0,38761.9994354248,96290.69133758545,135052.69077301025,0.008443709899751184,-0.09964872817992942,0.030049468535417567,-0.15478276694139292,0.03056329358583576,-0.12810099180803314
2022-06-27,96.28700199127198,1,800,400.0,77029.60159301758,57775.89054107666,134805.49213409424,-0.001830386625406022,-0.10129671910603621,-0.006377344887170344,-0.16017300874118745,-0.0029730715337762392,-0.13069320992961642
2022-06-28,93.89200096130372,1,800,0.0,75113.60076904298,57775.89054107666,132889.49131011963,-0.014213076883163756,-0.11407005793253366,-0.02487356528335316,-0.1810625002349856,-0.020143036075892073,-0.14820368796302208
2022-06-29,94.105997467041,1,800,0.0,75284.79797363281,57775.89054107666,133060.68851470947,0.0012882674386218707,-0.11292874323526803,0.0022791771774623992,-0.17919599657575302,-0.0007117454091590814,-0.14880995007765307
2022-06-30,92.86700201034546,1,800,0.0,74293.60160827637,57775.89054107666,132069.49214935303,-0.007449205144063775,-0.11953671900431095,-0.013165956368822118,-0.1900026662721912,-0.008759278267998716,-0.15626576058387465
2022-07-01,93.09000244140626,1,800,0.0,74472.001953125,57775.89054107666,132247.89249420166,0.0013508066241891825,-0.11834738337198658,0.002401288145771563,-0.18805762927660408,0.010553814029047315,-0.14736114633113717
2022-07-05,93.8379970550537,1,800,0.0,75070.39764404297,57775.89054107666,132846.28818511963,0.00452480322848392,-0.1143580787658669,0.008035176646582043,-0.18153352890099694,0.0015841285142366157,-0.14601045681069436
2022-07-06,94.3769971847534,1,800,0.0,75501.59774780272,57775.89054107666,133277.4882888794,0.003245857371332095,-0.11148341140746842,0.005743943249166605,-0.17683230393965865,0.0035731642904301975,-0.14295901187056959
2022-07-07,96.27399826049805,1,800,0.0,77019.19860839844,57775.89054107666,134795.0891494751,0.011386775666917481,-0.10136607233683048,0.020100248284346867,-0.16028642886919198,0.014964587965241805,-0.130133746613889
2022-07-08,96.38699760437012,1,800,0.0,77109.5980834961,57775.89054107666,134885.48862457275,0.0006706436834460483,-0.10076340916951287,0.0011737265088578308,-0.15930083479090806,-0.000830271529819071,-0.1308559717988259
2022-07-11,95.23299617767334,1,800,0.0,76186.39694213867,57775.89054107666,133962.28748321533,-0.006844332557722099,-0.10691808344522902,-0.011972584014220411,-0.16936617617705885,-0.011527461422777274,-0.14087499605475218
2022-07-12,93.90700006484984,1,800,0.0,75125.60005187987,57775.89054107666,132901.49059295654,-0.00791862329457238,-0.113990062713621,-0.013923704661666148,-0.18093167622195994,-0.009243878717321574,-0.1488166433942405
2022-07-13,93.7370018005371,1,800,0.0,74989.60144042969,57775.89054107666,132765.49198150635,-0.0010233038835262276,-0.114896720123289,-0.0018102831971561484,-0.18241442184581813,-0.0044569025122100925,-0.1526102846346481
2022-07-14,94.48099775314331,1,800,0.0,75584.79820251465,57775.89054107666,133360.6887435913,0.004483068252161937,-0.11092874170938927,0.007937057280638982,-0.17592519828018405,-0.00299863390215227,-0.15515129616347778
2022-07-15,96.00800275802612,1,800,0.0,76806.4022064209,57775.89054107666,134582.29274749756,0.009160150681697399,-0.10278471501668096,0.01616203301400887,-0.1626064741287756,0.01920124935943668,-0.13892914553011582
2022-07-18,95.32600345611571,1,800,0.0,76260.80276489258,57775.89054107666,134036.69330596924,-0.004054021003728758,-0.10642204462686977,-0.00710356722688299,-0.1685549553351584,-0.008363571580831342,-0.14613077325764234
2022-07-19,97.8480040550232,1,800,0.0,78278.40324401855,57775.89054107666,136054.29378509521,0.015052598130874006,-0.09297137476603001,0.026456585899654383,-0.14655775809014104,0.02762829164595959,-0.12253982523369444
2022-07-20,99.11800441741944,1,800,0.0,79294.40353393555,57775.89054107666,137070.2940750122,0.00746760915551703,-0.08619803949991678,0.012979318021470121,-0.13548065981943658,0.005895806193263242,-0.11736649010096545
2022-07-21,100.16199979782104,1,800,0.0,80129.59983825684,57775.89054107666,137905.4903793335,0.006093196997623895,-0.08063006413777485,0.010532853103105033,-0.12637480460452144,0.00986137270919718,-0.10866251209422417
2022-07-22,99.03400039672852,1,800,0.0,79227.20031738281,57775.89054107666,137003.09085845947,-0.006543608368251408,-0.08664606094360161,-0.011261749998696224,-0.1362133531476275,-0.00933246697634671,-0.11698088976488463
2022-07-25,98.50700397491454,1,800,0.0,78805.60317993163,57775.89054107666,136581.4937210083,-0.00307728194166601,-0.08945670852660936,-0.00532136861787702,-0.1408098803027289,0.0013151670479691902,-0.11581957212837635
2022-07-26,97.17499999999998,1,800,0.0,77739.99999999999,57775.89054107666,135515.89054107666,-0.007801958749318771,-0.0965607297261537,-0.01352192149965048,-0.15242778165455073,-0.01154320266205866,-0.1260258459971242
2022-07-27,100.8640022277832,1,800,0.0,80691.20178222656,57775.89054107666,138467.09232330322,0.02177753302910279,-0.07688605117797653,0.037962461824370575,-0.12025185367221458,0.026156273782937722,-0.10316593874581359
2022-07-28,102.32299633026123,1,800,0.0,81858.39706420898,57775.89054107666,139634.28760528564,0.008429405589431838,-0.06910474929809363,0.0144649634185956,-0.10752632891800584,0.012133338697180918,-0.09228434732544821
2022-07-29,103.70400094985963,1,800,0.0,82963.20075988771,57775.89054107666,140739.09130096436,0.007912123265896742,-0.061739391326902315,0.013496522474195638,-0.09548103795861984,0.014207760082581844,-0.07938774110904401
2022-08-01,103.37000207901,1,800,0.0,82696.00166320801,57775.89054107666,140471.89220428467,-0.0018985421478123765,-0.06352071863810027,-0.0032206941659956856,-0.098394216902699,-0.0028230841271976725,-0.08198670696442267
2022-08-02,102.64299964904784,1,800,0.0,82114.39971923827,57775.89054107666,139890.29026031494,-0.0041403439139547915,-0.0673980649312318,-0.007033011660447563,-0.1047352208883493,-0.006662395550704803,-0.0881028746434308
2022-08-03,104.96700172424316,1,800,0.0,83973.60137939453,57775.89054107666,141749.4919204712,0.013290426781562559,-0.05500338719685682,0.02264160325732334,-0.08446499094944804,0.015638477163140152,-0.07384219227340894
2022-08-04,105.39300022125244,1,800,0.0,84314.40017700195,57775.89054107666,142090.2907180786,0.0024042329393225703,-0.05273139521280723,0.004058403974692926,-0.08074938002974674,-0.0007773401640558397,-0.07456213193560868
2022-08-05,105.10900268554688,1,800,0.0,84087.2021484375,57775.89054107666,141863.09268951416,-0.0015989694117470865,-0.05424604873657024,-0.0026946527293971734,-0.08322644122184963,-0.0016257460597355333,-0.07606665890314446
2022-08-08,104.48000230789184,1,800,0.0,83584.00184631348,57775.89054107666,141359.89238739014,-0.0035470839707784085,-0.05760071741739714,-0.0059842673946476355,-0.08871265933792083,-0.0012375507238541195,-0.07721007327821183
2022-08-09,103.59699878692626,1,800,0.0,82877.59902954102,57775.89054107666,140653.48957061768,-0.004997194075647693,-0.062310069529213585,-0.008451411767425587,-0.09641432389229831,-0.004248692893594086,-0.08113072428215495
2022-08-10,106.11400003433228,1,800,0.0,84891.20002746582,57775.89054107666,142667.09056854248,0.014316040107301031,-0.04888606287638153,0.024296082674970743,-0.07446073160166622,0.021290637641290244,-0.061567411493131496
2022-08-11,105.85899848937989,1,800,0.0,84687.1987915039,57775.89054107666,142463.08933258057,-0.0014299109566821011,-0.050246071116127666,-0.002403090495786464,-0.07668488622103142,-0.0007054739583503,-0.06222945124599033
2022-08-12,107.66700010299684,1,800,0.0,86133.60008239748,57775.89054107666,143909.49062347412,0.010152814302074598,-0.04060339584350392,0.0170793379818186,-0.060915275329079144,0.017322368774566943,-0.04598504397454539
2022-08-15,108.20899839401244,1,800,0.0,86567.19871520995,57775.89054107666,144343.08925628662,0.0030129953968565104,-0.03771273829142063,0.005034024264603865,-0.056187900038566885,0.0039695418998517695,-0.04219804163351715
2022-08-16,107.86499605178832,1,800,0.0,86291.99684143066,57775.89054107666,144067.88738250732,-0.0019065815703214195,-0.039547417449949274,-0.0031790548598511492,-0.05918833048173555,0.0018756797165810912,-0.04040151192770747
2022-08-17,107.10300455093385,1,800,0.0,85682.40364074707,57775.89054107666,143458.29418182373,-0.0042312913152192655,-0.043611372121173164,-0.007064307502395173,-0.06583451341705437,-0.007237794954094601,-0.04734688902263395
2022-08-18,107.5770034790039,1,800,0.0,86061.60278320312,57775.89054107666,143837.49332427979,0.0026432709563342094,-0.04108337783813276,0.004425636143985612,-0.06170023687516901,0.002269561170191503,-0.04518478451329755
2022-08-19,105.76000003814696,0,400,-400.0,42304.00001525878,100079.89055633545,142383.89057159424,-0.010105868220384062,-0.05077406285603636,-0.01689025890381468,-0.07754836280373545,-0.012900001139847905,-0.057501901881420125
2022-08-22,103.26999711990356,0,400,0.0,41307.998847961426,100079.89055633545,141387.88940429688,-0.006995181570744857,-0.057414070638018844,-0.02354390050439925,-0.09926647237000452,-0.0214000649197158,-0.0776714223678664
2022-08-23,103.12800340652466,0,400,0.0,41251.20136260986,100079.89055633545,141331.0919189453,-0.00040171393455878945,-0.05779272054036255,-0.0013749754753459298,-0.10050495888031763,-0.0022378626777133093,-0.07973546706833778
2022-08-24,103.21500129699707,0,400,0.0,41286.00051879883,100079.89055633545,141365.89107513428,0.0002462243496210714,-0.05756072616576935,0.0008435913389059913,-0.09974615265424014,0.0029161604463010526,-0.07705182803726873
2022-08-25,104.66999683380126,0,400,0.0,41867.99873352051,100079.89055633545,141947.88928985596,0.004116963507218019,-0.053680738067624745,0.014096744838645092,-0.08705550387819838,0.014091605518061545,-0.06404600648435388
2022-08-26,100.83870277404785,0,400,0.0,40335.48110961914,100079.89055633545,140415.3716659546,-0.01079633963962634,-0.06389752222696721,-0.036603555705049695,-0.12047251859761132,-0.03368805871951874,-0.09557647957667703
2022-08-29,99.68399963378906,0,400,0.0,39873.599853515625,100079.89055633545,139953.49040985107,-0.0032893923978801753,-0.06697673060099063,-0.011450991618229822,-0.13054398041515292,-0.006666355799502699,-0.10160568855725771
2022-08-30,98.67699737548828,0,400,0.0,39470.79895019531,100079.89055633545,139550.68950653076,-0.0028781054487510005,-0.0696620699564594,-0.010101944765461002,-0.13932717710099662,-0.011028155571448206,-0.11151332078835241
2022-08-31,97.77499685287476,0,400,0.0,39109.9987411499,100079.89055633545,139189.88929748535,-0.002585441966078794,-0.07206740468342887,-0.009140940103610995,-0.14719453582392217,-0.007817025105971265,-0.11845864346607093
2022-09-01,97.16800355911256,0,400,0.0,38867.20142364503,100079.89055633545,138947.09197998047,-0.0017443603032541999,-0.07368605346679469,-0.006208062524160063,-0.1524888054664726,0.0029962320243361873,-0.11581734102284724
2022-09-02,96.18500394821169,0,400,0.0,38474.001579284675,100079.89055633545,138553.89213562012,-0.002829852994814752,-0.07630738576253038,-0.010116494884068183,-0.16106264813016158,-0.010736500458081055,-0.12531036854598276
2022-09-06,95.52400045394896,0,400,0.0,38209.60018157958,100079.89055633545,138289.49073791504,-0.0019082928211520134,-0.07807006174723086,-0.006872209462284062,-0.16682800133794506,-0.004095056983834944,-0.1288922724299566
2022-09-07,96.78100090026857,0,400,0.0,38712.40036010743,100079.89055633545,138792.29091644287,0.003635852412536167,-0.07471806055704522,0.013159001301726203,-0.15586428992298929,0.018341016392734,-0.11291527131875723
2022-09-08,97.00399580001832,0,400,0.0,38801.598320007324,100079.89055633545,138881.48887634277,0.0006426722933308149,-0.07412340749104585,0.00230411855297441,-0.15391930117217256,0.006610721877456038,-0.10705100089570696
2022-09-09,98.83899793624876,0,400,0.0,39535.599174499504,100079.89055633545,139615.48973083496,0.00528508774229608,-0.06923006846109792,0.018916768542333484,-0.1379141884243108,0.015271449816332883,-0.09341437506734107
2022-09-12,100.35699634552002,0,400,0.0,40142.79853820801,100079.89055633545,140222.68909454346,0.004349083077236804,-0.06518207270304122,0.015358294205394252,-0.12467402089983526,0.0105842727693497,-0.08381882552428244
2022-09-13,95.71499996185302,0,400,0.0,38285.99998474121,100079.89055633545,138365.89054107666,-0.013241783947067765,-0.07756072972615324,-0.04625483576336842,-0.165162080302523,-0.0432366134006168,-0.12343139677001214
2022-09-14,95.94999723434448,0,400,0.0,38379.99889373779,100079.89055633545,138459.88945007324,0.000679350298176784,-0.07693407033284272,0.002455177063000802,-0.16311240539075844,0.0033870120853238816,-0.12046244831725672
2022-09-15,93.988995552063,0,400,0.0,37595.5982208252,100079.89055633545,137675.48877716064,-0.005665183440692001,-0.08216340815226009,-0.02043774610531779,-0.18021650156807223,-0.011317739184353415,-0.1304168249300468
2022-09-16,93.53500442504884,0,400,0.0,37414.00177001954,100079.89055633545,137493.89232635498,-0.0013190180214256442,-0.08337405115763119,-0.004830258312130686,-0.18417626762552064,-0.007182134089448455,-0.13666228789532753
2022-09-19,94.0120018005371,0,400,0.0,37604.800720214844,100079.89055633545,137684.6912765503,0.00138769036912878,-0.0821020581563291,0.005099667000823205,-0.1800158382590421,0.006857100716286535,-0.13074229425125738
2022-09-20,93.45799522399903,0,400,0.0,37383.19808959962,100079.89055633545,137463.08864593506,-0.0016094936086258338,-0.08357940902709726,-0.005892934582049314,-0.1848479512824981,-0.011272103097361819,-0.14054065672863336
2022-09-21,92.22699890136718,0,400,0.0,36890.799560546875,100079.89055633545,136970.69011688232,-0.0035820417968419616,-0.08686206588744882,-0.013171653422282548,-0.19558485155466865,-0.017116493600784488,-0.15525158707787212
2022-09-22,91.4369981765747,0,400,0.0,36574.79927062988,100079.89055633545,136654.68982696533,-0.002307065034478084,-0.08896873448689546,-0.008565829249603474,-0.2024753343620458,-0.00842758097968943,-0.16237077273523748
2022-09-23,90.17549896240234,0,400,0.0,36070.19958496094,100079.89055633545,136150.0901412964,-0.0036925164171670577,-0.09233273239135509,-0.013796376076741557,-0.21347828457966456,-0.017232619015461026,-0.17680531808490618
2022-09-26,89.45599832534789,0,400,0.0,35782.39933013916,100079.89055633545,135862.2898864746,-0.002113845495975042,-0.09425140075683358,-0.007978892773905732,-0.21975385701135186,-0.010340526208282075,-0.18531758426776768
2022-09-27,89.54100027084351,0,400,0.0,35816.4001083374,100079.89055633545,135896.29066467285,0.0002502591280233446,-0.09402472890217861,0.0009502095676856559,-0.21901245966113425,-0.0021203598092424114,-0.18704500411938285
2022-09-28,90.56399765014648,0,400,0.0,36225.599060058594,100079.89055633545,136305.48961639404,0.0030111120010691828,-0.09129673589070408,0.011424904526514235,-0.21008975157636556,0.019672139926234733,-0.17105243968668782
2022-09-29,88.49799938201903,0,400,0.0,35399.19975280761,100079.89055633545,135479.09030914307,-0.006062846841874969,-0.09680606460571062,-0.02281257808548276,-0.22810964079905283,-0.021126437880238824,-0.18856514882562259
2022-09-30,87.08999900817871,0,400,0.0,34835.999603271484,100079.89055633545,134915.89015960693,-0.004157100171332639,-0.10056073226928486,-0.015909968402363694,-0.240390392024029,-0.015066695771983274,-0.20079079086705143
2022-10-03,89.49099998474121,0,400,0.0,35796.399993896484,100079.89055633545,135876.29055023193,0.007118512055835913,-0.09415806299845153,0.027569192833921452,-0.21944856826324,0.025883894952576147,-0.18010414365272276
2022-10-04,92.16100025177002,1,800,400.0,73728.80020141602,63215.49045562744,136944.29065704346,0.007860091723777884,-0.08703806228637478,0.029835405431652973,-0.1961604998371166,0.030583700679551518,-0.15502869419379306
2022-10-05,92.40499897003173,1,800,0.0,73923.99917602538,63215.49045562744,137139.48963165283,0.0014253896505858066,-0.085736735788979,0.00264752680195679,-0.19403231321596381,-0.002017948757084831,-0.15673380299011708
2022-10-06,91.80899839401243,1,800,0.0,73447.19871520995,63215.49045562744,136662.6891708374,-0.003476755397705533,-0.08891540552774857,-0.0064498737369456105,-0.19923070303177892,-0.010245080846639998,-0.16537313335372195
2022-10-07,88.60999813079833,1,800,0.0,70887.99850463867,63215.49045562744,134103.4889602661,-0.01872640020548788,-0.10597674026489057,-0.034844081943744776,-0.2271327740333745,-0.028003617786773516,-0.18874570512185673
2022-10-10,87.32099895477295,1,800,0.0,69856.79916381836,63215.49045562744,133072.2896194458,-0.0076895787635014035,-0.11285140253702597,-0.0145468818780774,-0.23837558227694833,-0.00749246363390188,-0.19482399842407794
2022-10-11,86.09499893188475,0,400,-400.0,34437.9995727539,97653.49002838135,132091.48960113525,-0.007370430170814624,-0.1193900693257629,-0.01404015113848156,-0.24906890421253802,-0.006519175777754405,-0.2000730823103808
2022-10-12,85.86799860000609,0,400,0.0,34347.199440002434,97653.49002838135,132000.6894683838,-0.0006874033522192846,-0.11999540354410598,-0.0026366262232984106,-0.2510488288315814,-0.0032907731480149582,-0.20270546033148817
2022-10-13,88.12000007629393,0,400,0.0,35248.00003051757,97653.49002838135,132901.49005889893,0.00682421125331234,-0.1139900662740051,0.02622631845395884,-0.23140659691005305,0.02596564246086497,-0.18200319537845566
2022-10-14,85.96800155639647,0,400,0.0,34387.20062255859,97653.49002838135,132040.69065093994,-0.0064769733400091845,-0.11972872899373166,-0.024421226940924523,-0.2501765908322101,-0.02366266361565439,-0.20135917860489538
2022-10-17,88.1860005378723,1,800,400.0,70548.80043029784,62379.08981323242,132927.89024353027,0.006719137776518558,-0.11381406504312941,0.0258002854704118,-0.2308309328232837,0.026480052302171098,-0.18021112788370408
2022-10-18,88.78799848556518,1,800,0.0,71030.39878845215,62379.08981323242,133409.48860168457,0.0036230046025103047,-0.11060340932210078,0.006826457079594395,-0.22558023319925025,0.011427569666488724,-0.17084293343578294
2022-10-19,88.50199890136719,1,800,0.0,70801.59912109375,62379.08981323242,133180.68893432617,-0.0017150179477977145,-0.1121287404378235,-0.0032211513839282002,-0.22807475650282183,-0.0066720972934503076,-0.17637515005545124
2022-10-20,88.5179988861084,1,800,0.0,70814.39910888672,62379.08981323242,133193.48892211914,9.610993827546821e-05,-0.11204340718587047,0.000180786704705449,-0.22793520268177103,-0.007950909706564868,-0.18292371686944342
2022-10-21,90.558998298645,1,800,0.0,72447.198638916,62379.08981323242,134826.28845214844,0.01225885396683335,-0.10115807698567514,0.0230574508938306,-0.21013335653075071,0.02372481982226482,-0.16353872927112512
2022-10-24,91.63799829483033,1,800,0.0,73310.39863586426,62379.08981323242,135689.48844909668,0.006402312240869845,-0.09540341033935351,0.01191488440085231,-0.20072218678172538,0.011881976654619875,-0.15359991597983091
2022-10-25,93.22200078964237,1,800,0.0,74577.6006317139,62379.08981323242,136956.69044494632,0.00933898425245383,-0.08695539703368926,0.01728543316404374,-0.1869063235618379,0.016266654579669915,-0.13983181817687118
2022-10-26,91.62200012207032,1,800,0.0,73297.60009765625,62379.08981323242,135676.68991088867,-0.00934602413287855,-0.09548873392740687,-0.017163337560008873,-0.20086172479845465,-0.007387716072364547,-0.14618649647866255
2022-10-27,90.79600009918212,1,800,0.0,72636.8000793457,62379.08981323242,135015.88989257812,-0.004870401973578131,-0.09989406738281048,-0.00901530223950242,-0.20806619788055125,-0.006082610618211248,-0.1513799115611536
2022-10-28,93.93500127792358,1,800,0.0,75148.00102233887,62379.08981323242,137527.0908355713,0.01859929927500481,-0.0831527277628561,0.03457202052196706,-0.18068744622163824,0.024626377895927698,-0.130481472573183
2022-10-31,92.8380012512207,1,800,0.0,74270.40100097656,62379.08981323242,136649.49081420898,-0.006381288341302693,-0.08900339457193818,-0.011678288303389683,-0.1902556144352484,-0.00745440410765752,-0.13696321505571774
2022-11-01,92.27700166702272,1,800,0.0,73821.60133361818,62379.08981323242,136200.6911468506,-0.003284312767535935,-0.09199539235432741,-0.006042779644511276,-0.19514872132559635,-0.004101230608784645,-0.14050272793463836
2022-11-02,89.68299856185912,1,800,0.0,71746.3988494873,62379.08981323242,134125.48866271973,-0.015236357955727198,-0.10583007558186652,-0.028111046721304822,-0.21777393322411442,-0.02500198485734284,-0.16199186571574398
2022-11-03,87.49799995422363,1,800,0.0,69998.3999633789,62379.08981323242,132377.48977661133,-0.013032563038812284,-0.11748340148925585,-0.024363576627384753,-0.23683175794194644,-0.010585992315429671,-0.17086301338554466
2022-11-04,89.00839824676514,1,800,0.0,71206.71859741211,62379.08981323242,133585.80841064453,0.009127825554573255,-0.10942794392903443,0.017262089342975795,-0.22365787956381855,0.013618724670070526,-0.15957122505107046
2022-11-07,90.1240008354187,1,800,0.0,72099.20066833496,62379.08981323242,134478.29048156738,0.006680964703820624,-0.10347806345621535,0.012533677839710045,-0.21392745753287412,0.009613981920559844,-0.15149135800319324
2022-11-08,90.71240167617798,1,800,0.0,72569.92134094238,62379.08981323242,134949.0111541748,0.0035003469401773124,-0.10033992563883243,0.006528791834639058,-0.20879535353618084,0.005597892802462701,-0.14674149758333188
2022-11-09,88.56249933242799,0,400,-400.0,35424.9997329712,97804.08954620361,133229.0892791748,-0.012744975752620014,-0.11180607147216581,-0.02370020310370169,-0.22754706435396588,-0.02077788695478977,-0.16447040628975862
2022-11-10,94.7919958114624,1,800,400.0,75833.59664916992,59887.29122161865,135720.88787078857,0.018703112098832575,-0.09519408086140724,0.07034011603095558,-0.17321263523217156,0.05543448436034493,-0.11815325409462285
2022-11-11,96.1110001564026,1,800,0.0,76888.80012512207,59887.29122161865,136776.09134674072,0.007774805282417141,-0.08815939102172621,0.013914722795410395,-0.16170811824067932,0.009240746788147902,-0.11000433160975909
2022-11-14,95.3454999923706,1,800,0.0,76276.39999389648,59887.29122161865,136163.69121551514,-0.004477391663964769,-0.09224205856323009,-0.00796475078592751,-0.1683849041647585,-0.008935777048800997,-0.11795713447689293
2022-11-15,96.4760036468506,1,800,0.0,77180.80291748048,59887.29122161865,137068.09413909912,0.006642027074255319,-0.08621270573933681,0.011856916735141665,-0.15852451321775318,0.008713116550319144,-0.11027179218721261
2022-11-16,95.3140025138855,1,800,0.0,76251.2020111084,59887.29122161865,136138.49323272705,-0.006782037148839959,-0.09241004511515061,-0.012044457575363432,-0.16865962901901022,-0.008252046497990273,-0.11761387072865725
2022-11-17,95.25200157165528,1,800,0.0,76201.60125732423,59887.29122161865,136088.89247894287,-0.0003643404051739685,-0.09274071680704521,-0.0006504914345736301,-0.16920040880954856,-0.0030893228355314273,-0.12033984634757144
2022-11-18,95.25399799346924,1,800,0.0,76203.19839477539,59887.29122161865,136090.48961639404,1.1735986839678247e-05,-0.09273006922403748,2.0959368632889053e-05,-0.16918299577465679,0.00475858190881473,-0.11615391145449583
2022-11-21,94.3569993019104,1,800,0.0,75485.59944152832,59887.29122161865,135372.89066314697,-0.0052729544530981665,-0.09751406224568471,-0.009416913835158192,-0.17700672791623107,-0.003883688698329779,-0.11958649451964298
2022-11-22,95.95439796447754,1,800,0.0,76763.51837158203,59887.29122161865,136650.80959320068,0.00943999144728025,-0.08899460271199322,0.01692930757002986,-0.1630740216850597,0.013579987927526016,-0.10763048974398892
2022-11-23,96.7790023803711,1,800,0.0,77423.20190429688,59887.29122161865,137310.49312591553,0.004827512802000111,-0.08459671249389422,0.008593711527415726,-0.1558817212576209,0.0059146891478476515,-0.1023524014858076
2022-11-25,96.22400331497192,1,800,0.0,76979.20265197754,59887.29122161865,136866.4938735962,-0.0032335420419193905,-0.0875567075093564,-0.0057347053777001555,-0.1607224908901398,-0.0002830441976333642,-0.10260647543008661
2022-11-28,94.42700309753418,1,800,0.0,75541.60247802734,59887.29122161865,135428.893699646,-0.010503667722195797,-0.09714070866902447,-0.01867517620895054,-0.17639614626097555,-0.015444192913123267,-0.116465994142532
2022-11-29,93.74700365066528,0,400,-400.0,37498.80146026611,97386.09268188477,134884.89414215088,-0.004016864811002607,-0.10076737238565858,-0.007201324034042833,-0.18232718448743668,-0.0015918653377758885,-0.11787246130120277
2022-11-30,97.8440037727356,1,800,400.0,78275.20301818848,58248.49117279053,136523.694190979,0.012149618823150465,-0.0898420387268043,0.043702731421019214,-0.14659264904082248,0.030947872397389053,-0.09057249079532947
2022-12-01,97.9759964942932,1,800,0.0,78380.79719543456,58248.49117279053,136629.2883682251,0.0007734494577797957,-0.08913807754516356,0.0013490118603913803,-0.14544139240263332,-0.0008676332180498347,-0.09136154031172372
2022-12-02,97.49800071716308,1,800,0.0,77998.40057373047,58248.49117279053,136246.891746521,-0.002798789529471324,-0.09168738835652424,-0.004878702888803543,-0.14961052995017055,-0.001194660488065602,-0.09244705477745008
2022-12-05,96.02800064086917,1,800,0.0,76822.40051269533,58248.49117279053,135070.89168548584,-0.008631390015289564,-0.09952738876342537,-0.01507723302509878,-0.16243205015220208,-0.017894212283564803,-0.1086869998378368
2022-12-06,94.31899700164792,0,400,-400.0,37727.598800659165,95976.08997344969,133703.68877410886,-0.010122113612461625,-0.10864207483927202,-0.017796930351728135,-0.17733818862048312,-0.014399194981406072,-0.12152118951663382
2022-12-07,93.8590037345886,0,400,0.0,37543.60149383544,95976.08997344969,133519.69146728513,-0.0013761572961131785,-0.10986872355143029,-0.004876994896916509,-0.18135030607646907,-0.0018623708845491027,-0.1231572428759714
2022-12-08,95.1160008430481,0,400,0.0,38046.40033721924,95976.08997344969,134022.49031066895,0.0037657280200278365,-0.10651673126220473,0.01339239772898071,-0.1703866237747368,0.00752178195750397,-0.1165618228458678
2022-12-09,94.58400201797484,0,400,0.0,37833.600807189934,95976.08997344969,133809.69078063962,-0.0015877897025793342,-0.10793539479573355,-0.005593158042368929,-0.17502678250202797,-0.007349578247904498,-0.12305472085604818
2022-12-12,96.30400295257569,0,400,0.0,38521.60118103027,95976.08997344969,134497.69115447998,0.005141633388632716,-0.10334872563679787,0.01818490334416145,-0.16002472428030545,0.014279296218109305,-0.11053255944807916
2022-12-13,97.38000364303588,0,400,0.0,38952.00145721435,95976.08997344969,134928.09143066403,0.003200056986031985,-0.10047939046223742,0.011172959144699846,-0.15063971484213134,0.0072896644387934195,-0.10404864027722327
2022-12-14,96.76200428009034,0,400,0.0,38704.80171203613,95976.08997344969,134680.89168548584,-0.0018320850947871614,-0.10212738876342542,-0.0063462655558211845,-0.15602998076431118,-0.006052724634100337,-0.10947158714317307
2022-12-15,93.57400102615355,0,400,0.0,37429.60041046142,95976.08997344969,133405.6903839111,-0.009468316445013225,-0.11062873077392366,-0.03294685013663723,-0.18383613450788427,-0.024921675023714007,-0.1316650468477747
2022-12-16,92.45600199699405,0,400,0.0,36982.40079879762,95976.08997344969,132958.4907722473,-0.00335217793466569,-0.11361006151834896,-0.011947752761443109,-0.19358745858560777,-0.011137750774080746,-0.1413363451444073
2022-12-19,91.2039984703064,0,400,0.0,36481.59938812256,95976.08997344969,132457.68936157227,-0.0037665996941324,-0.11694873758951596,-0.013541614385709111,-0.2045075862572412,-0.009007516001852345,-0.14907077175572803
2022-12-20,91.34800052642824,0,400,0.0,36539.200210571296,95976.08997344969,132515.290184021,0.0004348620508658474,-0.11656473210652452,0.0015789006900692737,-0.2032515827362379,0.0010373383615349674,-0.1481880702243189
2022-12-21,92.62700166702272,0,400,0.0,37050.80066680909,95976.08997344969,133026.8906402588,0.003860690004356071,-0.11315406239827253,0.014001413640405413,-0.19209597857878957,0.014867993802734736,-0.13552333573131858
2022-12-22,90.59900074005128,0,400,0.0,36239.600296020515,95976.08997344969,132215.69026947021,-0.006098017978803161,-0.11856206487019638,-0.021894273705001743,-0.20978445035115711,-0.01445169956861636,-0.14801649276740925
2022-12-23,90.7289991378784,0,400,0.0,36291.59965515136,95976.08997344969,132267.68962860105,0.00039329189315462365,-0.11821540247599083,0.0014348767289400488,-0.20865058844811946,0.005868102525282026,-0.143016966197119
2022-12-27,89.98199915885925,0,400,0.0,35992.7996635437,95976.08997344969,131968.8896369934,-0.002259055045466085,-0.12020740242004169,-0.008233310034468144,-0.21516601349901998,-0.004049622110409712,-0.1464874236390532
2022-12-28,88.74000024795532,0,400,0.0,35496.00009918213,95976.08997344969,131472.09007263184,-0.0037645203026873686,-0.1235193995157855,-0.013802748577648738,-0.22599887968988674,-0.012020638322615351,-0.15674718962329182
2022-12-29,90.70100064277648,0,400,0.0,36280.40025711059,95976.08997344969,132256.49023056027,0.0059662865137011245,-0.11829006512959583,0.022098268980637492,-0.20889479474195916,0.01746133164481911,-0.14202287264087832
2022-12-30,90.60700139999388,0,400,0.0,36242.80055999755,95976.08997344969,132218.89053344724,-0.00028429377679306533,-0.11854072977701613,-0.001036363900248638,-0.2097146676179874,-0.0025407424823445934,-0.1442027715772396
2023-01-03,89.87500104904174,0,400,0.0,35950.0004196167,95976.08997344969,131926.0903930664,-0.002214510643672063,-0.12049273071288835,-0.008078849753791584,-0.21609926408092694,-0.004000548879248611,-0.14762643022027033
2023-01-04,90.06700086593628,0,400,0.0,36026.80034637451,95976.08997344969,132002.89031982422,0.0005821435815234199,-0.1199807312011697,0.002136298354975974,-0.2144246182283186,0.007538970575044379,-0.14120041095875546
2023-01-05,88.5870005607605,0,400,0.0,35434.8002243042,95976.08997344969,131410.8901977539,-0.0044847512098862286,-0.12392739868163849,-0.016432214806161305,-0.2273333616480231,-0.011645528874622113,-0.1512015863704489
2023-01-06,90.84300174713135,0,400,0.0,36337.20069885254,95976.08997344969,132313.29067230225,0.006867014394243531,-0.11791139551798291,0.025466503799544515,-0.20765624376665115,0.02284078102943865,-0.13181436766660137
2023-01-09,91.83700008392334,0,400,0.0,36734.800033569336,95976.08997344969,132710.89000701904,0.0030049841002104394,-0.11526073328653763,0.010941936282101938,-0.19898646887242455,-0.0007676325452631305,-0.13248081521331034
2023-01-10,92.25899953842163,1,800,400.0,73807.1996307373,59072.49015808104,132879.68978881836,0.0012719361748714242,-0.11413540140787559,0.004595091892294567,-0.19530573808992202,0.006978233159061986,-0.1264270640719094
2023-01-11,93.67800226211548,1,800,0.0,74942.40180969238,59072.49015808104,134014.89196777344,0.00854308269953985,-0.10656738688150835,0.015380642872708572,-0.1829290230257653,0.012849424614881588,-0.1152021544861006
2023-01-12,94.398996925354,1,800,0.0,75519.1975402832,59072.49015808104,134591.68769836426,0.004303967433182843,-0.10272208201090294,0.007696520483230884,-0.17664041951522969,0.0034159058663651987,-0.11217976833506238
2023-01-13,94.7110034942627,1,800,0.0,75768.80279541016,59072.49015808104,134841.2929534912,0.0018545369286575575,-0.10105804697672316,0.0033051894519113834,-0.17391906011468128,0.003996858363534361,-0.10863127661681737
2023-01-17,95.1650008201599,1,800,0.0,76132.00065612793,59072.49015808104,135204.49081420898,0.002693521048059422,-0.09863672790527134,0.004793501379432685,-0.169959239989818,-0.0020304911890052235,-0.11044119295580179
2023-01-18,94.0920000076294,1,800,0.0,75273.60000610352,59072.49015808104,134346.09016418457,-0.006348906348118133,-0.10435939890543411,-0.01127516212140045,-0.17931808412630323,-0.015562598500411085,-0.12428503951233527
2023-01-19,93.24599809646604,1,800,0.0,74596.79847717284,59072.49015808104,133669.28863525388,-0.005037746376567953,-0.1088714090983054,-0.008991220412944312,-0.1866970161208411,-0.007638350296294338,-0.13097405714024557
2023-01-20,95.34499778747558,1,800,0.0,76275.99822998047,59072.49015808104,135348.48838806152,0.012562345247379314,-0.09767674407958771,0.022510346115208746,-0.16838928445718915,0.018918401045981525,-0.11453347583386253
2023-01-23,97.1630009651184,1,800,0.0,77730.40077209473,59072.49015808104,136802.89093017578,0.010745613485865446,-0.08798072713215932,0.01906763039310322,-0.15253243870227473,0.01188134498366522,-0.1040129425887577
2023-01-24,97.12600240707395,1,800,0.0,77700.80192565917,59072.49015808104,136773.2920837402,-0.0002163612642563928,-0.08817805277506319,-0.0003807885478724904,-0.15285514464431038,-0.0007115031258156934,-0.10465044018079617
2023-01-25,96.969003200531,1,800,0.0,77575.2025604248,59072.49015808104,136647.69271850586,-0.0009183032982598149,-0.0890153818766255,-0.001616448763997691,-0.15422451089867706,-0.0001817250594663422,-0.10481314763279748
2023-01-26,98.29100284576415,1,800,0.0,78632.80227661133,59072.49015808104,137705.29243469238,0.007739609027758609,-0.08196471710204856,0.013633218880256592,-0.14269386853220267,0.011007853469181317,-0.09495906193440162
2023-01-27,98.5889983177185,1,800,0.0,78871.1986541748,59072.49015808104,137943.68881225586,0.0017312070825203918,-0.08037540791829201,0.003031767540534247,-0.14009471563051756,0.002494840970949097,-0.09270112872172931
2023-01-30,96.9009976387024,1,800,0.0,77520.79811096193,59072.49015808104,136593.28826904297,-0.009789505810960386,-0.089378078206378,-0.017121592751924042,-0.15481766371471928,-0.012968740984683369,-0.1044676527790328
2023-01-31,98.14300365447995,1,800,0.0,78514.40292358397,59072.49015808104,137586.893081665,0.007274184736405065,-0.08275404612223103,0.012817267582820868,-0.14398473555427715,0.014642470285510134,-0.09135484699513663
2023-02-01,100.02900218963624,1,800,0.0,80023.201751709,59072.49015808104,139095.69190979004,0.010966152329855205,-0.07269538726806413,0.019216841393973283,-0.1275348259866036,0.010452303944590291,-0.08185741167815108
2023-02-02,102.42000427246094,1,800,0.0,81936.00341796875,59072.49015808104,141008.4935760498,0.013751695972728628,-0.05994337615966572,0.023903088409217732,-0.10668021379819781,0.014699373244309921,-0.06836129108091149
2023-02-03,101.4610023498535,1,800,0.0,81168.8018798828,59072.49015808104,140241.29203796384,-0.0054408179154981084,-0.06505805308023882,-0.00936342396604739,-0.11504474569366407,-0.010354610691310495,-0.07800804721672383
2023-02-06,100.31599655151366,1,800,0.0,80252.79724121094,59072.49015808104,139325.287399292,-0.0065316329118236816,-0.07116475067138439,-0.01128518122058042,-0.1250316261106159,-0.006140463017754394,-0.08366950470545664
2023-02-07,102.48899593353272,1,800,0.0,81991.19674682617,59072.49015808104,141063.68690490723,0.012477271987483274,-0.05957542063394938,0.021661544087868245,-0.10607846010412059,0.01287251059802652,-0.07187403069348275
2023-02-08,101.4369987487793,1,800,0.0,81149.59899902344,59072.49015808104,140222.0891571045,-0.005966083591520399,-0.06518607228596762,-0.010264489130478616,-0.11525410803388259,-0.011080724476164705,-0.08215833883854151
2023-02-09,100.79899969100951,1,800,0.0,80639.19975280762,59072.49015808104,139711.68991088867,-0.0036399346870661375,-0.0685887339274065,-0.006289608975418082,-0.12081881373695691,-0.00882979617773516,-0.09026269363003103
2023-02-10,100.41400279998778,1,800,0.0,80331.20223999023,59072.49015808104,139403.6923980713,-0.0022045221342167354,-0.07064205067952234,-0.003819451504498139,-0.1241768036415557,0.0021952617756952897,-0.088265582095433
2023-02-13,101.8899987220764,1,800,0.0,81511.99897766112,59072.49015808104,140584.48913574216,0.008470340472037652,-0.06277007242838317,0.01469910451661427,-0.1113029869402078,0.011448609342766147,-0.07782749092048935
2023-02-14,102.2779993057251,1,800,0.0,81822.39944458008,59072.49015808104,140894.88960266113,0.0022079282631191077,-0.06070073598225667,0.0038080340417614433,-0.10791879846166441,-0.0002804145319874607,-0.07808608149303453
2023-02-15,102.71299800872802,1,800,0.0,82170.39840698242,59072.49015808104,141242.88856506348,0.0024699189827519508,-0.05838074289957429,0.004253101409450233,-0.10412468664605767,0.002773175690496066,-0.075529452225501
2023-02-16,101.1859974861145,0,400,-400.0,40474.3989944458,99546.88915252684,140021.28814697266,-0.008648933978209428,-0.06652474568684652,-0.01486667269203612,-0.11744337170256602,-0.013788741489130674,-0.08827673762307864
2023-02-17,100.1630045890808,0,400,0.0,40065.20183563232,99546.88915252684,139612.09098815915,-0.002922392474949853,-0.06925272674560323,-0.01011002433586805,-0.12636604069243473,-0.002767405825327751,-0.0907998458904673
2023-02-21,98.17000036239622,0,400,0.0,39268.00014495849,99546.88915252684,138814.88929748532,-0.005710119267115954,-0.07456740468342882,-0.019897608252277266,-0.14374926697062262,-0.020041234255327334,-0.10902133916395618
2023-02-22,97.98100185394289,0,400,0.0,39192.400741577156,99546.88915252684,138739.289894104,-0.0005446058687501587,-0.07507140070597096,-0.0019252165402429133,-0.14539773504444586,-0.0015735561458868341,-0.11042334411156873
2023-02-23,99.36199884414674,0,400,0.0,39744.7995376587,99546.88915252684,139291.68869018555,0.003981559920792188,-0.07138874206542745,0.014094538370432952,-0.13335251062957088,0.005329429416074394,-0.10568240811382379
2023-02-24,97.75999765396116,0,400,0.0,39103.999061584465,99546.88915252684,138650.8882141113,-0.004600421475968508,-0.07566074523925581,-0.016122876037330758,-0.14732536066875423,-0.010537551485558128,-0.1151063257827647
2023-02-27,98.20600414276122,0,400,0.0,39282.401657104485,99546.88915252684,138829.29080963132,0.0012867035892660805,-0.07447139460245567,0.004562259610303654,-0.14343523760100307,0.0030730045671669703,-0.11238704348043793
2023-02-28,98.01800222396852,0,400,0.0,39207.20088958741,99546.88915252684,138754.09004211426,-0.000541677963479481,-0.07497273305256946,-0.0019143627768358762,-0.14507501329808903,-0.0030360018281855305,-0.1150818380391525
2023-03-01,97.46700267791746,0,400,0.0,38986.801071166985,99546.88915252684,138533.69022369382,-0.001588420336680163,-0.07644206517537244,-0.0056214117156973,-0.14988089863437748,-0.004725264845680033,-0.11926331072116991
2023-03-02,98.41600170135496,0,400,0.0,39366.400680541985,99546.88915252684,138913.28983306882,0.0027401248661034217,-0.07391140111287231,0.00973661852076746,-0.14160361324716275,0.0075821940867943916,-0.11258539420369706
2023-03-03,100.2389991760254,0,400,0.0,40095.59967041016,99546.88915252684,139642.488822937,0.005249310492498438,-0.06905007451375089,0.018523384847541013,-0.12570320662360124,0.0161477371607488,-0.09825565639668887
2023-03-06,100.69599876403808,0,400,0.0,40278.399505615234,99546.88915252684,139825.2886581421,0.0013090559810693403,-0.06783140894571704,0.004559099669482647,-0.12171720040188916,0.0006871667698291617,-0.09763600764888325
2023-03-07,99.67699871063232,0,400,0.0,39870.79948425293,99546.88915252684,139417.68863677979,-0.002915066546787859,-0.0705487424214658,-0.010119568462631734,-0.1306050433219741,-0.015326919115337678,-0.11146646757224199
2023-03-08,100.39300365447995,0,400,0.0,40157.201461791985,99546.88915252684,139704.09061431882,0.00205427288559612,-0.06863939590453905,0.00718325143322418,-0.12435996075337874,0.0014147940136839399,-0.11020937564960576
2023-03-09,99.01099863052367,0,400,0.0,39604.39945220947,99546.88915252684,139151.28860473633,-0.003956949343084104,-0.07232474263508903,-0.013765949554738866,-0.1364139773617573,-0.01845935787384867,-0.12663433921728495
2023-03-10,97.61900253295896,0,400,0.0,39047.60101318359,99546.88915252684,138594.49016571042,-0.00400138902491598,-0.07603673222859508,-0.014059004724911284,-0.14855513733439574,-0.01447813845705137,-0.1392790481777313
2023-03-13,98.32299633026122,0,400,0.0,39329.198532104485,99546.88915252684,138876.08768463132,0.0020318089022457464,-0.07415941543578908,0.007211647107995933,-0.14241481745293538,-0.001509761003189447,-0.14057853110542062
2023-03-14,100.19100246429444,0,400,0.0,40076.40098571777,99546.88915252684,139623.29013824463,0.00538035356605171,-0.0691780657450336,0.018998669728887307,-0.1261218398053362,0.016476655480623936,-0.12641813964979287
2023-03-15,100.19400329589844,0,400,0.0,40077.601318359375,99546.88915252684,139624.49047088623,8.596937089988543e-06,-0.06917006352742283,2.9951108684311833e-05,-0.12609566618558332,-0.00698088356543769,-0.13251651290177613
2023-03-16,102.60700273513794,1,800,400.0,82085.60218811035,58504.088058471665,140589.69024658203,0.006912825768893738,-0.06273539835611752,0.02408327205085614,-0.1050491903679085,0.017562006217166637,-0.11728176250806777
2023-03-17,102.69400405883788,1,800,0.0,82155.2032470703,58504.088058471665,140659.29130554196,0.0004950651704107578,-0.062271391296384704,0.0008479082458388021,-0.10429035419680133,-0.011019457310067593,-0.1270088384429282
2023-03-20,102.81599922180176,1,800,0.0,82252.7993774414,58504.088058471665,140756.8874359131,0.0006938477328108927,-0.0616207504272438,0.0011879482554209009,-0.10322629748570578,0.008918403718310097,-0.1192231508216458
2023-03-21,103.48300170898436,1,800,0.0,82786.40136718749,58504.088058471665,141290.48942565915,0.003790947636498565,-0.05806340382893671,0.006487341388801804,-0.09740862032899578,0.012982193897784988,-0.10778873498493224
2023-03-22,102.56799983978271,1,800,0.0,82054.39987182617,58504.088058471665,140558.48793029785,-0.005180826383551107,-0.06294341379801205,-0.008842049941446661,-0.10538937838476603,-0.01646322377571363,-0.12247740869608781
2023-03-23,104.0890012741089,1,800,0.0,83271.20101928711,58504.088058471665,141775.2890777588,0.008656902655813647,-0.05483140614827242,0.014829200498226225,-0.09212301810899093,0.0029845287333754023,-0.11985841730815527
2023-03-24,104.33400382995605,1,800,0.0,83467.20306396484,58504.088058471665,141971.29112243652,0.001382483830240977,-0.053524725850420785,0.002353779485326779,-0.08998607589381546,0.005639807253104534,-0.11489458842633093
2023-03-27,103.56400108337402,1,800,0.0,82851.20086669922,58504.088058471665,141355.2889251709,-0.004338920864883744,-0.05763140716552495,-0.007380170589801005,-0.09670213389281335,0.0016469543057482383,-0.11343686025769861
2023-03-28,103.19699659347532,1,800,0.0,82557.59727478026,58504.088058471665,141061.68533325192,-0.002077061241581135,-0.05958876444498484,-0.0035437457616498413,-0.09990319187733798,-0.0015738434957162095,-0.11483217188872374
2023-03-29,104.9989990234375,1,800,0.0,83999.19921875,58504.088058471665,142503.28727722168,0.010219656319602644,-0.04997808481851973,0.017461772042270063,-0.08418590659792513,0.014237268879836451,-0.10222979951612265
2023-03-30,106.05400314331057,1,800,0.0,84843.20251464845,58504.088058471665,143347.29057312012,0.005922693518336519,-0.0443513961791967,0.010047754070851456,-0.07498403181280133,0.005715269388667954,-0.09709880097123891
2023-03-31,107.45199623107912,1,800,0.0,85961.5969848633,58504.088058471665,144465.68504333496,0.00780199239025281,-0.0368954330444311,0.013181898337957687,-0.06279056535917016,0.014436542471763847,-0.08406402946365366
2023-04-03,107.33600273132323,1,800,0.0,85868.8021850586,58504.088058471665,144372.89024353027,-0.0006423310821310757,-0.03751406504312904,-0.0010794913433385123,-0.06380227483076006,0.0036988464765423945,-0.08067612292629689
2023-04-04,106.83600168228148,1,800,0.0,85468.80134582518,58504.088058471665,143972.88940429685,-0.002770609070433472,-0.04018073730468519,-0.004658279014668754,-0.06816334504749655,-0.005796972083329965,-0.08600541777723181
2023-04-05,105.86499729156492,1,800,0.0,84691.99783325194,58504.088058471665,143196.0858917236,-0.005395484634554082,-0.045359427388506735,-0.009088737648608514,-0.07663256393571682,-0.002492370531228194,-0.08828343093966606
2023-04-06,106.37500381469728,1,800,0.0,85100.00305175783,58504.088058471665,143604.0911102295,0.002849276332974604,-0.042639392598467496,0.004817517934919913,-0.07218422475195607,0.0035791630944272956,-0.08502024864310742
2023-04-10,106.37200355529784,1,800,0.0,85097.60284423827,58504.088058471665,143601.69090270993,-1.6714060867006886e-05,-0.0426553939819313,-2.8204552684818474e-05,-0.07221039338087087,0.0009963029974375814,-0.08410865157423586
2023-04-11,105.62199764251709,1,800,0.0,84497.59811401367,58504.088058471665,143001.68617248535,-0.004178256721441231,-0.04665542551676183,-0.007050782985307369,-0.0787520365531661,-4.1352477946232646e-05,-0.08414652595102279
2023-04-12,105.08199958801268,0,400,-400.0,42032.79983520507,100536.88789367673,142569.6877288818,-0.003020932516015762,-0.04953541514078541,-0.00511255293932289,-0.0834619655365314,-0.004134884052006904,-0.08793347387484307
2023-04-13,106.82199745178222,0,400,0.0,42728.79898071289,100536.88789367673,143265.68687438962,0.004881817142163847,-0.04489542083740006,0.016558476909379616,-0.06828549165629982,0.01326268999363811,-0.07583701828527067
2023-04-14,106.24399604797362,0,400,0.0,42497.59841918945,100536.88789367673,143034.48631286618,-0.0016137888043362691,-0.04643675791422297,-0.0054108836905947255,-0.07332689049378727,-0.0020693734728036706,-0.07774945664417832
