index,close,RSI_signal,Position,Entry/Exit Position,Portfolio Holdings,Portfolio Cash,Portfolio Total,Portfolio Daily Returns,Portfolio Cumulative Returns,Base Daily Returns,Base Cumulative Returns,Market Daily Returns,Market Cumulative Returns
2021-10-18,127.7779972076416,0,350,350.0,44722.29902267456,105277.70097732544,150000.0,,,,,,
2021-10-19,129.35349540710448,0,350,0.0,45273.723392486565,105277.70097732544,150551.424369812,0.0036761624654133573,0.0036761624654133573,0.01232996473487269,0.01232996473487269,0.007393339551406308,0.007393339551406308
2021-10-20,129.5625045776367,0,350,0.0,45346.876602172844,105277.70097732544,150624.5775794983,0.00048590181057717174,0.0041638505299883555,0.001615798397054835,0.013965685869181899,0.0036640298040166996,0.01108445877189057
2021-10-21,129.46550521850585,0,350,0.0,45312.92682647705,105277.70097732544,150590.6278038025,-0.00022539333381954574,0.003937518692016306,-0.0007486684473031469,0.013206561753523527,0.002995871849622578,0.01411353823951611
2021-10-22,129.06300201416013,0,350,0.0,45172.05070495605,105277.70097732544,150449.7516822815,-0.0009354906316251244,0.002998344548542864,-0.0031089609828223175,0.010056542085492337,-0.0010725536274130976,0.0130258470854685
2021-10-25,129.79149513244627,0,350,0.0,45427.023296356194,105277.70097732544,150704.72427368164,0.0016947358739320961,0.004698161824543856,0.005644476782015406,0.015757782785816632,0.004748196569493546,0.01783589293740806
2021-10-26,129.86650352478026,0,350,0.0,45453.27623367309,105277.70097732544,150730.97721099854,0.00017420115688748794,0.0048731814066564905,0.0005779145409907649,0.016344803978613154,0.0018197952535197182,0.019688145864237505
2021-10-27,129.2720037460327,0,350,0.0,45245.20131111145,105277.70097732544,150522.9022884369,-0.0013804390206425543,0.0034860152562454783,-0.0045777761209541135,0.011692205004304013,-0.005051568068462853,0.014537121786799556
2021-10-28,130.71524791717528,0,350,0.0,45750.336771011345,105277.70097732544,151028.0377483368,0.003355871114761877,0.00685358498891131,0.011164398549727395,0.022987139990624517,0.009829281576461124,0.024509292826614404
2021-10-29,131.34399890899655,0,350,0.0,45970.3996181488,105277.70097732544,151248.10059547424,0.0014570992937361638,0.008320670636494443,0.004810081469758476,0.027907791476494692,0.001949334719149265,0.026506404361212432
2021-11-01,131.14649600982665,0,350,0.0,45901.273603439324,105277.70097732544,151178.97458076477,-0.0004570372417063151,0.0078598305384312,-0.0015037070654956297,0.02636211926777343,0.0018000771431341267,0.02835419507698389
2021-11-02,132.3245044708252,0,350,0.0,46313.57656478882,105277.70097732544,151591.27754211426,0.0027272506808095898,0.010608516947427704,0.008982386086093141,0.035581300087177414,0.0036803630854131963,0.03213891189527507
2021-11-03,132.88000202178955,0,350,0.0,46508.00070762634,105277.70097732544,151785.70168495178,0.0012825549463655328,0.011904677899677862,0.004197994567868069,0.039928664759529164,0.006461279195357994,0.038807849573423425
2021-11-04,134.46400051116942,0,350,0.0,47062.400178909294,105277.70097732544,152340.10115623474,0.003652514466966572,0.015600674374897538,0.01192051825164886,0.05232515338820787,0.004181942361150437,0.043152084124650214
2021-11-05,135.07400093078613,0,350,0.0,47275.90032577515,105277.70097732544,152553.6013031006,0.0014014704286358093,0.017024008687336556,0.00453653332711923,0.05709906151751931,0.003732799652949259,0.04704596186224408
2021-11-08,136.26599674224855,0,350,0.0,47693.098859786995,105277.70097732544,152970.79983711243,0.002734766865207794,0.01980533224741543,0.008824761266035264,0.06642770836996137,0.0008877879113036169,0.047975516609764624
2021-11-09,136.0144952774048,0,350,0.0,47605.073347091675,105277.70097732544,152882.7743244171,-0.0005754399714784642,0.01921849549611343,-0.0018456656161953688,0.06445943941646481,-0.003498775895770745,0.04430888513289255
2021-11-10,133.98649864196778,0,350,0.0,46895.27452468873,105277.70097732544,152172.97550201416,-0.004642765187507392,0.014486503346760493,-0.014910150799007593,0.048588188655338316,-0.008225823395229703,0.035718584673720244
2021-11-11,134.35550212860105,0,350,0.0,47024.42574501037,105277.70097732544,152302.12672233582,0.0008487132481675985,0.015347511482238119,0.002754034849580478,0.051476037069753566,0.0005509400447352153,0.036289203517093416
2021-11-12,135.67049865722657,0,350,0.0,47484.674530029304,105277.70097732544,152762.37550735474,0.0030219458843014912,0.018415836715697687,0.009787440840099304,0.06176729657735591,0.007222656026415475,0.0437739639779855
2021-11-15,135.48649978637695,0,350,0.0,47420.27492523193,105277.70097732544,152697.97590255737,-0.00042156718618358013,0.017986506017048542,-0.0013562187260363068,0.06032730788704477,-1.0739820344718431e-05,0.04376275403313179
2021-11-16,136.10449600219724,0,350,0.0,47636.573600769036,105277.70097732544,152914.27457809448,0.001416513049754764,0.019428497187296,0.0045613121365943865,0.06516379170527231,0.003865229864862485,0.04779713700185173
2021-11-17,135.9204999923706,0,350,0.0,47572.174997329705,105277.70097732544,152849.87597465515,-0.00042114186930564124,0.018999173164367056,-0.001351873121249958,0.06372382540553723,-0.002601625374463401,0.04507116138293754
2021-11-18,136.81900463104247,0,350,0.0,47886.65162086487,105277.70097732544,153164.3525981903,0.0020574215159148146,0.02109568398793482,0.006610515990761678,0.07075558876313481,0.0033847802152713324,0.048608497573537246
2021-11-19,137.731498336792,0,350,0.0,48206.0244178772,105277.70097732544,153483.72539520264,0.0020851640188770393,0.023224835968017166,0.006669349102562228,0.07789683158811567,-0.001398665559303236,0.047141844982788506
2021-11-22,136.0939960479736,0,350,0.0,47632.898616790764,105277.70097732544,152910.5995941162,-0.003734114477679573,0.019403997294107578,-0.011889090793263835,0.0650816182915932,-0.0031971365563219223,0.0437939895105397
2021-11-23,136.11149654388427,0,350,0.0,47639.0237903595,105277.70097732544,152916.72476768494,4.0057220264566595e-05,0.019444831784565686,0.0001285912414865642,0.06521857845917389,0.001657132912945114,0.04552369488489183
2021-11-24,136.92200393676757,0,350,0.0,47922.701377868645,105277.70097732544,153200.4023551941,0.0018551115840346188,0.021336015701293398,0.005954731330295671,0.07156166890193782,0.0022938506357221833,0.04792197007706611
2021-11-26,133.4425037384033,0,350,0.0,46704.876308441155,105277.70097732544,151982.5772857666,-0.007949228923067486,0.01321718190511012,-0.02541227924162681,0.04433084454717817,-0.022724822637582465,0.024108129169038817
2021-11-29,136.77749938964843,0,350,0.0,47872.124786376946,105277.70097732544,153149.8257637024,0.0076801466245770555,0.020998838424682198,0.024992004479944097,0.07043076569264506,0.013200199537034996,0.03762656082156979
2021-11-30,135.55500068664549,0,350,0.0,47444.25024032592,105277.70097732544,152721.95121765137,-0.0027938297932588174,0.018146341451008574,-0.008937864111116078,0.06086340096852627,-0.01896131033450521,0.01795180159050669
2021-12-01,133.71550273895264,0,350,0.0,46800.42595863342,105277.70097732544,152078.12693595886,-0.004215663017393956,0.013854179573058678,-0.013570122373759652,0.04646735479554054,-0.011815187417889228,0.005924510272336869
2021-12-02,134.8630016326904,0,350,0.0,47202.05057144164,105277.70097732544,152479.7515487671,0.002640909780387668,0.016531676991780042,0.008581644388519383,0.05544776549859032,0.01419443613158311,0.020203041486591466
2021-12-03,132.39350357055665,0,350,0.0,46337.726249694824,105277.70097732544,151615.42722702026,-0.005668453109135552,0.01076951484680122,-0.01831116045347736,0.0361212921142815,-0.008448563730297565,0.01158379107274854
2021-12-06,133.0109977722168,0,350,0.0,46553.84922027588,105277.70097732544,151831.55019760132,0.0014254682028989052,0.012210334650674781,0.004664082337930253,0.04095384713278527,0.011730872577451423,0.023450551627238303
2021-12-07,137.36050300598143,0,350,0.0,48076.1760520935,105277.70097732544,153353.87702941895,0.010026419606704806,0.022359180196125594,0.03270034287851309,0.07499339485473455,0.020707080374404274,0.04464322445901181
2021-12-08,138.00399856567384,0,350,0.0,48301.39949798585,105277.70097732544,153579.10047531128,0.0014686517892803508,0.0238606698354078,0.00468472046629298,0.08002943841274024,0.0030852853123166657,0.047866246856046235
2021-12-09,136.16800117492676,0,350,0.0,47658.800411224365,105277.70097732544,152936.5013885498,-0.004184157120159515,0.019576675923664633,-0.01330394343518504,0.06566078785576246,-0.007181080169894716,0.040341435330046194
2021-12-10,138.6240036010742,0,350,0.0,48518.40126037597,105277.70097732544,153796.10223770142,0.005620638901420394,0.025307348251342177,0.018036560755506414,0.08488164340068383,0.009549073338481762,0.050275731993074224
2021-12-13,136.52649898529052,0,350,0.0,47784.27464485168,105277.70097732544,153061.97562217712,-0.004773375949344016,0.020413170814513437,-0.015130890475647973,0.06846641807534715,-0.009136167611567658,0.04068023686722366
2021-12-14,134.70249805450436,0,350,0.0,47145.87431907652,105277.70097732544,152423.57529640198,-0.004170861660318548,0.01615716864267913,-0.013360050571447513,0.05419165269596715,-0.0074706775774360246,0.032905650356378935
2021-12-15,138.007501411438,0,350,0.0,48302.6254940033,105277.70097732544,153580.32647132874,0.007589056828494867,0.023868843142190954,0.024535575840593182,0.08005685194120926,0.016348464630746795,0.049792071848128616
2021-12-16,134.4254964828491,0,350,0.0,47048.923768997185,105277.70097732544,152326.62474632263,-0.00816316616725088,0.015510831642150391,-0.025955146582285926,0.05202381803187284,-0.008743415379980468,0.04061330370135008
2021-12-17,133.31350326538086,0,350,0.0,46659.7261428833,105277.70097732544,151937.42712020874,-0.0025550203502641144,0.01291618080139112,-0.008272189774728544,0.04332127736157876,-0.010287680637092622,0.02990780636616064
2021-12-20,131.65950508117675,0,350,0.0,46080.82677841186,105277.70097732544,151358.5277557373,-0.0038101169372404264,0.00905685170491477,-0.012406831593882672,0.030376965975039028,-0.01138805785140995,0.018179156685644182
2021-12-21,134.96699562072752,0,350,0.0,47238.44846725463,105277.70097732544,152516.14944458008,0.007648209228824809,0.016774329630533158,0.02512154771895503,0.05626163009429308,0.017777934551572505,0.036280279094976775
2021-12-22,136.67049713134764,0,350,0.0,47834.67399597167,105277.70097732544,153112.37497329712,0.003909261615168802,0.020749166488646775,0.012621615401495312,0.06959335815269974,0.010180197220578835,0.04682981671196007
2021-12-23,137.68125133514403,0,350,0.0,48188.43796730041,105277.70097732544,153466.13894462585,0.0023104858205642564,0.02310759296417153,0.0073955551857325386,0.0775035948592111,0.006223699921661829,0.05334497136022365
2021-12-27,140.34599571228028,0,350,0.0,49121.0984992981,105277.70097732544,154398.79947662354,0.006077304989957399,0.029325329844156034,0.019354446239377543,0.09835808025864967,0.01383893524747526,0.06792214421213139
2021-12-28,139.25439739227295,0,350,0.0,48739.03908729553,105277.70097732544,154016.74006462097,-0.002474497297243583,0.02677826709747233,-0.007777908549989498,0.08981515155525588,-0.0010101548486260992,0.06684337748020042
2021-12-29,139.21150360107418,0,350,0.0,48724.02626037596,105277.70097732544,154001.72723770142,-9.74752933561307e-05,0.026678181584675276,-0.0003080246800245545,0.08947946159191211,0.0014018951394270118,0.06833898002561978
2021-12-30,138.40900115966795,0,350,0.0,48443.15040588378,105277.70097732544,153720.85138320923,-0.001823848729038291,0.02480567588806082,-0.0057646273522473646,0.08319901848790767,-0.0029897555945093135,0.06514490758325575
2021-12-31,137.62699661254882,0,350,0.0,48169.44881439209,105277.70097732544,153447.14979171753,-0.0017805105099852891,0.022980998611449532,-0.005649954414576053,0.07707899341153746,-0.0026261799136575448,0.062347645421825915
2022-01-03,138.79000339508056,0,350,0.0,48576.5011882782,105277.70097732544,153854.20216560364,0.0026527203303459146,0.02569468110402373,0.008450426232913255,0.08618076999238222,0.006374052530970564,0.0691191051198976
2022-01-04,137.59250240325926,0,350,0.0,48157.37584114074,105277.70097732544,153435.0768184662,-0.002724172243838474,0.022900512123107397,-0.008628150173125126,0.07680903919372728,-0.000629621957060511,0.06844596425660132
2022-01-05,133.48950519561765,0,350,0.0,46721.32681846618,105277.70097732544,151999.02779579163,-0.009359326774891263,0.01332685197194361,-0.029819918498294684,0.04469868140674338,-0.019392757790687165,0.04772585045933586
2022-01-06,132.810000705719,0,350,0.0,46483.500247001655,105277.70097732544,151761.2012243271,-0.0015646585041586558,0.011741341495513424,-0.00509032143690169,0.0393808293136757,-0.0009637690162076495,0.04671608474718325
2022-01-07,131.56324462890623,0,350,0.0,46047.13562011718,105277.70097732544,151324.83659744263,-0.002875337196622807,0.008832243982950239,-0.009387516528784112,0.029623624598792198,-0.004050216740091761,0.04247665773861686
2022-01-10,131.48950490951538,0,350,0.0,46021.32671833038,105277.70097732544,151299.02769565582,-0.0001705529797164651,0.008660184637704793,-0.0005604887565584526,0.029046532133717662,-0.0014410312534549607,0.04097441629381815
2022-01-11,133.1289978981018,0,350,0.0,46595.14926433563,105277.70097732544,151872.85024166107,0.0037926386887265906,0.012485668277739892,0.012468622417542985,0.0418773247929749,0.009159984668711818,0.05050972598759085
2022-01-12,133.88500385284422,0,350,0.0,46859.751348495476,105277.70097732544,152137.45232582092,0.0017422606064139146,0.014249682172138955,0.005678747430526654,0.04779388297406695,0.002817754443029452,0.05346980443543803
2022-01-13,130.5674964904785,0,350,0.0,45698.62377166747,105277.70097732544,150976.32474899292,-0.007632095575922371,0.006508831659952197,-0.024778782290002077,0.021830826463056674,-0.0142436152864307,0.03846458582518819
2022-01-14,131.57899618148804,0,350,0.0,46052.64866352081,105277.70097732544,151330.34964084625,0.002344903364430939,0.008868997605641082,0.007746948652594288,0.02974689740730385,0.0008199802697488323,0.03931610629639781
2022-01-18,128.50399932861328,0,350,0.0,44976.39976501465,105277.70097732544,150254.1007423401,-0.0071119170811435595,0.0016940049489333475,-0.023369967412073867,0.005681745972210939,-0.018387945694007368,0.020205218174912387
2022-01-19,126.88750324249268,0,350,0.0,44410.62613487244,105277.70097732544,149688.32711219788,-0.0037654455176062696,-0.0020778192520146677,-0.012579344569555784,-0.006969071237685975,-0.009689541868338813,0.010319896999108735
2022-01-20,125.59550495147704,0,350,0.0,43958.42673301696,105277.70097732544,149236.1277103424,-0.0030209396455912474,-0.005092481931051163,-0.010182234325680772,-0.01708034484699228,-0.01103737849414832,-0.0008313861042393844
2022-01-21,122.8995012283325,1,700,350.0,86029.65085983275,62262.87554740906,148292.52640724182,-0.0063228744780355894,-0.011383157285055012,-0.021465766025512867,-0.03817946818638451,-0.018914821867908604,-0.019730482452082865
2022-01-24,123.45255336761474,0,350,-350.0,43208.39367866516,105471.26922607422,148679.66290473938,0.002610627162925372,-0.008802247301737842,0.004500035669426694,-0.03385124148563634,0.002771738943381896,-0.017013431255285094
2022-01-25,120.87699508666992,1,700,350.0,84613.89656066895,63164.320945739746,147778.2175064087,-0.0060630040499100035,-0.014811883290609118,-0.020862738037303874,-0.0540077499395879,-0.012171906253646725,-0.02897825161863965
2022-01-26,121.51849489212034,1,700,0.0,85062.94642448424,63164.320945739746,148227.267370224,0.003038674247074491,-0.011818217531840425,0.005307046266251669,-0.048987325301001805,-0.0014966358477518371,-0.030431517576213873
2022-01-27,120.62450332641602,1,700,0.0,84437.15232849121,63164.320945739746,147601.47327423096,-0.004221855446002398,-0.015990178171793934,-0.007356835405984752,-0.05598376901776769,-0.00538408875771057,-0.03565176034226225
2022-01-28,125.51874999999998,0,350,-350.0,43931.56249999999,107095.88344573975,151027.44594573975,0.023210965280431983,0.006849639638264682,0.040574232752195405,-0.017681034740044344,0.024347646888076113,-0.012172149925937847
2022-01-31,128.42050085067746,0,350,0.0,44947.17529773711,107095.88344573975,152043.05874347687,0.006724690279818368,0.01362039162317874,0.02311806682808326,0.005028280745329017,0.018885951732779516,0.006483919170856334
2022-02-01,128.7334997177124,0,350,0.0,45056.72490119933,107095.88344573975,152152.6083469391,0.0007205169664934452,0.014350722312926889,0.002437296731920391,0.007477832889477121,0.00686300355780145,0.013391421888995891
2022-02-02,129.57100429534913,0,350,0.0,45349.85150337219,107095.88344573975,152445.73494911194,0.0019265302472137869,0.016304899660745997,0.0065057236808852,0.014032205284873145,0.00942251544733641,0.022940118215943217
2022-02-03,126.08500471115111,0,350,0.0,44129.75164890289,107095.88344573975,151225.63509464264,-0.008003502720995037,0.008170900630950717,-0.026904164270054487,-0.01324948374123669,-0.024391082077444004,-0.0020104981677721012
2022-02-04,127.02000427246092,0,350,0.0,44457.00149536132,107095.88344573975,151552.88494110107,0.0021639839452725074,0.010352566274006936,0.007415628555130782,-0.005932108436078165,0.0051569298644233985,0.0031360636986075274
2022-02-07,126.66649513244629,0,350,0.0,44333.2732963562,107095.88344573975,151429.15674209595,-0.000816402795982496,0.0095277116139727,-0.0027830981587463333,-0.008698696954758556,-0.0037017126347429485,-0.0005772577427519687
2022-02-08,128.11249990463256,0,350,0.0,44839.37496662139,107095.88344573975,151935.25841236115,0.003342167922965933,0.012901722749074196,0.01141584260837325,0.0026178426982812475,0.008401207191663262,0.007819099787011341
2022-02-09,130.75199851989746,0,350,0.0,45763.19948196411,107095.88344573975,152859.08292770386,0.006080382690602404,0.01906055285135899,0.020602974863731083,0.02327475290932224,0.014517207887505545,0.022449819171618035
2022-02-10,127.53050270080568,0,350,0.0,44635.67594528199,107095.88344573975,151731.55939102173,-0.007376228583128475,0.011543729273478132,-0.024638214754335364,-0.0019369102055470933,-0.01811572566845976,0.003927398737738619
2022-02-11,123.98349952697754,0,350,0.0,43394.22483444214,107095.88344573975,150490.10828018188,-0.008181891201951896,0.0032673885345457787,-0.027812978845928593,-0.029696017808902297,-0.01896945434456343,-0.015116556217873223
2022-02-14,123.9174974441528,0,350,0.0,43371.12410545348,107095.88344573975,150467.00755119324,-0.0001535033049855361,0.0031133836746215504,-0.0005323456998435061,-0.03021255496136277,-0.0038405967262932217,-0.01889909634784326
2022-02-15,127.00150260925292,0,350,0.0,44450.525913238525,107095.88344573975,151546.40935897827,0.007173677641045595,0.010309395726521675,0.02488756817002402,-0.006076903812530232,0.01576672117072042,-0.003430351959617828
2022-02-16,126.89749994277956,0,350,0.0,44414.12497997285,107095.88344573975,151510.0084257126,-0.00024019660656859898,0.010066722838083741,-0.0008189089446709596,-0.0068908363263131545,0.0008812077558950637,-0.0025521670564749854
2022-02-17,123.2015001296997,0,350,0.0,43120.52504539489,107095.88344573975,150216.40849113464,-0.008538049387095237,0.0014427232742306728,-0.02912586784409832,-0.03581600258223594,-0.021173138152195015,-0.02367126782299578
2022-02-18,121.97250156402588,0,350,0.0,42690.37554740906,107095.88344573975,149786.2589931488,-0.0028635320355913096,-0.0014249400456748385,-0.009975516242740512,-0.04543423570946736,-0.0071661613961429005,-0.030667797093467786
2022-02-22,120.8354991912842,0,350,0.0,42292.42471694947,107095.88344573975,149388.3081626892,-0.0026567913047204073,-0.0040779455820721955,-0.009321792684106267,-0.054332499867529194,-0.010142945264832837,-0.04049968057098863
2022-02-23,118.1639998435974,0,350,0.0,41357.39994525909,107095.88344573975,148453.28339099884,-0.006259022430805561,-0.010311444060007946,-0.022108563837335504,-0.07523985016310142,-0.018412122845487655,-0.05816611832260021
2022-02-24,121.86999912261965,0,350,0.0,42654.49969291688,107095.88344573975,149750.38313865662,0.008737427142257559,-0.001664112408956142,0.031363184082525475,-0.046236427351582954,0.014956856067329216,-0.044079244515017324
2022-02-25,123.3362543106079,0,350,0.0,43167.68900871276,107095.88344573975,150263.57245445251,0.0034269649602214347,0.001757149696349991,0.01203130547751119,-0.03476140645572745,0.022372677655603468,-0.022692737588250855
2022-02-28,123.57150535583494,0,350,0.0,43250.02687454223,107095.88344573975,150345.91032028198,0.0005479562643462277,0.0023060688018796682,0.001907395733249606,-0.03292031448083321,-0.002442603440647617,-0.025079911669987687
2022-03-01,121.8615036010742,0,350,0.0,42651.52626037597,107095.88344573975,149747.40970611572,-0.003980824040316633,-0.0016839352925621665,-0.0138381558906856,-0.046302913927762646,-0.015473503680411893,-0.04016534124486959
2022-03-02,124.14804582595823,0,350,0.0,43451.81603908538,107095.88344573975,150547.69948482513,0.005344264587147096,0.003651329898833877,0.018763449960122358,-0.028408266376131697,0.018642691757321028,-0.022271439563704254
2022-03-03,122.5804988861084,0,350,0.0,42903.17461013794,107095.88344573975,149999.0580558777,-0.0036443029739072763,-6.27962748245281e-06,-0.012626432654826991,-0.040676003968720065,-0.005254666430088317,-0.027409077007967464
2022-03-04,120.67349996566772,0,350,0.0,42235.7249879837,107095.88344573975,149331.60843372345,-0.004449692090103596,-0.004455943775177329,-0.015557115020493728,-0.05560031771689833,-0.007934042550334475,-0.03512565477505536
2022-03-07,117.0510027885437,0,350,0.0,40967.850975990295,107095.88344573975,148063.73442173004,-0.008490325827811063,-0.012908437188466682,-0.03001899487588111,-0.08395024694013853,-0.029518158313449172,-0.06360696844999092
2022-03-08,116.7670051574707,0,350,0.0,40868.451805114746,107095.88344573975,147964.3352508545,-0.0006713269205572692,-0.013571098327637032,-0.002426272516315331,-0.08617283327956515,-0.00723375351819977,-0.07038060483638353
2022-03-09,120.44350004196168,0,350,0.0,42155.22501468659,107095.88344573975,149251.10846042633,0.00869650924589549,-0.004992610263824804,0.03148573417236222,-0.05740031402872259,0.02569824789143582,-0.04649101517478227
2022-03-10,118.60499982833862,0,350,0.0,41511.74993991852,107095.88344573975,148607.63338565826,-0.004311358765812345,-0.009282444095611964,-0.015264420354627162,-0.07178855186152777,-0.004291813651667864,-0.05058329805284312
2022-03-11,116.61499834060668,0,350,0.0,40815.249419212334,107095.88344573975,147911.1328649521,-0.0046868421549965955,-0.013925780900319817,-0.016778394592235957,-0.08736244980342578,-0.012961545123475138,-0.0628892054761121
2022-03-14,114.30499925613402,0,350,0.0,40006.74973964691,107095.88344573975,147102.63318538666,-0.0054661178229472585,-0.01931577876408941,-0.019808764887391694,-0.10544067246267486,-0.007421002465963666,-0.069843506993155
2022-03-15,117.5944993972778,0,350,0.0,41158.07478904723,107095.88344573975,148253.958234787,0.007826678724026426,-0.011640278434753903,0.028778270089243163,-0.07969680252395395,0.021408574170870942,-0.04993018272210081
2022-03-16,121.09649963378904,0,350,0.0,42383.774871826165,107095.88344573975,149479.65831756592,0.008267570710239092,-0.003468944549561037,0.02978030651484964,-0.052289891216521056,0.02238376135718223,-0.028664046659490627
2022-03-17,122.07800455093384,0,350,0.0,42727.30159282684,107095.88344573975,149823.1850385666,0.0022981502959475986,-0.0011787664095566086,0.008105146887919856,-0.04460856157766446,0.01234781757145198,-0.016670167507049638
2022-03-18,124.4750051498413,0,350,0.0,43566.25180244445,107095.88344573975,150662.1352481842,0.005599602020219141,0.004414234987894172,0.019634991640999244,-0.025849458670359704,0.011662294827948783,-0.005202285087399394
2022-03-21,123.97450380325316,0,350,0.0,43391.0763311386,107095.88344573975,150486.95977687836,-0.0011627040265775879,0.003246398512521953,-0.004020898380246218,-0.029766419004108036,-0.00043466036210393355,-0.005634684222383446
2022-03-22,125.65500488281248,0,350,0.0,43979.25170898437,107095.88344573975,151075.13515472412,0.003908480699708727,0.007167567698160404,0.013555215209622995,-0.016614694010105513,0.0113041136006502,0.005605734267713158
2022-03-23,124.18150215148924,0,350,0.0,43463.52575302123,107095.88344573975,150559.409198761,-0.003413705077509599,0.003729394658406271,-0.011726574144002022,-0.02814643471291811,-0.012272698789159042,-0.006735762009605573
2022-03-24,127.33699808120726,0,350,0.0,44567.94932842254,107095.88344573975,151663.8327741623,0.007335466984619288,0.011092218494414885,0.025410353998364554,-0.0034512915844007175,0.01434391292056647,0.007511533727241559
2022-03-25,127.15350065231324,0,350,0.0,44503.72522830963,107095.88344573975,151599.60867404938,-0.0004234635175582868,0.010664057826995421,-0.0014410378103698607,-0.0048873559531028565,0.005066170567449069,0.01261575900577605
2022-03-28,128.64050464630125,0,350,0.0,45024.17662620544,107095.88344573975,152120.0600719452,0.003433065576144312,0.014133733812967675,0.011694558044878844,0.006750046623896333,0.007144955276586762,0.01985085331623937
2022-03-29,130.97749996185303,0,350,0.0,45842.12498664856,107095.88344573975,152938.0084323883,0.005376992094640709,0.01958672288258856,0.018166869929322704,0.02503954377225215,0.012256547427530462,0.032350703668917236
2022-03-30,129.45050563812256,0,350,0.0,45307.676973342896,107095.88344573975,152403.56041908264,-0.0034945401655465114,0.016023736127217303,-0.011658447627838298,0.013089173934720089,-0.0062937001746978805,0.025853397864886718
2022-03-31,127.45249519348144,0,350,0.0,44608.373317718506,107095.88344573975,151704.25676345825,-0.004588499466163576,0.011361711756388004,-0.015434551103466032,-0.002547402692743561,-0.015652540713177343,0.009796185789055167
2022-04-01,127.32200450897216,0,350,0.0,44562.70157814025,107095.88344573975,151658.58502388,-0.0003010577326743036,0.011057233492532959,-0.0010238378174644014,-0.003568632382994874,0.0034102225843584133,0.013239815547432032
2022-04-04,129.52200088500976,0,350,0.0,45332.70030975342,107095.88344573975,152428.58375549316,0.005077185254576344,0.016190558369953978,0.017278995759782978,0.013648700992974216,0.008090938687879357,0.021437876771144504
2022-04-05,127.06750545501708,0,350,0.0,44473.62690925598,107095.88344573975,151569.51035499573,-0.005635907513747207,0.010463402366637675,-0.018950413159319446,-0.005560360689250143,-0.012551720801807331,0.008617073725522229
2022-04-06,124.13650131225585,0,350,0.0,43447.77545928954,107095.88344573975,150543.6589050293,-0.006768191356980369,0.0036243927001948784,-0.023066512026545083,-0.02849861458908476,-0.009716916613271898,-0.0011835742745910371
2022-04-07,124.33500509262085,0,350,0.0,43517.2517824173,107095.88344573975,150613.13522815704,0.00046150282006607313,0.004087568187713053,0.0015990766476146057,-0.02694510941054895,0.004253385628492534,0.003064777156091658
2022-04-08,122.7880027770996,0,350,0.0,42975.80097198486,107095.88344573975,150071.6844177246,-0.003594977354479889,0.0004778961181635122,-0.012442210577534696,-0.03905206326276289,-0.002651026482054286,0.0004056258686349068
2022-04-11,119.75350522994997,0,350,0.0,41913.72683048249,107095.88344573975,149009.61027622223,-0.007077112152257148,-0.006602598158519046,-0.024713306499970056,-0.06280026415386408,-0.01687729010355421,-0.016478510100377708
2022-04-12,119.4115023612976,0,350,0.0,41794.025826454155,107095.88344573975,148889.9092721939,-0.0008033106308138471,-0.007400604852041193,-0.0028558902555350096,-0.06547680374695708,-0.003417447717741773,-0.019839643371385107
2022-04-13,121.49499521255493,0,350,0.0,42523.248324394226,107095.88344573975,149619.13177013397,0.004897729480155322,-0.0025391215324407357,0.01744800802315849,-0.0491712355209063,0.011174577597236057,-0.008886765408504083
2022-04-14,118.83049926757812,0,350,0.0,41590.674743652344,107095.88344573975,148686.5581893921,-0.00623298350758128,-0.008756278737386602,-0.021930911148358656,-0.07002377667200099,-0.01214413784439794,-0.02092298114879032
2022-04-18,119.3769966125488,0,350,0.0,41781.948814392075,107095.88344573975,148877.83226013184,0.0012864247654189587,-0.007481118265788345,0.004598965318996839,-0.06574684827342392,-0.0002048682840329885,-0.021123562977578447
2022-04-19,121.26650352478026,0,350,0.0,42443.27623367309,107095.88344573975,149539.15967941284,0.0044420811966516816,-0.0030722688039150903,0.015828065421716664,-0.0509594282674507,0.016057604355527166,-0.0054051524389242545
2022-04-20,121.21650390625,0,350,0.0,42425.7763671875,107095.88344573975,149521.65981292725,-0.00011702530977919512,-0.003188934580485747,-0.00041231186747336945,-0.051350728957889724,-0.0006184750715809706,-0.006020284558463707
2022-04-21,119.30149822235109,0,350,0.0,41755.52437782288,107095.88344573975,148851.40782356262,-0.004482641446083457,-0.007657281176249864,-0.015798225672141064,-0.0663377042255251,-0.014752948498371943,-0.02068441610879912
2022-04-22,116.13100128173828,0,350,0.0,40645.8504486084,107095.88344573975,147741.73389434814,-0.0074549105409187355,-0.01505510737101301,-0.026575499787133583,-0.09115024636813429,-0.027740054250753654,-0.047850683534549576
2022-04-25,117.68899698257444,0,350,0.0,41191.148943901055,107095.88344573975,148287.0323896408,0.003690890047917117,-0.011419784069061856,0.01341584661839268,-0.0789572574742452,0.005697936985382235,-0.04242539672865464
2022-04-26,113.75550508499144,0,350,0.0,39814.426779747,107095.88344573975,146910.31022548676,-0.009284170988981377,-0.020597931830088845,-0.033422766770332846,-0.10974105424319125,-0.028146308431003852,-0.06937758685802609
2022-04-27,115.2379997253418,0,350,0.0,40333.29990386963,107095.88344573975,147429.18334960938,0.0035319040802936907,-0.01713877766927141,0.013032289199917946,-0.09813894219927444,0.0020980468517017847,-0.06742509743401048
2022-04-28,119.40750513076782,0,350,0.0,41792.62679576874,107095.88344573975,148888.51024150848,0.00989849403451215,-0.007409931723277419,0.03618168846529457,-0.0655080863669476,0.02474690007293945,-0.0443467595096787
2022-04-29,114.81849889755247,0,350,0.0,40186.474614143364,107095.88344573975,147282.35805988312,-0.01078761671414441,-0.01811761293411318,-0.03843147236172251,-0.1014219865179894,-0.036284507106413955,-0.07902216630551728
2022-05-02,116.33450498580932,0,350,0.0,40717.076745033264,107095.88344573975,147812.960190773,0.003602618384709544,-0.014580265394847136,0.013203500331505857,-0.0895576114190958,0.005675242812353654,-0.07379539347450559
2022-05-03,116.34850521087644,0,350,0.0,40721.976823806755,107095.88344573975,147817.8602695465,3.3150535427850514e-05,-0.01454759820302376,0.00012034456216425404,-0.08944804462846623,0.004837126381486367,-0.06931522473762697
2022-05-04,120.3759964942932,0,350,0.0,42131.598773002625,107095.88344573975,149227.48221874237,0.009536208592286544,-0.005150118541717985,0.03461575441916609,-0.057928601755433684,0.02986242108440229,-0.04152272408189972
2022-05-05,114.87450466156004,0,350,0.0,40206.07663154601,107095.88344573975,147301.96007728577,-0.0129032676342693,-0.01798693281809527,-0.04570256523686578,-0.10098368129149138,-0.035649708609806985,-0.07569215967750154
2022-05-06,114.02100505828857,0,350,0.0,39907.351770401,107095.88344573975,147003.23521614075,-0.0020279761449765177,-0.019978431892395343,-0.007429843600074926,-0.10766323193341076,-0.0056742248424840325,-0.08093689018716221
2022-05-09,109.37860336303712,0,350,0.0,38282.51117706299,107095.88344573975,145378.39462280273,-0.011053094110132888,-0.03081070251464868,-0.0407153198910869,-0.1439950088958205,-0.03203710063235676,-0.11038100752372282
2022-05-10,110.85150165557862,0,350,0.0,38798.025579452515,107095.88344573975,145893.90902519226,0.0035460179879347464,-0.02737393983205183,0.013466055035031177,-0.1324679985753503,0.0024578974498534745,-0.10819441527077411
2022-05-11,107.63300037384032,0,350,0.0,37671.55013084411,107095.88344573975,144767.43357658386,-0.007721195875380116,-0.034883776156107826,-0.029034349861478237,-0.15765622622074205,-0.01646320750393837,-0.12287639566534247
2022-05-12,106.5295039176941,0,350,0.0,37285.32637119293,107095.88344573975,144381.20981693268,-0.0026678911831843344,-0.037458601220449084,-0.01025239891402685,-0.1662922706122738,-0.0012959645058717717,-0.12401311672382254
2022-05-13,109.86500072479248,0,350,0.0,38452.75025367737,107095.88344573975,145548.6336994171,0.00808570508561779,-0.029675775337219656,0.0313105448202915,-0.14018842738425596,0.02386969542307149,-0.10310357662541447
2022-05-16,108.97300262451172,0,350,0.0,38140.5509185791,107095.88344573975,145236.43436431885,-0.0021449829322548464,-0.0317571042378747,-0.008119037859155687,-0.14716927009406333,-0.003946400929555671,-0.1066430895043351
2022-05-17,111.71199827194212,0,350,0.0,39099.19939517974,107095.88344573975,146195.0828409195,0.006600605976017748,-0.025366114393870487,0.0251346258381826,-0.12573368879457347,0.020169632234863677,-0.08862440916516356
2022-05-18,107.04650058746336,0,350,0.0,37466.275205612175,107095.88344573975,144562.15865135193,-0.011169487768233677,-0.03625227565765421,-0.04176362214129836,-0.16224621666662364,-0.04039526078745259,-0.12543966383225547
2022-05-19,106.29650297164916,0,350,0.0,37203.77604007721,107095.88344573975,144299.65948581696,-0.0018158221209746417,-0.038002270094554036,-0.007006278689151602,-0.16811575314554839,-0.005833781800992588,-0.13054165800526085
2022-05-20,106.40699796676634,0,350,0.0,37242.44928836822,107095.88344573975,144338.33273410797,0.0002680065110951535,-0.0377444484392806,0.0010394979329344523,-0.16725101119050245,0.00014614176965843662,-0.13041459382451748
2022-05-23,108.45450525283812,0,350,0.0,37959.07683849334,107095.88344573975,145054.9602842331,0.004964914978235591,-0.03296693143844642,0.01924222396266906,-0.15122706864314395,0.018555039930923556,-0.11427940188958297
2022-05-24,107.1430012702942,0,350,0.0,37500.05044460297,107095.88344573975,144595.9338903427,-0.0031644998074586983,-0.03602710739771564,-0.012092664841229284,-0.1614909952283501,-0.008120797617175213,-0.12147215961220104
2022-05-25,108.30099678039552,0,350,0.0,37905.348873138435,107095.88344573975,145001.23231887817,0.0028029725154155027,-0.033325117874145826,0.010807943555547705,-0.1524284372339596,0.009450764734207695,-0.11316939968024442
2022-05-26,110.62700157165528,0,350,0.0,38719.45055007935,107095.88344573975,145815.3339958191,0.005614446607947299,-0.027897773361206468,0.02147722422145626,-0.13422495273670332,0.019883256167224195,-0.09553631967715348
2022-05-27,113.90700454711914,0,350,0.0,39867.4515914917,107095.88344573975,146963.33503723145,0.00787297885588134,-0.020244433085124025,0.029649207958866608,-0.10855540831479626,0.02474226295510973,-0.07315784146525928
2022-05-31,113.39399795532223,0,350,0.0,39687.89928436278,107095.88344573975,146783.78273010254,-0.0012217489966692696,-0.021441448465983393,-0.004503731740085337,-0.11257023561689627,-0.006274368617659065,-0.07897319081829302
2022-06-01,112.9454991340637,0,350,0.0,39530.924696922295,107095.88344573975,146626.80814266205,-0.0010694273203812887,-0.022487945715586655,-0.003955225402981655,-0.1160802203643464,-0.007482768681131846,-0.08586502138052066
2022-06-02,115.51799869537352,0,350,0.0,40431.29954338073,107095.88344573975,147527.18298912048,0.006140588190274299,-0.01648544673919705,0.022776468128723915,-0.09594764967512626,0.018431018038486124,-0.06901658309997394
2022-06-03,113.04300394058228,0,350,0.0,39565.0513792038,107095.88344573975,146660.93482494354,-0.005871786789562905,-0.022260434500376736,-0.02142518726729259,-0.11531714058027265,-0.016347313992415624,-0.0842356613377706
2022-06-06,113.15200004577638,0,350,0.0,39603.20001602173,107095.88344573975,146699.08346176147,0.0002601145074077049,-0.022006110254923827,0.0009642003608767435,-0.11446412904795866,0.003137400778913113,-0.08136254158835088
2022-06-07,114.382998752594,0,350,0.0,40034.049563407905,107095.88344573975,147129.93300914764,0.002936961412567163,-0.019133779939016105,0.01087915994697064,-0.10483024266909147,0.009523393173235029,-0.07261399588823536
2022-06-08,113.1990054130554,0,350,0.0,39619.65189456939,107095.88344573975,146715.53534030914,-0.0028165422247065086,-0.021896431064606148,-0.010351130434161249,-0.11409626158794017,-0.010793945785935621,-0.08262415013925317
2022-06-09,110.5430013656616,0,350,0.0,38690.05047798156,107095.88344573975,145785.9339237213,-0.006336080323270488,-0.028093773841858294,-0.023463139430441426,-0.13488234452425163,-0.02379869397635359,-0.1044564972513864
2022-06-10,106.65199737548828,0,350,0.0,37328.1990814209,107095.88344573975,144424.08252716064,-0.009341445775373769,-0.03717278315226269,-0.03519900800686959,-0.16533362780622674,-0.029110303335524668,-0.1305260402665568
2022-06-13,101.829599237442,0,350,0.0,35640.3597331047,107095.88344573975,142736.24317884445,-0.011686689081087165,-0.048425045474370654,-0.045216200884340974,-0.20307407016274448,-0.038768430665237275,-0.16423418118971211
2022-06-14,102.18749985694885,0,350,0.0,35765.6249499321,107095.88344573975,142861.50839567184,0.0008775992280420919,-0.04758994402885475,0.003514701247839591,-0.20027311360270972,-0.0037736797459957394,-0.16738809373255203
2022-06-15,104.09399685859678,0,350,0.0,36432.89890050887,107095.88344573975,143528.78234624863,0.0046707749209022875,-0.04314145102500955,0.018656851418390907,-0.18535272790790314,0.014592504858983224,-0.15523820044469705
2022-06-16,100.29074845314024,0,350,0.0,35101.76195859908,107095.88344573975,142197.64540433884,-0.009274355429969128,-0.05201569730440814,-0.03653667377786396,-0.2151172295323589,-0.03251195148816344,-0.18270305509089269
2022-06-17,100.88750176429748,0,350,0.0,35310.62561750412,107095.88344573975,142406.50906324387,0.001468826423328684,-0.050623272911707984,0.005950232901453134,-0.2104469942477386,0.002200865698254617,-0.1809042942795539
2022-06-21,102.99399919509884,0,350,0.0,36047.89971828459,107095.88344573975,143143.78316402435,0.0051772500121680665,-0.04570811223983806,0.02087966689593279,-0.19396139049094885,0.024477242280086964,-0.16085509024005573
2022-06-22,102.4479989528656,0,350,0.0,35856.79963350296,107095.88344573975,142952.6830792427,-0.0013350218958700921,-0.04698211280504905,-0.005301282079540948,-0.19823442852695727,-0.0013015723144006452,-0.1619472980223695
2022-06-23,103.72500529289246,0,350,0.0,36303.75185251236,107095.88344573975,143399.6352982521,0.0031265745376856113,-0.04400243134498638,0.012464922234492581,-0.18824048302825225,0.009532217409177868,-0.15395879746676977
2022-06-24,107.02499799728392,0,350,0.0,37458.74929904937,107095.88344573975,144554.63274478912,0.008054395983189133,-0.03630244836807284,0.03181482319594142,-0.16241449751817327,0.03056329358583576,-0.12810099180803314
2022-06-27,106.33950242996217,0,350,0.0,37218.825850486755,107095.88344573975,144314.7092962265,-0.0016597423687292334,-0.037901938025156956,-0.006405004252736823,-0.16777923622360014,-0.0029730715337762392,-0.13069320992961642
2022-06-28,103.54700126647948,0,350,0.0,36241.45044326782,107095.88344573975,143337.33388900757,-0.006772527984051369,-0.04441777407328318,-0.02626024289818263,-0.1896335556252795,-0.020143036075892073,-0.14820368796302208
2022-06-29,103.74949722290036,0,350,0.0,36312.32402801512,107095.88344573975,143408.20747375488,0.0004944530697228444,-0.04394528350830107,0.0019555945990143986,-0.18804880738343777,-0.0007117454091590814,-0.14880995007765307
2022-06-30,102.24100193977355,0,350,0.0,35784.350678920746,107095.88344573975,142880.2341246605,-0.003681611801688689,-0.04746510583559704,-0.014539784032744585,-0.19985440236921193,-0.008759278267998716,-0.15626576058387465
2022-07-01,102.49200248718262,0,350,0.0,35872.200870513916,107095.88344573975,142968.08431625366,0.0006148519571749222,-0.04687943789164262,0.002454989120283857,-0.19789005363238532,0.010553814029047315,-0.14736114633113717
2022-07-05,103.45449600219726,0,350,0.0,36209.07360076904,107095.88344573975,143304.9570465088,0.002356279248380666,-0.04463361968994173,0.009390913355751929,-0.19035750862426026,0.0015841285142366157,-0.14601045681069436
2022-07-06,104.04849672317503,0,350,0.0,36416.97385311126,107095.88344573975,143512.857298851,0.0014507540885326797,-0.043247618007660193,0.005741661734693038,-0.18570881531274663,0.0035731642904301975,-0.14295901187056959
2022-07-07,106.27749824523926,0,350,0.0,37197.12438583374,107095.88344573975,144293.0078315735,0.00543610201487299,-0.038046614456177075,0.021422717216132092,-0.16826448553160245,0.014964587965241805,-0.130133746613889
2022-07-08,106.38549671173097,0,350,0.0,37234.923849105835,107095.88344573975,144330.80729484558,0.00026196323605787164,-0.037794618034363237,0.0010161931572993943,-0.1674192815931168,-0.000830271529819071,-0.1308559717988259
2022-07-11,104.99699544906616,0,350,0.0,36748.94840717316,107095.88344573975,143844.8318529129,-0.0033670943233893302,-0.04103445431391439,-0.013051602949480712,-0.17828579455315685,-0.011527461422777274,-0.14087499605475218
2022-07-12,103.435000371933,0,350,0.0,36202.25013017655,107095.88344573975,143298.1335759163,-0.0038006111860565683,-0.044679109493891755,-0.014876569281364604,-0.1905100828599683,-0.009243878717321574,-0.1488166433942405
2022-07-13,103.23250255584716,0,350,0.0,36131.37589454651,107095.88344573975,143227.25934028625,-0.0004945928733431915,-0.04515160439809196,-0.001957730123823609,-0.1920948456556848,-0.0044569025122100925,-0.1526102846346481
2022-07-14,104.09399762153626,0,350,0.0,36432.89916753769,107095.88344573975,143528.78261327744,0.0021052087038460066,-0.04314144924481744,0.008345192108687227,-0.18535272193708285,-0.00299863390215227,-0.15515129616347778
2022-07-15,105.87100338935852,0,350,0.0,37054.85118627548,107095.88344573975,144150.73463201523,0.004333291256385596,-0.03899510245323223,0.01707116460531255,-0.17144574415800096,0.01920124935943668,-0.13892914553011582
2022-07-18,105.11350412368776,0,350,0.0,36789.72644329072,107095.88344573975,143885.60988903046,-0.0018392188125962994,-0.04076260073979743,-0.007154926669438733,-0.17737398910020186,-0.008363571580831342,-0.14613077325764234
2022-07-19,108.08950428962709,0,350,0.0,37831.32650136948,107095.88344573975,144927.20994710922,0.007239084289819342,-0.033818600352605754,0.0283122534135809,-0.15408359301500363,0.02762829164595959,-0.12253982523369444
2022-07-20,109.57100496292114,0,350,0.0,38349.8517370224,107095.88344573975,145445.73518276215,0.0035778321810111535,-0.030361765448252864,0.013706239870657111,-0.14248925983034288,0.005895806193263242,-0.11736649010096545
2022-07-21,110.80749955177308,0,350,0.0,38782.624843120575,107095.88344573975,145878.50828886032,0.0029754953320175748,-0.027476611407598384,0.01128487038400694,-0.13281236227463444,0.00986137270919718,-0.10866251209422417
2022-07-22,109.41650104522704,0,350,0.0,38295.77536582946,107095.88344573975,145391.6588115692,-0.0033373625971487852,-0.030722274589539023,-0.012553288470299906,-0.1436984188488789,-0.00933246697634671,-0.11698088976488463
2022-07-25,108.74600419998168,0,350,0.0,38061.10146999359,107095.88344573975,145156.98491573334,-0.0016140808747495683,-0.03228676722844481,-0.006127931699883238,-0.14894577645267504,0.0013151670479691902,-0.11581957212837635
2022-07-26,107.1349998474121,0,350,0.0,37497.24994659424,107095.88344573975,144593.13339233398,-0.003884425704534178,-0.03604577738444048,-0.014814377451579541,-0.1615536149520661,-0.01154320266205866,-0.1260258459971242
2022-07-27,111.48300228118896,0,350,0.0,39019.05079841614,107095.88344573975,146114.93424415588,0.010524710379521851,-0.02590043837229461,0.0405843322907502,-0.1275258282533025,0.026156273782937722,-0.10316593874581359
2022-07-28,113.13599557876586,0,350,0.0,39597.59845256805,107095.88344573975,146693.4818983078,0.003959538134446827,-0.022043454011281827,0.01482731235931034,-0.11458938118338369,0.012133338697180918,-0.09228434732544821
2022-07-29,114.71100115776062,0,350,0.0,40148.85040521622,107095.88344573975,147244.73385095596,0.003757848989025314,-0.018368440993627444,0.013921348116817889,-0.10226327173251037,0.014207760082581844,-0.07938774110904401
2022-08-01,114.2805028438568,0,350,0.0,39998.17599534988,107095.88344573975,147094.05944108963,-0.0010232923509431169,-0.019372937059403017,-0.003752894749055158,-0.10563238318605939,-0.0028230841271976725,-0.08198670696442267
2022-08-02,113.44949951171874,0,350,0.0,39707.32482910156,107095.88344573975,146803.2082748413,-0.0019773141577128506,-0.021311944834391805,-0.007271610742503154,-0.11213587635623057,-0.006662395550704803,-0.0881028746434308
2022-08-03,116.16550159454344,0,350,0.0,40657.9255580902,107095.88344573975,147753.80900382996,0.00647534028826513,-0.014974606641134147,0.02394018567304612,-0.0908802443837623,0.015638477163140152,-0.07384219227340894
2022-08-04,116.59850072860718,0,350,0.0,40809.47525501251,107095.88344573975,147905.35870075226,0.0010256906264825005,-0.013964275328318676,0.0037274330857284266,-0.08749156132778901,-0.0007773401640558397,-0.07456213193560868
2022-08-05,116.31000270843506,0,350,0.0,40708.50094795227,107095.88344573975,147804.38439369202,-0.0006826953935086255,-0.01463743737538692,-0.0024742858473250084,-0.08974936804316036,-0.0016257460597355333,-0.07606665890314446
2022-08-08,115.61150298118592,0,350,0.0,40464.02604341507,107095.88344573975,147559.90948915482,-0.0016540436573655448,-0.016267270072301665,-0.0060055000514456225,-0.09521587826020561,-0.0012375507238541195,-0.07721007327821183
2022-08-09,114.5329981803894,0,350,0.0,40086.54936313629,107095.88344573975,147182.43280887604,-0.0025581249106588766,-0.01878378127416014,-0.00932869803597336,-0.10365633611965952,-0.004248692893594086,-0.08113072428215495
2022-08-10,117.48150000572204,0,350,0.0,41118.525002002716,107095.88344573975,148214.40844774246,0.007011540842014163,-0.01190394368171721,0.025743688475602156,-0.08058114406964423,0.021290637641290244,-0.061567411493131496
2022-08-11,117.2094985961914,0,350,0.0,41023.324508666985,107095.88344573975,148119.20795440674,-0.0006423160496523694,-0.012538613637288698,-0.002315270144809145,-0.0827098470973544,-0.0007054739583503,-0.06222945124599033
2022-08-12,119.303000497818,0,350,0.0,41756.050174236305,107095.88344573975,148851.93361997604,0.00494686459432625,-0.007653775866826695,0.017861196632528165,-0.06632594730727848,0.017322368774566943,-0.04598504397454539
2022-08-15,119.89849858283996,0,350,0.0,41964.47450399399,107095.88344573975,149060.35794973373,0.001400212443929627,-0.0062642803351088405,0.0049914761786133965,-0.06166553551467335,0.0039695418998517695,-0.04219804163351715
2022-08-16,119.53799548149108,0,350,0.0,41838.29841852188,107095.88344573975,148934.18186426163,-0.0008464764690465643,-0.007105454238256259,-0.003006735744066069,-0.0644868592889305,0.0018756797165810912,-0.04040151192770747
2022-08-17,118.67550539970397,0,350,0.0,41536.426889896386,107095.88344573975,148632.31033563614,-0.0020268787517201403,-0.009117931095759535,-0.007215196124989887,-0.07123677007666618,-0.007237794954094601,-0.04734688902263395
2022-08-18,119.26350421905516,0,350,0.0,41742.226476669304,107095.88344573975,148838.10992240906,0.0013846221343676302,-0.007745933850606734,0.004954677187771761,-0.06663504808852383,0.002269561170191503,-0.04518478451329755
2022-08-19,117.15800008773805,0,350,0.0,41005.30003070831,107095.88344573975,148101.18347644806,-0.004951194598918018,-0.012658776823680107,-0.017654219915003266,-0.08311287821052549,-0.012900001139847905,-0.057501901881420125
2022-08-22,114.26249690055846,0,350,0.0,39991.87391519546,107095.88344573975,147087.7573609352,-0.006842795524817702,-0.019414950927099106,-0.02471451531275015,-0.1057732990220549,-0.0214000649197158,-0.0776714223678664
2022-08-23,114.13550429344178,0,350,0.0,39947.42650270463,107095.88344573975,147043.30994844437,-0.0003021829504258333,-0.019711267010371403,-0.0011114110977917813,-0.10676715250146351,-0.0022378626777133093,-0.07973546706833778
2022-08-24,114.26250171661376,0,350,0.0,39991.87560081481,107095.88344573975,147087.75904655457,0.0003022857559842329,-0.019414939689636812,0.0011126899027444903,-0.1057732613312522,0.0029161604463010526,-0.07705182803726873
2022-08-25,115.90599641799928,0,350,0.0,40567.098746299744,107095.88344573975,147662.9821920395,0.003910747904608769,-0.015580118719737412,0.014383500069529376,-0.09291115097343527,0.014091605518061545,-0.06404600648435388
2022-08-26,111.45455322265624,0,350,0.0,39009.09362792969,107095.88344573975,146104.97707366943,-0.010551087992682118,-0.025966819508871142,-0.03840563329691338,-0.12774847267686873,-0.03368805871951874,-0.09557647957667703
2022-08-29,110.14599933624268,0,350,0.0,38551.09976768494,107095.88344573975,145646.98321342468,-0.0031346903399042114,-0.02902011191050291,-0.011740694736799395,-0.13798931159287664,-0.006666355799502699,-0.10160568855725771
2022-08-30,108.97249736785888,0,350,0.0,38140.37407875061,107095.88344573975,145236.25752449036,-0.0028200082135066973,-0.03175828317006513,-0.010654058935009147,-0.14717322426977397,-0.011028155571448206,-0.11151332078835241
2022-08-31,107.98249611854554,0,350,0.0,37793.873641490936,107095.88344573975,144889.75708723068,-0.0023857709029802,-0.03406828608512957,-0.009084872543311473,-0.15492104682880636,-0.007817025105971265,-0.11845864346607093
2022-09-01,107.30450415611269,0,350,0.0,37556.57645463944,107095.88344573975,144652.45990037918,-0.0016377775187285115,-0.03565026733080623,-0.006278720966855,-0.1602270617707302,0.0029962320243361873,-0.11581734102284724
2022-09-02,106.1240044116974,0,350,0.0,37143.40154409409,107095.88344573975,144239.28498983383,-0.002856328270047337,-0.03840476673444182,-0.011001399742715634,-0.16946573955730526,-0.010736500458081055,-0.12531036854598276
2022-09-06,105.37250084877012,0,350,0.0,36880.37529706954,107095.88344573975,143976.2587428093,-0.00182354097944315,-0.040158275047938785,-0.007081372090068316,-0.17534706168904968,-0.004095056983834944,-0.1288922724299566
2022-09-07,106.85200119018556,0,350,0.0,37398.20041656495,107095.88344573975,144494.0838623047,0.0035966007452687965,-0.036706107584636105,0.01404066838594642,-0.16376838324872933,0.018341016392734,-0.11291527131875723
2022-09-08,107.17399544715882,0,350,0.0,37510.898406505585,107095.88344573975,144606.78185224533,0.0007799488181678971,-0.03595478765169835,0.003013460238336041,-0.16124843252160992,0.006610721877456038,-0.10705100089570696
2022-09-09,109.35199780464173,0,350,0.0,38273.1992316246,107095.88344573975,145369.08267736435,0.005271542699137877,-0.03087278215090483,0.02032211590503552,-0.1442032259517838,0.015271449816332883,-0.09341437506734107
2022-09-12,111.07799577713013,0,350,0.0,38877.298521995544,107095.88344573975,145973.1819677353,0.004155624285747894,-0.02684545354843182,0.015783872331001314,-0.130695438928924,0.0105842727693497,-0.08381882552428244
2022-09-13,105.60999994277954,0,350,0.0,36963.49997997284,107095.88344573975,144059.3834257126,-0.013110617417696036,-0.03960411049524981,-0.04922663391696158,-0.17348837631911485,-0.0432366134006168,-0.12343139677001214
2022-09-14,105.85499672889708,0,350,0.0,37049.248855113976,107095.88344573975,144145.13230085373,0.0005952328345577573,-0.039032451327642326,0.0023198256438810017,-0.17157101345953418,0.0033870120853238816,-0.12046244831725672
2022-09-15,103.5834948539734,0,350,0.0,36254.22319889069,107095.88344573975,143350.10664463043,-0.00551545267976139,-0.04433262236913105,-0.0214586174022674,-0.18934795412665417,-0.011317739184353415,-0.1304168249300468
2022-09-16,103.05850467681884,0,350,0.0,36070.4766368866,107095.88344573975,143166.36008262634,-0.0012818027576331215,-0.04555759944915827,-0.005068280210999476,-0.19345656584876025,-0.007182134089448455,-0.13666228789532753
2022-09-19,103.6195016860962,0,350,0.0,36266.82559013367,107095.88344573975,143362.7090358734,0.0013714740888415289,-0.04424860642751105,0.005443480972643577,-0.1890661620113474,0.006857100716286535,-0.13074229425125738
2022-09-20,103.01149501800538,0,350,0.0,36054.02325630188,107095.88344573975,143149.90670204163,-0.0014843632299005316,-0.04566728865305625,-0.0058676856981295655,-0.19382446689464272,-0.011272103097361819,-0.14054065672863336
2022-09-21,101.56649875640868,0,350,0.0,35548.274564743035,107095.88344573975,142644.1580104828,-0.0035330004972446982,-0.049038946596781874,-0.014027524416999615,-0.20513311386966582,-0.017116493600784488,-0.15525158707787212
2022-09-22,100.64449796676634,0,350,0.0,35225.57428836822,107095.88344573975,142321.45773410797,-0.002262274746303361,-0.05119028177261398,-0.00907780420642057,-0.2123487598321242,-0.00842758097968943,-0.16237077273523748
2022-09-23,99.23024864196778,1,700,350.0,69461.17404937744,72365.29642105103,141826.47047042847,-0.0034779524574871656,-0.054490196863810625,-0.014051928852241491,-0.22341677901934298,-0.017232619015461026,-0.17680531808490618
2022-09-26,98.49049849510192,1,700,0.0,68943.34894657134,72365.29642105103,141308.64536762238,-0.0036511174612785524,-0.057942364215851194,-0.007454885551430479,-0.22920611805291502,-0.010340526208282075,-0.18531758426776768
2022-09-27,98.61650032997132,1,700,0.0,69031.55023097992,72365.29642105103,141396.84665203094,0.0006241747217878846,-0.05735435565312752,0.001279329852063471,-0.2282200184299522,-0.0021203598092424114,-0.18704500411938285
2022-09-28,99.75699768066406,0,350,-350.0,34914.94918823242,107280.24560928345,142195.19479751587,0.005646152402886351,-0.052032034683228034,0.011564974896458802,-0.2192944023175052,0.019672139926234733,-0.17105243968668782
2022-09-29,97.3859990119934,1,700,350.0,68170.19930839539,73195.14595508575,141365.34526348114,-0.005835988587493568,-0.057564364910126176,-0.023767742853093354,-0.23785001220719326,-0.021126437880238824,-0.18856514882562259
2022-09-30,95.70649890899656,1,700,0.0,66994.5492362976,73195.14595508575,140189.69519138336,-0.008316395152620837,-0.06540203205744477,-0.017245806584476275,-0.2509939034850289,-0.015066695771983274,-0.20079079086705143
2022-10-03,98.44899959564208,0,350,-350.0,34457.149858474724,107652.29581356049,142109.44567203522,0.013693948603219708,-0.05260369551976585,0.028655323493269158,-0.22953089149096162,0.025883894952576147,-0.18010414365272276
2022-10-04,101.5350001335144,0,350,0.0,35537.25004673004,107652.29581356049,143189.54586029053,0.007600481327244113,-0.045403027598063694,0.031346184832221846,-0.20537962440812008,0.030583700679551518,-0.15502869419379306
2022-10-05,101.85499868392944,0,350,0.0,35649.249539375305,107652.29581356049,143301.5453529358,0.0007821764638777928,-0.044656364313761854,0.0031516083123479532,-0.20287529222724365,-0.002017948757084831,-0.15673380299011708
2022-10-06,101.15549817085268,0,350,0.0,35404.42435979844,107652.29581356049,143056.72017335892,-0.0017084615450161378,-0.046288532177607644,-0.006867611036424526,-0.20834963466775047,-0.010245080846639998,-0.16537313335372195
2022-10-07,97.44799757003784,0,350,0.0,34106.799149513245,107652.29581356049,141759.09496307373,-0.009070704324219747,-0.05493936691284218,-0.03665149861209549,-0.2373648069339903,-0.028003617786773516,-0.18874570512185673
2022-10-10,95.97849855422972,0,350,0.0,33592.4744939804,107652.29581356049,141244.7703075409,-0.0036281598416441074,-0.05836819794972781,-0.01507982772813743,-0.24886521426484054,-0.00749246363390188,-0.19482399842407794
2022-10-11,94.60849857330322,0,350,0.0,33112.97450065613,107652.29581356049,140765.2703142166,-0.0033948159091500285,-0.0615648645718897,-0.014274030137618965,-0.2595869348338382,-0.006519175777754405,-0.2000730823103808
2022-10-12,94.35399832725524,0,350,0.0,33023.89941453934,107652.29581356049,140676.19522809982,-0.00063279163900265,-0.06215869847933497,-0.002690035777819566,-0.2615786724695003,-0.0032907731480149582,-0.20270546033148817
2022-10-13,96.92000007629392,0,350,0.0,33922.00002670287,107652.29581356049,141574.29584026337,0.006384169053671895,-0.056171361064911385,0.027195474431711997,-0.2414969541368137,0.02596564246086497,-0.18200319537845566
2022-10-14,94.44100208282472,0,350,0.0,33054.350728988655,107652.29581356049,140706.64654254913,-0.0061285792916334625,-0.06195568971633958,-0.025577775397418123,-0.2608977746821598,-0.02366266361565439,-0.20135917860489538
2022-10-17,97.00500044822694,0,350,0.0,33951.750156879425,107652.29581356049,141604.0459704399,0.006377804104793272,-0.05597302686373451,0.02714920753544714,-0.24083173497709498,0.026480052302171098,-0.18021112788370408
2022-10-18,97.69249806404112,0,350,0.0,34192.37432241439,107652.29581356049,141844.67013597488,0.0016992746491524269,-0.05436886576016797,0.007087238932400375,-0.23545132809298175,0.011427569666488724,-0.17084293343578294
2022-10-19,97.3834991455078,0,350,0.0,34084.22470092773,107652.29581356049,141736.52051448822,-0.0007624510768221571,-0.055089863236745695,-0.0031629748922047396,-0.23786957634609218,-0.0066720972934503076,-0.17637515005545124
2022-10-20,97.41199893951416,0,350,0.0,34094.199628829956,107652.29581356049,141746.49544239044,7.037655408792531e-05,-0.05502336371739758,0.00029265526764232774,-0.23764653486297938,-0.007950909706564868,-0.18292371686944342
2022-10-21,99.78949766159056,0,350,0.0,34926.324181556694,107652.29581356049,142578.6199951172,0.005870512354677171,-0.04947586669921933,0.0244066310922606,-0.2190400550774736,0.02372481982226482,-0.16353872927112512
2022-10-24,101.001998090744,0,350,0.0,35350.6993317604,107652.29581356049,143002.9951453209,0.0029764290762404055,-0.04664669903119467,0.012150581549827066,-0.20955093757954402,0.011881976654619875,-0.15359991597983091
2022-10-25,102.81900086402894,0,350,0.0,35986.650302410126,107652.29581356049,143638.9461159706,0.004447116439788346,-0.04240702589352985,0.01798977057515705,-0.195330940295252,0.016266654579669915,-0.13983181817687118
2022-10-26,100.93350048065184,0,350,0.0,35326.72516822814,107652.29581356049,142979.02098178864,-0.004594332888304353,-0.0468065267880764,-0.018338053934899956,-0.21008700491186294,-0.007387716072364547,-0.14618649647866255
2022-10-27,99.89000024795531,0,350,0.0,34961.50008678436,107652.29581356049,142613.79590034485,-0.0025543962948962884,-0.04924136066436824,-0.010338492450250092,-0.21825351444793606,-0.006082610618211248,-0.1513799115611536
2022-10-28,103.58700146675108,0,350,0.0,36255.45051336288,107652.29581356049,143907.74632692337,0.009073108379239248,-0.04061502448717802,0.03701072389246929,-0.18932051111726034,0.024626377895927698,-0.130481472573183
2022-10-31,102.31400184631346,0,350,0.0,35809.90064620971,107652.29581356049,143462.1964597702,-0.003096079804772889,-0.04358535693486576,-0.012289183028878603,-0.19928309973389813,-0.00745440410765752,-0.13696321505571774
2022-11-01,101.63700194358826,0,350,0.0,35572.95068025589,107652.29581356049,143225.24649381638,-0.0016516543856225363,-0.045165023374557856,-0.0066168842045893905,-0.20458135074361672,-0.004101230608784645,-0.14050272793463836
2022-11-02,98.59999871253966,0,350,0.0,34509.99954938888,107652.29581356049,142162.29536294937,-0.007421534658785811,-0.052251364247004495,-0.029880881696355388,-0.22834916130112148,-0.02500198485734284,-0.16199186571574398
2022-11-03,96.06849975585938,0,350,0.0,33623.97491455078,107652.29581356049,141276.27072811127,-0.0062324868389049826,-0.05815819514592524,-0.02567443194457497,-0.24816085824427003,-0.010585992315429671,-0.17086301338554466
2022-11-04,97.8280982017517,0,350,0.0,34239.8343706131,107652.29581356049,141892.13018417358,0.0043592561786087725,-0.05405246543884312,0.018316081237492288,-0.23439011144634558,0.013618724670070526,-0.15957122505107046
2022-11-07,99.15650143623353,0,350,0.0,34704.77550268173,107652.29581356049,142357.07131624222,0.0032767224754830515,-0.05095285789171877,0.013578953888506051,-0.2239939300730912,0.009613981920559844,-0.15149135800319324
2022-11-08,99.77410197257994,0,350,0.0,34920.93569040298,107652.29581356049,142573.23150396347,0.0015184366025700058,-0.04951178997357708,0.0062285430345037085,-0.21916054287151532,0.005597892802462701,-0.14674149758333188
2022-11-09,97.17274947166442,0,350,0.0,34010.46231508254,107652.29581356049,141662.75812864304,-0.006386005042574361,-0.05558161247571325,-0.026072422096371617,-0.23951891878727083,-0.02077788695478977,-0.16447040628975862
2022-11-10,104.3939953804016,0,350,0.0,36537.898383140564,107652.29581356049,144190.19419670105,0.01784121741977418,-0.03873203868865993,0.07431348755695044,-0.18300491742127245,0.05543448436034493,-0.11815325409462285
2022-11-11,105.94499964714048,0,350,0.0,37080.74987649917,107652.29581356049,144733.04569005966,0.0037648294766707835,-0.03511302873293576,0.014857217228703368,-0.17086664400461782,0.009240746788147902,-0.11000433160975909
2022-11-14,105.090749835968,0,350,0.0,36781.7624425888,107652.29581356049,144434.0582561493,-0.002065785546658372,-0.03710627829233826,-0.008063144216505114,-0.1775520658287234,-0.008935777048800997,-0.11795713447689293
2022-11-15,106.3870044708252,0,350,0.0,37235.45156478882,107652.29581356049,144887.7473783493,0.0031411505546385943,-0.03408168414433821,0.01233462161874832,-0.16740748175959952,0.008713116550319144,-0.11027179218721261
2022-11-16,104.9875027179718,0,350,0.0,36745.62595129013,107652.29581356049,144397.92176485062,-0.0033807248877960605,-0.037347188234329476,-0.0131548186718351,-0.1783600853645786,-0.008252046497990273,-0.11761387072865725
2022-11-17,104.90100173950196,0,350,0.0,36715.35060882569,107652.29581356049,144367.64642238617,-0.00020966605401528948,-0.03754902385075909,-0.00082391690658834,-0.17903704838137446,-0.0030893228355314273,-0.12033984634757144
2022-11-18,104.91899747848512,0,350,0.0,36721.649117469795,107652.29581356049,144373.94493103027,4.362825605452869e-05,-0.037507033793131694,0.00017154973436617205,-0.17889621240509979,0.00475858190881473,-0.11615391145449583
2022-11-21,103.86249899864195,0,350,0.0,36351.87464952468,107652.29581356049,144004.17046308517,-0.0025612271530139896,-0.039972196912765656,-0.010069658548346516,-0.18716444717893443,-0.003883688698329779,-0.11958649451964298
2022-11-22,105.70959815979003,0,350,0.0,36998.359355926514,107652.29581356049,144650.655169487,0.0044893471093432336,-0.03566229887008687,0.017784081636358806,-0.17270891335062977,0.013579987927526016,-0.10763048974398892
2022-11-23,106.64050312042237,0,350,0.0,37324.17609214783,107652.29581356049,144976.4719057083,0.002252438717540217,-0.033490187295278084,0.008806248220007307,-0.1654235826913958,0.0059146891478476515,-0.1023524014858076
2022-11-25,106.0085042476654,0,350,0.0,37102.97648668289,107652.29581356049,144755.27230024338,-0.0015257620947543016,-0.03496485133171101,-0.005926443089295019,-0.170369652332243,-0.0002830441976333642,-0.10260647543008661
2022-11-28,103.95250377655027,0,350,0.0,36383.376321792595,107652.29581356049,144035.6721353531,-0.004971149951607523,-0.039762185764312896,-0.019394674849026572,-0.18646006317014396,-0.015444192913123267,-0.116465994142532
2022-11-29,103.10000452995298,0,350,0.0,36085.001585483544,107652.29581356049,143737.29739904404,-0.0020715336130667783,-0.04175135067303992,-0.008200853424654042,-0.19313178494718797,-0.0015918653377758885,-0.11787246130120277
2022-11-30,107.87800478935245,0,350,0.0,37757.30167627335,107652.29581356049,145409.59748983383,0.011634420022154313,-0.030602683401108055,0.04634335644487142,-0.15573880365295834,0.030947872397389053,-0.09057249079532947
2022-12-01,108.00299582481384,0,350,0.0,37801.048538684845,107652.29581356049,145453.34435224533,0.0003008526477390472,-0.03031103765169818,0.0011586331774067204,-0.15476061462047352,-0.0008676332180498347,-0.09136154031172372
2022-12-02,107.44750041961667,0,350,0.0,37606.62514686584,107652.29581356049,145258.92096042633,-0.0013366718564281621,-0.031607193597158134,-0.005143333302515041,-0.15910796249989334,-0.001194660488065602,-0.09244705477745008
2022-12-05,105.73600044250487,0,350,0.0,37007.60015487671,107652.29581356049,144659.8959684372,-0.004123843052312948,-0.03560069354375228,-0.015928709094467974,-0.17250228714508697,-0.017894212283564803,-0.1086869998378368
2022-12-06,103.72399606704712,0,350,0.0,36303.39862346649,107652.29581356049,143955.69443702698,-0.004867980352784573,-0.04029537041982034,-0.019028565172103273,-0.18824838130391308,-0.014399194981406072,-0.12152118951663382
2022-12-07,103.1705042362213,0,350,0.0,36109.67648267746,107652.29581356049,143761.97229623795,-0.001345706688065551,-0.04158685135841389,-0.0053361984864914724,-0.1925800490630062,-0.0018623708845491027,-0.1231572428759714
2022-12-08,104.6580008983612,0,350,0.0,36630.300314426415,107652.29581356049,144282.5961279869,0.003621429390772146,-0.03811602581342077,0.014417848135491296,-0.1809387908288308,0.00752178195750397,-0.1165618228458678
2022-12-09,104.05950255393982,0,350,0.0,36420.82589387894,107652.29581356049,144073.12170743942,-0.0014518342902678505,-0.039512521950404,-0.005718610515048961,-0.18562268287206574,-0.007349578247904498,-0.12305472085604818
2022-12-12,106.06700315475464,0,350,0.0,37123.45110416412,107652.29581356049,144775.7469177246,0.00487686531643261,-0.03482835388183614,0.01929185275294021,-0.16991183558469913,0.014279296218109305,-0.11053255944807916
2022-12-13,107.34250435829162,0,350,0.0,37569.87652540207,107652.29581356049,145222.17233896255,0.0030835649668010667,-0.031852184406916506,0.012025428885512834,-0.159929669394817,0.0072896644387934195,-0.10404864027722327
2022-12-14,106.62900476455688,0,350,0.0,37320.15166759491,107652.29581356049,144972.4474811554,-0.001719605579403427,-0.03351701679229757,-0.006646943799198057,-0.16551356966972341,-0.006052724634100337,-0.10947158714317307
2022-12-15,102.9855014324188,0,350,0.0,36044.92550134658,107652.29581356049,143697.22131490707,-0.008796334671897443,-0.042018524567286386,-0.03416990846142798,-0.1940278946064128,-0.024921675023714007,-0.1316650468477747
2022-12-16,101.68900215625764,0,350,0.0,35591.15075469018,107652.29581356049,143243.44656825066,-0.003157853314797121,-0.045043689544995824,-0.01258914369623132,-0.20417439325636677,-0.011137750774080746,-0.1413363451444073
2022-12-19,100.25649876594544,0,350,0.0,35089.7745680809,107652.29581356049,142742.0703816414,-0.0035001684099410513,-0.048386197455724256,-0.014087102439170218,-0.21538527010227915,-0.009007516001852345,-0.14907077175572803
2022-12-20,100.47050027847288,0,350,0.0,35164.67509746551,107652.29581356049,142816.970911026,0.0005247263766341437,-0.04788686059316016,0.002134540056371259,-0.2137104785324936,0.0010373383615349674,-0.1481880702243189
2022-12-21,101.96100153923034,0,350,0.0,35686.35053873062,107652.29581356049,143338.6463522911,0.003652755256867257,-0.04440902431805949,0.014835212889616756,-0.20204570608864825,0.014867993802734736,-0.13552333573131858
2022-12-22,99.63400049209594,0,350,0.0,34871.900172233574,107652.29581356049,142524.19598579407,-0.0056820012412794885,-0.049838693428039704,-0.02282246164715307,-0.22025698735762123,-0.01445169956861636,-0.14801649276740925
2022-12-23,99.83949861526489,0,350,0.0,34943.82451534271,107652.29581356049,142596.1203289032,0.0005046465451823412,-0.04935919780731224,0.0020625300816385916,-0.21864874393809886,0.005868102525282026,-0.143016966197119
2022-12-27,98.95999863147736,0,350,0.0,34635.999521017075,107652.29581356049,142288.29533457756,-0.0021587192808305566,-0.0514113644361498,-0.00880913862735544,-0.2255317754694064,-0.004049622110409712,-0.1464874236390532
2022-12-28,97.51600031852723,0,350,0.0,34130.600111484535,107652.29581356049,141782.895925045,-0.003551939450424535,-0.05478069383303341,-0.014591737398133131,-0.23683261242495524,-0.012020638322615351,-0.15674718962329182
2022-12-29,99.79650065898896,0,350,0.0,34928.77523064613,107652.29581356049,142581.07104420662,0.005629558586414785,-0.049459526371956164,0.02338590931757545,-0.21898524910499428,0.01746133164481911,-0.14202287264087832
2022-12-30,99.72400155067444,0,350,0.0,34903.40054273605,107652.29581356049,142555.69635629654,-0.00017796673656778061,-0.04962869095802336,-0.0007264694436757146,-0.21955263245657952,-0.0025407424823445934,-0.1442027715772396
2023-01-03,98.80250172615052,0,350,0.0,34580.87560415269,107652.29581356049,142233.17141771317,-0.002262448620623858,-0.05177885721524589,-0.009240501887157637,-0.2267643578291917,-0.004000548879248611,-0.14762643022027033
2023-01-04,99.01800122261048,0,350,0.0,34656.300427913666,107652.29581356049,142308.59624147415,0.000530289966884645,-0.05127602505683926,0.0021811137642775424,-0.22507784292702293,0.007538970575044379,-0.14120041095875546
2023-01-05,97.30400013923644,0,350,0.0,34056.40004873275,107652.29581356049,141708.69586229324,-0.004215489401377948,-0.0552753609180453,-0.017309994770755455,-0.23849174141369867,-0.011645528874622113,-0.1512015863704489
2023-01-06,99.91300210952758,0,350,0.0,34969.550738334656,107652.29581356049,142621.84655189514,0.006443857831344824,-0.04918768965403264,0.02681289532349962,-0.21807350018824367,0.02284078102943865,-0.13181436766660137
2023-01-09,101.13649988174438,0,350,0.0,35397.774958610535,107652.29581356049,143050.07077217102,0.003002514906578879,-0.04633286151886018,0.012245631162954851,-0.20849831667500862,-0.0007676325452631305,-0.13248081521331034
2023-01-10,101.64949917793274,0,350,0.0,35577.32471227646,107652.29581356049,143229.62052583694,0.001255153197035952,-0.04513586316108742,0.00507234575833837,-0.20448354646887745,0.006978233159061986,-0.1264270640719094
2023-01-11,103.22800288200378,0,350,0.0,36129.801008701324,107652.29581356049,143782.0968222618,0.0038572768286095904,-0.0414526878515884,0.01552888815819875,-0.19213006043398573,0.012849424614881588,-0.1152021544861006
2023-01-12,104.08249654769897,0,350,0.0,36428.87379169464,107652.29581356049,144081.16960525513,0.0020800418800612785,-0.03945886929829956,0.008277731253523601,-0.18544273018645796,0.0034159058663651987,-0.11217976833506238
2023-01-13,104.47850379943849,0,350,0.0,36567.47632980347,107652.29581356049,144219.77214336395,0.0009619753815752752,-0.038534852377574036,0.0038047439759290036,-0.18234354832108568,0.003996858363534361,-0.10863127661681737
2023-01-17,104.9705011844635,0,350,0.0,36739.675414562225,107652.29581356049,144391.9712281227,0.0011940046929734827,-0.03738685847918244,0.004709077629686087,-0.17849314061571597,-0.0020304911890052235,-0.11044119295580179
2023-01-18,103.67349977493286,0,350,0.0,36285.7249212265,107652.29581356049,143938.020734787,-0.003143876279786628,-0.04041319510142061,-0.012355865646972886,-0.1886435689983348,-0.015562598500411085,-0.12428503951233527
2023-01-19,102.7089982509613,0,350,0.0,35948.149387836456,107652.29581356049,143600.44520139694,-0.0023452839747744036,-0.0426636986573542,-0.009303260004392855,-0.19619182883217956,-0.007638350296294338,-0.13097405714024557
2023-01-20,105.214497756958,0,350,0.0,36825.074214935295,107652.29581356049,144477.3700284958,0.006106699919133041,-0.03681753314336189,0.024394157753098833,-0.1765836055014819,0.018918401045981525,-0.11453347583386253
2023-01-23,107.3460011959076,0,350,0.0,37571.100418567665,107652.29581356049,145223.39623212814,0.005163619766093586,-0.03184402511914619,0.020258647661592244,-0.1599023028865577,0.01188134498366522,-0.1040129425887577
2023-01-24,107.2600031375885,0,350,0.0,37541.001098155975,107652.29581356049,145193.29691171646,-0.00020726219874078744,-0.032044687255224025,-0.0008011295936600771,-0.16057533001328095,-0.0007115031258156934,-0.10465044018079617
2023-01-25,107.08000359535215,0,350,0.0,37478.00125837325,107652.29581356049,145130.29707193375,-0.00043390322502989687,-0.03246468618710885,-0.0016781608891568434,-0.161984019663846,-0.0001817250594663422,-0.10481314763279748
2023-01-26,108.63600339889526,0,350,0.0,38022.60118961334,107652.29581356049,145674.89700317383,0.0037524896057379298,-0.028834019978841607,0.014531189309846537,-0.14980665080890476,0.011007853469181317,-0.09495906193440162
2023-01-27,109.01199784278867,0,350,0.0,38154.19924497604,107652.29581356049,145806.49505853653,0.0009033681030152785,-0.027956699609756885,0.0034610481988446296,-0.1468640906490173,0.002494840970949097,-0.09270112872172931
2023-01-30,107.06549735069272,0,350,0.0,37472.924072742455,107652.29581356049,145125.21988630295,-0.00467246107219077,-0.03249853409131409,-0.017855837252914952,-0.16209754660100606,-0.012968740984683369,-0.1044676527790328
2023-01-31,108.501504611969,0,350,0.0,37975.52661418915,107652.29581356049,145627.82242774963,0.00346323362569545,-0.029147850481669457,0.013412418536408843,-0.15085924820333496,0.014642470285510134,-0.09135484699513663
2023-02-01,110.73600282669068,0,350,0.0,38757.600989341736,107652.29581356049,146409.89680290222,0.005370363726619587,-0.023934021313985587,0.0205941680045163,-0.1333719009013532,0.010452303944590291,-0.08185741167815108
2023-02-02,113.4300048828125,0,350,0.0,39700.501708984375,107652.29581356049,147352.79752254486,0.006440143325228798,-0.017648016516367937,0.02432814971963637,-0.11228844275523742,0.014699373244309921,-0.06836129108091149
2023-02-03,112.33900299072266,0,350,0.0,39318.65104675293,107652.29581356049,146970.94686031342,-0.002591404226126248,-0.02019368759791096,-0.009618283039103948,-0.12082670376990123,-0.010354610691310495,-0.07800804721672383
2023-02-06,111.00049552917478,0,350,0.0,38850.173435211174,107652.29581356049,146502.46924877167,-0.003187552516668579,-0.023316871674855966,-0.01191489532498713,-0.1313019615670068,-0.006140463017754394,-0.08366950470545664
2023-02-07,113.5564953804016,0,350,0.0,39744.77338314056,107652.29581356049,147397.06919670105,0.00610638136351338,-0.017352872021993315,0.023026922889321844,-0.11129851882190511,0.01287251059802652,-0.07187403069348275
2023-02-08,112.30149841308594,0,350,0.0,39305.52444458008,107652.29581356049,146957.82025814056,-0.002980038483494596,-0.020281198279063162,-0.011051740925180575,-0.12112021735170964,-0.011080724476164705,-0.08215833883854151
2023-02-09,111.53149914741516,0,350,0.0,39036.02470159531,107652.29581356049,146688.3205151558,-0.0018338577866178207,-0.022077863232294992,-0.0068565359906279655,-0.12714628821287288,-0.00882979617773516,-0.09026269363003103
2023-02-10,111.0930037498474,0,350,0.0,38882.55131244659,107652.29581356049,146534.84712600708,-0.001046255002509544,-0.023101019159952996,-0.0039315834622485335,-0.13057798543109744,0.0021952617756952897,-0.088265582095433
2023-02-13,112.7864984035492,0,350,0.0,39475.27444124222,107652.29581356049,147127.5702548027,0.004044929519637863,-0.019149531634648942,0.015243936130443503,-0.11732457177060762,0.011448609342766147,-0.07782749092048935
2023-02-14,113.2619990348816,0,350,0.0,39641.69966220856,107652.29581356049,147293.99547576904,0.001131162709192557,-0.01804003016153999,0.004215935755280453,-0.11360326887242789,-0.0002804145319874607,-0.07808608149303453
2023-02-15,113.8439974784851,0,350,0.0,39845.39911746978,107652.29581356049,147497.69493103027,0.0013829447331050737,-0.016682033793131823,0.005138514670081529,-0.10904850626601659,0.002773175690496066,-0.075529452225501
2023-02-16,112.06599745750424,0,350,0.0,39223.09911012648,107652.29581356049,146875.39492368698,-0.0042190490341851294,-0.020830700508753797,-0.01561786357086481,-0.12296326514341216,-0.013788741489130674,-0.08827673762307864
2023-02-17,110.872505235672,0,350,0.0,38805.3768324852,107652.29581356049,146457.67264604568,-0.002844058923949344,-0.02361551569302911,-0.010649904956985923,-0.13230362301342014,-0.002767405825327751,-0.0907998458904673
2023-02-21,108.57350010871886,0,350,0.0,38000.7250380516,107652.29581356049,145653.0208516121,-0.005494091090592734,-0.02897986098925298,-0.020735574812405844,-0.15029580615287885,-0.020041234255327334,-0.10902133916395618
2023-02-22,108.34100198745726,0,350,0.0,37919.35069561004,107652.29581356049,145571.64650917053,-0.0005586862666203674,-0.029522356605530042,-0.0021413892066552975,-0.15211535354243277,-0.0015735561458868341,-0.11042334411156873
2023-02-23,109.94249854087828,0,350,0.0,38479.874489307396,107652.29581356049,146132.1703028679,0.003850501159661235,-0.02578553131421435,0.014781998726635548,-0.13958192377816314,0.005329429416074394,-0.10568240811382379
2023-02-24,108.0754975795746,0,350,0.0,37826.42415285111,107652.29581356049,145478.7199664116,-0.004471639168172059,-0.03014186689058962,-0.016981612989352746,-0.15419321055760582,-0.010537551485558128,-0.1151063257827647
2023-02-27,108.62900495529172,0,350,0.0,38020.151734352105,107652.29581356049,145672.4475479126,0.0013316558019327296,-0.028850349680582865,0.005121488108898786,-0.1498614211430508,0.0030730045671669703,-0.11238704348043793
2023-02-28,108.4200029850006,0,350,0.0,37947.001044750206,107652.29581356049,145599.2968583107,-0.0005021587186405663,-0.029338020944595478,-0.0019239978344378628,-0.1514970859277437,-0.0030360018281855305,-0.1150818380391525
2023-03-01,107.77600297927856,0,350,0.0,37721.6010427475,107652.29581356049,145373.89685630798,-0.00154808441294918,-0.03084068762461356,-0.005939863383061628,-0.15653707731746258,-0.004725264845680033,-0.11926331072116991
2023-03-02,108.88550195693968,0,350,0.0,38109.92568492889,107652.29581356049,145762.22149848938,0.002671212993383687,-0.028251856676737575,0.010294489932739737,-0.14785405675126795,0.0075821940867943916,-0.11258539420369706
2023-03-03,110.9794994354248,0,350,0.0,38842.82480239868,107652.29581356049,146495.12061595917,0.005028045744194243,-0.0233658625602724,0.019231187264152183,-0.13146627854026394,0.0161477371607488,-0.09825565639668887
2023-03-06,111.52949810028076,0,350,0.0,39035.32433509827,107652.29581356049,146687.62014865875,0.0013140337499992771,-0.022082532342275196,0.0049558582229503045,-0.12716194855485807,0.0006871667698291617,-0.09763600764888325
2023-03-07,110.36999826431273,0,350,0.0,38629.49939250945,107652.29581356049,146281.79520606995,-0.002766592996583661,-0.02478803195953394,-0.01039635124086613,-0.1362362795140749,-0.015326919115337678,-0.11146646757224199
2023-03-08,111.19750471115113,0,350,0.0,38919.12664890289,107652.29581356049,146571.42246246338,0.0019799268663980296,-0.02285718358357769,0.007497566909955955,-0.12976015322533918,0.0014147940136839399,-0.11020937564960576
2023-03-09,109.56649813652038,0,350,0.0,38348.274347782135,107652.29581356049,146000.57016134262,-0.003894703971143887,-0.026662865591049467,-0.014667654448429213,-0.14252453058508385,-0.01845935787384867,-0.12663433921728495
2023-03-10,107.87550296783446,0,350,0.0,37756.426038742065,107652.29581356049,145408.72185230255,-0.004053739710646487,-0.030608520984649834,-0.015433505655888746,-0.15575838309208478,-0.01447813845705137,-0.1392790481777313
2023-03-13,108.6699959754944,0,350,0.0,38034.49859142304,107652.29581356049,145686.79440498352,0.0019123512615937255,-0.028754703966776596,0.007364906635910051,-0.14954062240540822,-0.001509761003189447,-0.14057853110542062
2023-03-14,110.91550245285036,0,350,0.0,38820.42585849763,107652.29581356049,146472.7216720581,0.005394636283161391,-0.0235151888529459,0.020663536951472272,-0.13196712363075624,0.016476655480623936,-0.12641813964979287
2023-03-15,110.91250400543213,0,350,0.0,38819.376401901245,107652.29581356049,146471.67221546173,-7.1648603534590904e-06,-0.023522185230255066,-2.703361885336708e-05,-0.13199058970068822,-0.00698088356543769,-0.13251651290177613
2023-03-16,113.76400294303892,0,350,0.0,39817.40103006362,107652.29581356049,147469.69684362411,0.006813772336088819,-0.016868687709172492,0.025709445144860732,-0.10967454938137511,0.017562006217166637,-0.11728176250806777
2023-03-17,113.8800048828125,0,350,0.0,39858.001708984375,107652.29581356049,147510.29752254486,0.0002753154023487081,-0.016598016516367498,0.0010196717482915396,-0.10876670967259439,-0.011019457310067593,-0.1270088384429282
2023-03-20,114.02899932861328,0,350,0.0,39910.14976501465,107652.29581356049,147562.44557857513,0.00035352146193257106,-0.016250362809498986,0.00130834597306273,-0.10760066818613512,0.008918403718310097,-0.1192231508216458
2023-03-21,114.82150154113768,0,350,0.0,40187.525539398186,107652.29581356049,147839.82135295868,0.0018797179275253928,-0.014401190980275369,0.006950005851060093,-0.10139848760854664,0.012982193897784988,-0.10778873498493224
2023-03-22,113.74600000381469,0,350,0.0,39811.10000133514,107652.29581356049,147463.39581489563,-0.0025461714889681852,-0.016910694567362383,-0.009366725943203869,-0.10981544170726587,-0.01646322377571363,-0.12247740869608781
2023-03-23,115.52850141525268,0,350,0.0,40434.97549533844,107652.29581356049,148087.27130889893,0.004230714276961534,-0.012751524607340303,0.015670893142424536,-0.09586545461722407,0.0029845287333754023,-0.11985841730815527
2023-03-24,115.8030044555664,0,350,0.0,40531.051559448235,107652.29581356049,148183.34737300873,0.0006487800285643885,-0.012111017513274924,0.0023760633692204713,-0.09371717364309329,0.005639807253104534,-0.11489458842633093
2023-03-27,114.90100154876708,0,350,0.0,40215.35054206848,107652.29581356049,147867.64635562897,-0.002130475677439514,-0.014215690962473326,-0.007789114894211635,-0.10077631470423809,0.0016469543057482383,-0.11343686025769861
2023-03-28,114.47999596595764,0,350,0.0,40067.998588085175,107652.29581356049,147720.29440164566,-0.000996512473248612,-0.015198037322362024,-0.0036640723504116623,-0.10407113534636558,-0.0015738434957162095,-0.11483217188872374
2023-03-29,116.59399890899655,0,350,0.0,40807.8996181488,107652.29581356049,148460.1954317093,0.005008797423946776,-0.010265363788604542,0.018466133975647114,-0.08752679289902221,0.014237268879836451,-0.10222979951612265
2023-03-30,117.83250350952147,0,350,0.0,41241.37622833251,107652.29581356049,148893.672041893,0.0029198170521276268,-0.007375519720713153,0.01062237003717148,-0.07783416484419103,0.005715269388667954,-0.09709880097123891
2023-03-31,119.46949615478516,0,350,0.0,41814.323654174805,107652.29581356049,149466.6194677353,0.003848030732166219,-0.003555870215097956,0.013892538955784905,-0.06502294005559506,0.014436542471763847,-0.08406402946365366
2023-04-03,119.31950321197507,0,350,0.0,41761.82612419128,107652.29581356049,149414.12193775177,-0.0003512324703032199,-0.0039058537483214195,-0.0012554915492047902,-0.0661967958530556,0.0036988464765423945,-0.08067612292629689
2023-04-04,118.75900168418885,0,350,0.0,41565.650589466095,107652.29581356049,149217.94640302658,-0.0013129651480127125,-0.005213690646489355,-0.004697484591353662,-0.07058332201589257,-0.005796972083329965,-0.08600541777723181
2023-04-05,117.61999711990356,0,350,0.0,41166.99899196625,107652.29581356049,148819.29480552673,-0.0026716062451571654,-0.007871367963155018,-0.009590890358898374,-0.07949725547216968,-0.002492370531228194,-0.08828343093966606
2023-04-06,118.22250480651854,0,350,0.0,41377.87668228149,107652.29581356049,149030.17249584198,0.0014170050368187415,-0.006465516694386775,0.00512249363516637,-0.07478198602217268,0.0035791630944272956,-0.08502024864310742
2023-04-10,118.25350379943846,0,350,0.0,41388.72632980346,107652.29581356049,149041.02214336395,7.28016839830481e-05,-0.006393185710906857,0.0002622088998254224,-0.07453938562462892,0.0009963029974375814,-0.08410865157423586
2023-04-11,117.40249719619752,0,350,0.0,41090.87401866913,107652.29581356049,148743.1698322296,-0.001998458591137675,-0.008378867785135857,-0.007196459943244249,-0.08119942586503148,-4.1352477946232646e-05,-0.08414652595102279
2023-04-12,116.76149978637694,0,350,0.0,40866.52492523193,107652.29581356049,148518.82073879242,-0.0015082984562602153,-0.009874528408050587,-0.00545982773049003,-0.08621591871848377,-0.004134884052006904,-0.08793347387484307
2023-04-13,118.80199680328369,0,350,0.0,41580.69888114929,107652.29581356049,149232.99469470978,0.004808642785909312,-0.005113368701934906,0.017475769158840526,-0.07024683905298479,0.01326268999363811,-0.07583701828527067
2023-04-14,118.14699554443358,0,350,0.0,41351.44844055175,107652.29581356049,149003.74425411224,-0.00153619138359129,-0.006641704972585205,-0.005513385940260629,-0.07537292705846299,-0.0020693734728036706,-0.07774945664417832
