index,close,model_signal,Position,Entry/Exit Position,Portfolio Holdings,Portfolio Cash,Portfolio Total,Portfolio Daily Returns,Portfolio Cumulative Returns,Base Daily Returns,Base Cumulative Returns,Market Daily Returns,Market Cumulative Returns
2021-10-18,108.43049736022948,1,800,800.0,86744.39788818358,63255.60211181642,150000.0,,,,,,
2021-10-19,109.45799598693849,1,800,0.0,87566.39678955078,63255.60211181642,150821.9989013672,0.005479992675781142,0.005479992675781142,0.009476103602987562,0.009476103602987562,0.007393339551406308,0.007393339551406308
2021-10-20,109.82000226974488,1,800,0.0,87856.0018157959,63255.60211181642,151111.6039276123,0.0019201776156971828,0.007410692850748468,0.003307262110386011,0.012814705671773785,0.0036640298040166996,0.01108445877189057
2021-10-21,109.72900323867798,1,800,0.0,87783.20259094238,63255.60211181642,151038.8047027588,-0.000481758005085986,0.006925364685058444,-0.0008286198250423427,0.01197546732755983,0.002995871849622578,0.01411353823951611
2021-10-22,109.49550104141235,1,800,0.0,87596.40083312988,63255.60211181642,150852.0029449463,-0.0012367799002390711,0.005680019632975153,-0.0021279897782149337,0.009821993877282553,-0.0010725536274130976,0.0130258470854685
2021-10-25,109.9609959602356,1,800,0.0,87968.79676818849,63255.60211181642,151224.3988800049,0.0024686177696595646,0.008162659200032785,0.004251269818357217,0.014115019641766313,0.004748196569493546,0.01783589293740806
2021-10-26,110.09600343704224,1,800,0.0,88076.80274963379,63255.60211181642,151332.4048614502,0.0007142100232846449,0.008882699076334655,0.0012277760457486409,0.015360125770516486,0.0018197952535197182,0.019688145864237505
2021-10-27,109.76650304794312,1,800,0.0,87813.20243835449,63255.60211181642,151068.8045501709,-0.0017418629639873728,0.007125363667805917,-0.0029928460508337196,0.012321309227930177,-0.005051568068462853,0.014537121786799556
2021-10-28,111.14899892807009,1,800,0.0,88919.19914245607,63255.60211181642,152174.8012542725,0.0073211455362665045,0.014498675028483232,0.012594879510037238,0.025071374143099012,0.009829281576461124,0.024509292826614404
2021-10-29,111.38149862289428,1,800,0.0,89105.19889831543,63255.60211181642,152360.80101013184,0.0012222769757297414,0.015738673400878866,0.002091783975262329,0.02721560201703177,0.001949334719149265,0.026506404361212432
2021-11-01,111.26349620819092,1,800,0.0,89010.79696655273,63255.60211181642,152266.39907836914,-0.0006195946144731401,0.015109327189127608,-0.0010594435894859533,0.026127325032454962,0.0018000771431341267,0.02835419507698389
2021-11-02,112.16400232315064,1,800,0.0,89731.20185852051,63255.60211181642,152986.8039703369,0.0047312138221446975,0.01991202646891277,0.008093455137116567,0.03443224050257454,0.0036803630854131963,0.03213891189527507
2021-11-03,112.5075023651123,1,800,0.0,90006.00189208984,63255.60211181642,153261.60400390625,0.0017962335733388013,0.02174402669270825,0.0030624802507672744,0.037600168809870604,0.006461279195357994,0.038807849573423425
2021-11-04,113.33450136184692,1,800,0.0,90667.60108947754,63255.60211181642,153923.20320129395,0.004316796771687503,0.026154688008626303,0.007350611997863243,0.04522716505970936,0.004181942361150437,0.043152084124650214
2021-11-05,113.89900083541868,1,800,0.0,91119.20066833495,63255.60211181642,154374.80278015137,0.0029339278904352284,0.02916535186767577,0.004980826374922254,0.050433260091224064,0.003732799652949259,0.04704596186224408
2021-11-08,114.713498210907,1,800,0.0,91770.7985687256,63255.60211181642,155026.40068054202,0.00422088247988639,0.03350933787028021,0.00715104934647548,0.05794496016931561,0.0008877879113036169,0.047975516609764624
2021-11-09,114.59049644470215,1,800,0.0,91672.39715576172,63255.60211181642,154927.99926757812,-0.0006347397122807852,0.032853328450521024,-0.0010722518981917117,0.056810576677591706,-0.003498775895770745,0.04430888513289255
2021-11-10,113.28000001907348,1,800,0.0,90624.00001525879,63255.60211181642,153879.6021270752,-0.006766995930104436,0.02586401418050155,-0.011436344778042562,0.04472452655762482,-0.008225823395229703,0.035718584673720244
2021-11-11,113.6025013923645,1,800,0.0,90882.0011138916,63255.60211181642,154137.603225708,0.0016766426158274506,0.027584021504720502,0.002846940088600869,0.04769879469382632,0.0005509400447352153,0.036289203517093416
2021-11-12,114.5229995727539,1,800,0.0,91618.39965820312,63255.60211181642,154874.00177001953,0.004777539866331004,0.032493345133464135,0.008102798522104271,0.05618808693908184,0.007222656026415475,0.0437739639779855
2021-11-15,114.59499893188476,1,800,0.0,91675.99914550781,63255.60211181642,154931.60125732422,0.0003719119196663456,0.0328773417154955,0.0006286890790450084,0.05685210085475778,-1.0739820344718431e-05,0.04376275403313179
2021-11-16,114.89899711608886,1,800,0.0,91919.1976928711,63255.60211181642,155174.7998046875,0.0015697155737735002,0.034498665364584014,0.002652804983093615,0.05965572337429825,0.003865229864862485,0.04779713700185173
2021-11-17,114.92549953460691,1,800,0.0,91940.39962768553,63255.60211181642,155196.00173950195,0.00013663259009288886,0.03464001159668051,0.00023065839722935522,0.05990014186506665,-0.002601625374463401,0.04507116138293754
2021-11-18,115.6520043373108,1,800,0.0,92521.60346984863,63255.60211181642,155777.20558166504,0.0037449665948137145,0.038514703877767786,0.006321528343543159,0.06660033065319215,0.0033847802152713324,0.048608497573537246
2021-11-19,116.05499906539916,1,800,0.0,92843.99925231932,63255.60211181642,156099.60136413574,0.0020695953638845133,0.04066400909423917,0.003484545991204735,0.07031694855958737,-0.001398665559303236,0.047141844982788506
2021-11-22,114.72999753952026,1,800,0.0,91783.99803161621,63255.60211181642,155039.60014343262,-0.006790544059305126,0.033597334289551695,-0.011417013799915998,0.058097125187598575,-0.0031971365563219223,0.0437939895105397
2021-11-23,115.0249979019165,1,800,0.0,92019.9983215332,63255.60211181642,155275.6004333496,0.0015221936182669982,0.03517066955566506,0.002571257462937071,0.06081776531724947,0.001657132912945114,0.04552369488489183
2021-11-24,115.913503074646,1,800,0.0,92730.8024597168,63255.60211181642,155986.4045715332,0.004577693702035868,0.039909363810222365,0.0077244528488245034,0.06901200212663805,0.0022938506357221833,0.04792197007706611
2021-11-26,112.71200380325315,1,800,0.0,90169.60304260252,63255.60211181642,153425.20515441895,-0.01641937593311038,0.022834701029460724,-0.027619726662312605,0.039486182829168825,-0.022724822637582465,0.024108129169038817
2021-11-29,115.27100038528442,1,800,0.0,92216.80030822754,63255.60211181642,155472.40242004395,0.013343291694246417,0.03648268280029421,0.022703851370597494,0.06308652262591208,0.013200199537034996,0.03762656082156979
2021-11-30,113.9635003566742,1,800,0.0,91170.80028533936,63255.60211181642,154426.40239715576,-0.006727882290402776,0.02950934931437299,-0.011342835789053596,0.0510281067702103,-0.01896131033450521,0.01795180159050669
2021-12-01,112.2170021057129,1,800,0.0,89773.60168457031,63255.60211181642,153029.20379638672,-0.00904766658473144,0.020194691975912837,-0.015325066758174799,0.0349210308692387,-0.011815187417889228,0.005924510272336869
2021-12-02,113.81800050735474,1,800,0.0,91054.40040588379,63255.60211181642,154310.0025177002,0.008369635922680807,0.02873335011800271,0.014266986032416273,0.04968623476130407,0.01419443613158311,0.020203041486591466
2021-12-03,111.97650275230409,1,800,0.0,89581.20220184326,63255.60211181642,152836.80431365967,-0.009547003953107591,0.018912028757732458,-0.016179319148482696,0.03270302616333187,-0.008448563730297565,0.01158379107274854
2021-12-06,112.87349872589112,1,800,0.0,90298.7989807129,63255.60211181642,153554.40109252933,0.004695183088210708,0.023696007283530163,0.008010573214375372,0.04097556936312019,0.011730872577451423,0.023450551627238303
2021-12-07,116.1945017814636,1,800,0.0,92955.60142517088,63255.60211181642,156211.2035369873,0.0173020273307376,0.0414080235799168,0.02942234530744381,0.07160351202153481,0.020707080374404274,0.04464322445901181
2021-12-08,116.92099924087525,1,800,0.0,93536.7993927002,63255.60211181642,156792.4015045166,0.003720590805074142,0.045282676696778656,0.006252425444174925,0.0783036330861655,0.0030852853123166657,0.047866246856046235
2021-12-09,115.32300138473512,1,800,0.0,92258.4011077881,63255.60211181642,155514.00321960452,-0.008153445400702397,0.036760021464031345,-0.013667329791186678,0.06356610171774202,-0.007181080169894716,0.040341435330046194
2021-12-10,117.0585015296936,1,800,0.0,93646.80122375488,63255.60211181642,156902.4033355713,0.008927814133921963,0.04601602223714307,0.01504903726160034,0.07957174761266739,0.009549073338481762,0.050275731993074224
2021-12-13,115.73649883270264,1,800,0.0,92589.19906616211,63255.60211181642,155844.80117797852,-0.00674050961049244,0.038965341186524505,-0.011293521441974153,0.06737958093285412,-0.009136167611567658,0.04068023686722366
2021-12-14,114.0734977722168,1,800,0.0,91258.79821777344,63255.60211181642,154514.40032958984,-0.008536703427593495,0.030096002197266714,-0.014368855782389889,0.052042557669362166,-0.0074706775774360246,0.032905650356378935
2021-12-15,116.87800121307372,1,800,0.0,93502.40097045897,63255.60211181642,156758.0030822754,0.014520347280899237,0.045053353881836955,0.02458505696438773,0.07790708387862355,0.016348464630746795,0.049792071848128616
2021-12-16,114.1744966506958,1,800,0.0,91339.59732055664,63255.60211181642,154595.19943237305,-0.013797086001198777,0.030634662882488062,-0.023130995861653236,0.0529740195821804,-0.008743415379980468,0.04061330370135008
2021-12-17,113.39600200653076,1,800,0.0,90716.80160522461,63255.60211181642,153972.40371704102,-0.004028557921712639,0.026482691446941153,-0.006818463553614373,0.045794354606756515,-0.010287680637092622,0.02990780636616064
2021-12-20,112.06250276565552,1,800,0.0,89650.00221252441,63255.60211181642,152905.60432434082,-0.006928510349560324,0.01937069549560655,-0.011759667160033072,0.03349616107873943,-0.01138805785140995,0.018179156685644182
2021-12-21,114.62149772644042,1,800,0.0,91697.19818115234,63255.60211181642,154952.80029296875,0.013388626124425373,0.033018668619792635,0.02283542574572217,0.057096485923541884,0.017777934551572505,0.036280279094976775
2021-12-22,116.07049856185914,1,800,0.0,92856.3988494873,63255.60211181642,156112.0009613037,0.00748099205786068,0.040746673075359174,0.012641614916574895,0.07045989262825181,0.010180197220578835,0.04682981671196007
2021-12-23,116.702001953125,1,800,0.0,93361.6015625,63255.60211181642,156617.2036743164,0.003236155515923045,0.04411469116211064,0.005440688194591647,0.07628393112885812,0.006223699921661829,0.05334497136022365
2021-12-27,118.91249771118164,1,800,0.0,95129.99816894531,63255.60211181642,158385.60028076172,0.011291202785887355,0.05590400187174627,0.018941369651435114,0.09667022291826965,0.01383893524747526,0.06792214421213139
2021-12-28,118.26759872436524,1,800,0.0,94614.07897949219,63255.60211181642,157869.6810913086,-0.0032573617079998396,0.05246454060872541,-0.005423307047025094,0.09072264357005433,-0.0010101548486260992,0.06684337748020042
2021-12-29,118.47400207519532,1,800,0.0,94779.20166015625,63255.60211181642,158034.80377197266,0.0010459429544837917,0.053565358479819025,0.0017452231469679003,0.09262619797453486,0.0014018951394270118,0.06833898002561978
2021-12-30,117.9400004386902,1,800,0.0,94352.00035095216,63255.60211181642,157607.60246276858,-0.002703210299298875,0.050717349751791874,-0.004507331795596592,0.08770136917170235,-0.0029897555945093135,0.06514490758325575
2021-12-31,117.48399848937989,1,800,0.0,93987.1987915039,63255.60211181642,157242.8009033203,-0.002314619052303901,0.04828533935547008,-0.003866389245499202,0.08349589229562215,-0.0026261799136575448,0.062347645421825915
2022-01-03,118.0740016937256,1,800,0.0,94459.20135498048,63255.60211181642,157714.8034667969,0.0030017435505158563,0.051432023111980696,0.005021987776480552,0.0889371954225977,0.006374052530970564,0.0691191051198976
2022-01-04,117.45400171279908,1,800,0.0,93963.20137023927,63255.60211181642,157218.8034820557,-0.0031449171151878286,0.0481253565470392,-0.005250944086190534,0.08321924709606043,-0.000629621957060511,0.06844596425660132
2022-01-05,114.1400032043457,1,800,0.0,91312.00256347656,63255.60211181642,154567.60467529297,-0.016863115276572582,0.030450697835287643,-0.02821528819900776,0.05265590385653285,-0.019392757790687165,0.04772585045933586
2022-01-06,113.73150110244752,1,800,0.0,90985.20088195802,63255.60211181642,154240.80299377444,-0.002114296085554579,0.028272019958497596,-0.0035789564607496827,0.048888494208479294,-0.0009637690162076495,0.04671608474718325
2022-01-07,112.49099664688111,1,800,0.0,89992.7973175049,63255.60211181642,153248.39942932132,-0.006434118243621834,0.021655996195476757,-0.010907307505323316,0.03744794486335179,-0.004050216740091761,0.04247665773861686
2022-01-10,112.3985032081604,1,800,0.0,89918.80256652832,63255.60211181642,153174.40467834473,-0.0004828419171236664,0.02116269785563274,-0.0008222297026228009,0.03659492434816025,-0.0014410312534549607,0.04097441629381815
2022-01-11,113.61599779129028,1,800,0.0,90892.79823303223,63255.60211181642,154148.40034484863,0.006358736425639888,0.02765600229899201,0.010831946586291163,0.0478232652003201,0.009159984668711818,0.05050972598759085
2022-01-12,114.24850282669068,1,800,0.0,91398.80226135254,63255.60211181642,154654.40437316895,0.003282577225506955,0.0310293624877942,0.005567042033660652,0.053656541361537746,0.002817754443029452,0.05346980443543803
2022-01-13,111.91799669265748,1,800,0.0,89534.39735412599,63255.60211181642,152789.9994659424,-0.012055297841553014,0.018599996439617295,-0.020398570452765274,0.03216345416955746,-0.0142436152864307,0.03846458582518819
2022-01-14,112.53349819183347,1,800,0.0,90026.79855346678,63255.60211181642,153282.4006652832,0.003222731861129091,0.02188267110188913,0.00549957573728066,0.03783991525901609,0.0008199802697488323,0.03931610629639781
2022-01-18,110.1889998435974,1,800,0.0,88151.19987487792,63255.60211181642,151406.80198669434,-0.012236229798387233,0.009378679911296706,-0.020833781815255192,0.016217784905346866,-0.018387945694007368,0.020205218174912387
2022-01-19,108.73500146865844,1,800,0.0,86988.00117492676,63255.60211181642,150243.60328674316,-0.007682605303646728,0.0016240219116221422,-0.013195494804406738,0.0028082884044826617,-0.009689541868338813,0.010319896999108735
2022-01-20,107.42100248336791,1,800,0.0,85936.80198669434,63255.60211181642,149192.40409851074,-0.00699663190469535,-0.005383972676593962,-0.012084415942821058,-0.009310064063505541,-0.01103737849414832,-0.0008313861042393844
2022-01-21,105.55700149536132,1,800,0.0,84445.60119628906,63255.60211181642,147701.20330810547,-0.00999515222920222,-0.015325311279295706,-0.017352295593175082,-0.026500808673059262,-0.018914821867908604,-0.019730482452082865
2022-01-24,105.87270250320437,1,800,0.0,84698.16200256349,63255.60211181642,147953.7641143799,0.0017099441346297706,-0.013641572570799343,0.0029908106839973136,-0.023589256890775956,0.002771738943381896,-0.017013431255285094
2022-01-25,103.98599615097044,1,800,0.0,83188.79692077635,63255.60211181642,146444.39903259277,-0.010201599741796907,-0.02370400644938031,-0.017820517542534886,-0.04098940166707343,-0.012171906253646725,-0.02897825161863965
2022-01-26,104.18699588775635,1,800,0.0,83349.59671020508,63255.60211181642,146605.19882202148,0.0010980262167139543,-0.022632007853188973,0.0019329500531408694,-0.03913568208006313,-0.0014966358477518371,-0.030431517576213873
2022-01-27,103.2865023612976,1,800,0.0,82629.20188903807,63255.60211181642,145884.8040008545,-0.004913842257678436,-0.02743463999430229,-0.008643051071641317,-0.04744048145276292,-0.00538408875771057,-0.03565176034226225
2022-01-28,107.41399936676028,1,800,0.0,85931.19949340822,63255.60211181642,149186.80160522464,0.022634280705143173,-0.005421322631834702,0.03996163013657528,-0.009374650289504016,0.024347646888076113,-0.012172149925937847
2022-01-31,109.68450117111206,1,800,0.0,87747.60093688965,63255.60211181642,151003.20304870605,0.012175349454088824,0.006688020324708166,0.021137857427682816,0.011565047116924854,0.018885951732779516,0.006483919170856334
2022-02-01,109.78099946975708,1,800,0.0,87824.79957580566,63255.60211181642,151080.40168762207,0.0005112384198309172,0.007202677917481637,0.0008797806218261428,0.012455002443094942,0.00686300355780145,0.013391421888995891
2022-02-02,110.85300331115722,1,800,0.0,88682.40264892578,63255.60211181642,151938.0047607422,0.005676468049729655,0.012920031738282267,0.00976493060345529,0.022341555281072845,0.00942251544733641,0.022940118215943217
2022-02-03,108.14550275802613,1,800,0.0,86516.4022064209,63255.60211181642,149772.0043182373,-0.014255817337575971,-0.0015199712117502928,-0.024424241763944976,-0.0026283620304395905,-0.024391082077444004,-0.0020104981677721012
2022-02-04,108.5615023612976,1,800,0.0,86849.20188903809,63255.60211181642,150104.8040008545,0.002222041990638246,0.0006986933390309424,0.003846665766603863,0.0012081933059195915,0.0051569298644233985,0.0031360636986075274
2022-02-07,108.1039969444275,1,800,0.0,86483.19755554199,63255.60211181642,149738.7996673584,-0.0024383252483645146,-0.001741335550943024,-0.004214250972204736,-0.003011149296099247,-0.0037017126347429485,-0.0005772577427519687
2022-02-08,108.98149948120115,1,800,0.0,87185.19958496092,63255.60211181642,150440.80169677734,0.004688177219120515,0.0029386779785167683,0.00811720714845321,0.005081615729762623,0.008401207191663262,0.007819099787011341
2022-02-09,111.46749868392943,1,800,0.0,89173.99894714355,63255.60211181642,152429.60105895996,0.013219813639328892,0.01619734039306775,0.02281120387003943,0.028008737372202885,0.014517207887505545,0.022449819171618035
2022-02-10,108.67750205993651,1,800,0.0,86942.00164794922,63255.60211181642,150197.60375976562,-0.01464280745792279,0.0013173583984389392,-0.025029687190739502,0.0022780002464295457,-0.01811572566845976,0.003927398737738619
2022-02-11,106.13800010681152,1,800,0.0,84910.40008544922,63255.60211181642,148166.00219726562,-0.013526191574597002,-0.012226652018227702,-0.023367319868324188,-0.021142550382313052,-0.01896945434456343,-0.015116556217873223
2022-02-14,105.87399816513062,1,800,0.0,84699.19853210449,63255.60211181642,147954.8006439209,-0.0014254386985722567,-0.013634662373859241,-0.0024873461099250704,-0.02357730765179078,-0.0038405967262932217,-0.01889909634784326
2022-02-15,108.07900295257568,1,800,0.0,86463.20236206055,63255.60211181642,149718.80447387695,0.011922585967328203,-0.0018746368408188996,0.020826688569991925,-0.003241656325581599,0.01576672117072042,-0.003430351959617828
2022-02-16,108.10649919509888,1,800,0.0,86485.1993560791,63255.60211181642,149740.8014678955,0.0001469220522822834,-0.0017279902140285852,0.0002544087359435121,-0.0029880722953262717,0.0008812077558950637,-0.0025521670564749854
2022-02-17,105.14200077056886,1,800,0.0,84113.60061645508,63255.60211181642,147369.20272827148,-0.015838026218475187,-0.017538648478188756,-0.027422018533594494,-0.03032815185505866,-0.021173138152195015,-0.02367126782299578
2022-02-18,104.19350109100344,1,800,0.0,83354.80087280275,63255.60211181642,146610.40298461917,-0.005148970949184206,-0.02259731343587079,-0.009021130210705608,-0.039075687858829755,-0.0071661613961429005,-0.030667797093467786
2022-02-22,103.37099866867064,1,800,0.0,82696.79893493651,63255.60211181642,145952.40104675293,-0.0044880985555662,-0.02698399302164578,-0.007893989679974567,-0.0466612144621088,-0.010142945264832837,-0.04049968057098863
2022-02-23,101.24250078201294,1,800,0.0,80994.00062561035,63255.60211181642,144249.60273742676,-0.01166680573333434,-0.038335981750486914,-0.02059086120934228,-0.06629128108060245,-0.018412122845487655,-0.05816611832260021
2022-02-24,104.0659996986389,1,800,0.0,83252.79975891112,63255.60211181642,146508.40187072754,0.015658962592863368,-0.02327732086181511,0.027888474650634043,-0.04025156914194283,0.014956856067329216,-0.044079244515017324
2022-02-25,105.73450374603271,1,800,0.0,84587.60299682617,63255.60211181642,147843.20510864258,0.00911076239226749,-0.014378632609048148,0.01603313332140721,-0.024863794594984223,0.022372677655603468,-0.022692737588250855
2022-02-28,105.45550413131714,1,800,0.0,84364.40330505371,63255.60211181642,147620.00541687012,-0.0015097054450926572,-0.015866630554197902,-0.0026386808925278338,-0.02743686786779853,-0.002442603440647617,-0.025079911669987687
2022-03-01,104.12550354003906,1,800,0.0,83300.40283203125,63255.60211181642,146556.00494384766,-0.007207698374063765,-0.02295996704101433,-0.012611959918392812,-0.03970279510835639,-0.015473503680411893,-0.04016534124486959
2022-03-02,106.39119672775269,1,800,0.0,85112.95738220215,63255.60211181642,148368.55949401855,0.012367658021691819,-0.010876270039875124,0.02175925311940885,-0.018807445157258296,0.018642691757321028,-0.022271439563704254
2022-03-03,105.50549907684326,1,800,0.0,84404.39926147461,63255.60211181642,147660.00137329102,-0.004775662196518815,-0.015599990844725409,-0.008324914825197927,-0.02697578960344249,-0.005254666430088317,-0.027409077007967464
2022-03-04,104.48450002670288,1,800,0.0,83587.6000213623,63255.60211181642,146843.2021331787,-0.005531621512364748,-0.021045319112140803,-0.009677211700565125,-0.03639195087722524,-0.007934042550334475,-0.03512565477505536
2022-03-07,101.47350234985352,1,800,0.0,81178.80187988281,63255.60211181642,144434.40399169922,-0.016403879147874,-0.037103973388670775,-0.028817649278886748,-0.06416086967915768,-0.029518158313449172,-0.06360696844999092
2022-03-08,101.1975043296814,1,800,0.0,80958.00346374512,63255.60211181642,144213.60557556152,-0.0015287106813580698,-0.03857596282958875,-0.0027199023762928265,-0.06670626075354513,-0.00723375351819977,-0.07038060483638353
2022-03-09,104.08450002670288,1,800,0.0,83267.6000213623,63255.60211181642,146523.2021331787,0.016015108618909535,-0.023178652445474124,0.028528328995310215,-0.04008094991105904,0.02569824789143582,-0.04649101517478227
2022-03-10,102.63199911117556,1,800,0.0,82105.59928894044,63255.60211181642,145361.20140075687,-0.007930489611916003,-0.03092532399495307,-0.013955016502502193,-0.053476636096116414,-0.004291813651667864,-0.05058329805284312
2022-03-11,101.08599910736083,1,800,0.0,80868.79928588867,63255.60211181642,144124.40139770508,-0.008508460243404015,-0.03917065734863168,-0.015063528112124414,-0.0677346173970651,-0.012961545123475138,-0.0628892054761121
2022-03-14,99.3575005531311,1,800,0.0,79486.00044250488,63255.60211181642,142741.6025543213,-0.009594481086988238,-0.04838931630452359,-0.017099287433405497,-0.08367569113840645,-0.007421002465963666,-0.069843506993155
2022-03-15,101.79549903869628,1,800,0.0,81436.39923095702,63255.60211181642,144692.00134277344,0.013663842590739605,-0.03538665771484251,0.024537639050828064,-0.06119125599406117,0.021408574170870942,-0.04993018272210081
2022-03-16,104.49850044250488,1,800,0.0,83598.8003540039,63255.60211181642,146854.4024658203,0.014944855990512984,-0.020970650227863374,0.026553250677430196,-0.036262832076308094,0.02238376135718223,-0.028664046659490627
2022-03-17,105.52500400543212,1,800,0.0,84420.0032043457,63255.60211181642,147675.6053161621,0.005591952549961476,-0.015495964558917996,0.009823141562610438,-0.026795905446644452,0.01234781757145198,-0.016670167507049638
2022-03-18,107.19500408172608,1,800,0.0,85756.00326538086,63255.60211181642,149011.60537719727,0.009046856846632645,-0.0065892974853504205,0.015825633858379096,-0.011394333776767684,0.011662294827948783,-0.005202285087399394
2022-03-21,106.92950344085692,1,800,0.0,85543.60275268553,63255.60211181642,148799.20486450195,-0.001425395774762972,-0.00800530090331908,-0.0024768005108404267,-0.013842912795889117,-0.00043466036210393355,-0.005634684222383446
2022-03-22,108.08750276565551,1,800,0.0,86470.00221252441,63255.60211181642,149725.60432434082,0.006225836090202552,-0.0018293045043933365,0.010829558611380685,-0.00316326681998369,0.0113041136006502,0.005605734267713158
2022-03-23,106.8045023918152,1,800,0.0,85443.60191345216,63255.60211181642,148699.20402526858,-0.006855208925046763,-0.008671973164875002,-0.011870015876136786,-0.014995734668746818,-0.012272698789159042,-0.006735762009605573
2022-03-24,109.13449811935423,1,800,0.0,87307.59849548338,63255.60211181642,150563.2006072998,0.0125353500998866,0.003754670715333086,0.021815519714621923,0.006492645300573807,0.01434391292056647,0.007511533727241559
2022-03-25,109.37650117874144,1,800,0.0,87501.20094299315,63255.60211181642,150756.80305480957,0.0012858550212062614,0.005045353698731603,0.0022174753497516964,0.008724517931234299,0.005066170567449069,0.01261575900577605
2022-03-28,110.60400247573853,1,800,0.0,88483.20198059082,63255.60211181642,151738.80409240723,0.006513809113082969,0.011592027282716133,0.011222714968648795,0.020045145677864307,0.007144955276586762,0.01985085331623937
2022-03-29,113.02699909210206,1,800,0.0,90421.59927368164,63255.60211181642,153677.20138549805,0.012774565508703706,0.02451467590332168,0.02190695238985607,0.042391226119733005,0.012256547427530462,0.032350703668917236
2022-03-30,111.65650396347046,1,800,0.0,89325.20317077637,63255.60211181642,152580.80528259277,-0.007134409613270942,0.017205368550619937,-0.012125378357739414,0.029751838106243378,-0.0062937001746978805,0.025853397864886718
2022-03-31,109.89399728775024,1,800,0.0,87915.1978302002,63255.60211181642,151170.7999420166,-0.009241040103076692,0.007805332946778654,-0.01578507846078392,0.013497124546599792,-0.015652540713177343,0.009796185789055167
2022-04-01,110.31650314331054,1,800,0.0,88253.20251464844,63255.60211181642,151508.80462646484,0.002235912521319605,0.010058697509766956,0.0038446672792691317,0.01739368377897743,0.0034102225843584133,0.013239815547432032
2022-04-04,111.6365005493164,1,800,0.0,89309.20043945311,63255.60211181642,152564.80255126953,0.00696987826818507,0.017098683675131676,0.011965547931582554,0.02956735666752408,0.008090938687879357,0.021437876771144504
2022-04-05,109.6810037612915,1,800,0.0,87744.8030090332,63255.60211181642,151000.4051208496,-0.010253986530701975,0.006669367472332155,-0.017516643556567124,0.01153279226330195,-0.012551720801807331,0.008617073725522229
2022-04-06,108.0840006828308,1,800,0.0,86467.20054626465,63255.60211181642,149722.80265808105,-0.008460920762073831,-0.00184798227945826,-0.01456043456655809,-0.0031955647703756362,-0.009716916613271898,-0.0011835742745910371
2022-04-07,108.07700328826904,1,800,0.0,86461.60263061523,63255.60211181642,149717.20474243164,-3.73885310055444e-05,-0.0018853017171210906,-6.474033638237398e-05,-0.003260098224819874,0.004253385628492534,0.003064777156091658
2022-04-08,106.94250116348266,1,800,0.0,85554.00093078613,63255.60211181642,148809.60304260254,-0.00606210689940756,-0.007935979715981811,-0.010497164894185396,-0.013723041330368058,-0.002651026482054286,0.0004056258686349068
2022-04-11,104.43950414657591,1,800,0.0,83551.60331726073,63255.60211181642,146807.20542907715,-0.013456104798237556,-0.02128529713948446,-0.023405072722961884,-0.036806925273012436,-0.01687729010355421,-0.016478510100377708
2022-04-12,104.27700214385986,1,800,0.0,83421.60171508789,63255.60211181642,146677.2038269043,-0.0008855260325465464,-0.02215197448730355,-0.0015559438360410738,-0.038305599600551354,-0.003417447717741773,-0.019839643371385107
2022-04-13,105.82049589157106,1,800,0.0,84656.39671325685,63255.60211181642,147911.99882507327,0.00841845198812341,-0.01392000783284364,0.014801861541644756,-0.024070732240463633,0.011174577597236057,-0.008886765408504083
2022-04-14,103.9464991569519,1,800,0.0,83157.19932556152,63255.60211181642,146412.80143737793,-0.01013573881499874,-0.023914657084145974,-0.017709203862920297,-0.041353662599007746,-0.01214413784439794,-0.02092298114879032
2022-04-18,104.17499713897703,1,800,0.0,83339.99771118163,63255.60211181642,146595.59982299805,0.0012485136806723585,-0.022696001180011804,0.002198226817433424,-0.03924634051169851,-0.0002048682840329885,-0.021123562977578447
2022-04-19,105.91900329589843,1,800,0.0,84735.20263671875,63255.60211181642,147990.80474853516,0.009517372466988805,-0.013394635009764344,0.016741120276631882,-0.02316224794199062,0.016057604355527166,-0.0054051524389242545
2022-04-20,106.23000268936156,1,800,0.0,84984.00215148924,63255.60211181642,148239.60426330566,0.0016811822544871013,-0.011735971577961024,0.0029362001509238844,-0.020294056786969716,-0.0006184750715809706,-0.006020284558463707
2022-04-21,104.86799898147584,1,800,0.0,83894.39918518066,63255.60211181642,147150.00129699707,-0.007350282481685677,-0.01899999135335162,-0.012821271518447586,-0.032855132693140776,-0.014752948498371943,-0.02068441610879912
2022-04-22,102.0590006828308,1,800,0.0,81647.20054626463,63255.60211181642,144902.80265808105,-0.015271482290920457,-0.03398131561279172,-0.026786038886288166,-0.05876111271749629,-0.027740054250753654,-0.047850683534549576
2022-04-25,103.0164973258972,1,800,0.0,82413.19786071776,63255.60211181642,145668.79997253418,0.0052862836356630805,-0.028874666849770803,0.009381795203365018,-0.04993060223956869,0.005697936985382235,-0.04242539672865464
2022-04-26,99.85950450897218,1,800,0.0,79887.60360717775,63255.60211181642,143143.20571899417,-0.017337921737641926,-0.0457119618733709,-0.03064550726217896,-0.07904596086821003,-0.028146308431003852,-0.06937758685802609
2022-04-27,100.6010001182556,1,800,0.0,80480.80009460448,63255.60211181642,143736.4022064209,0.004144077146010172,-0.04175731862385945,0.007425388428767832,-0.07220751940261383,0.0020980468517017847,-0.06742509743401048
2022-04-28,103.86400318145752,1,800,0.0,83091.20254516602,63255.60211181642,146346.80465698242,0.01816103930869728,-0.02435463562011586,0.03243509566869407,-0.04211448153374264,0.02474690007293945,-0.0443467595096787
2022-04-29,99.50499858856202,1,800,0.0,79603.99887084961,63255.60211181642,142859.60098266602,-0.023828355408851976,-0.04760266011555858,-0.04196838615280429,-0.08231539086291373,-0.036284507106413955,-0.07902216630551728
2022-05-02,100.0635033607483,1,800,0.0,80050.80268859863,63255.60211181642,143306.40480041504,0.003127572908475651,-0.04462396799723167,0.005612831316099243,-0.07716458195044684,0.005675242812353654,-0.07379539347450559
2022-05-03,100.2715033531189,1,800,0.0,80217.20268249512,63255.60211181642,143472.80479431152,0.0011611483389610822,-0.043514634704588384,0.0020786798921152982,-0.0752463025232154,0.004837126381486367,-0.06931522473762697
2022-05-04,103.21299724578856,1,800,0.0,82570.39779663084,63255.60211181642,145825.99990844727,0.016401680565939936,-0.02782666727701666,0.02933529262357637,-0.04811838220299969,0.02986242108440229,-0.04152272408189972
2022-05-05,98.91400270462036,1,800,0.0,79131.20216369629,63255.60211181642,142386.8042755127,-0.02358424173394158,-0.0507546381632471,-0.0416516781402122,-0.08776584897506479,-0.035649708609806985,-0.07569215967750154
2022-05-06,97.9925030708313,1,800,0.0,78394.00245666504,63255.60211181642,141649.60456848145,-0.0051774440109266795,-0.05566930287678873,-0.00931616968874327,-0.09626437712187974,-0.0056742248424840325,-0.08093689018716221
2022-05-09,93.75340242385865,1,800,0.0,75002.72193908691,63255.60211181642,138258.32405090332,-0.023941334166863726,-0.07827783966064294,-0.04325943836650992,-0.13535947259939518,-0.03203710063235676,-0.11038100752372282
2022-05-10,94.575501537323,1,800,0.0,75660.4012298584,63255.60211181642,138916.0033416748,0.004756887480636296,-0.07389331105549957,0.008768738970641898,-0.12777766551118108,0.0024578974498534745,-0.10819441527077411
2022-05-11,92.4160012245178,1,800,0.0,73932.80097961424,63255.60211181642,137188.40309143066,-0.012436293937963194,-0.08541064605712723,-0.022833612063405062,-0.14769365192993633,-0.01646320750393837,-0.12287639566534247
2022-05-12,91.7805030822754,1,800,0.0,73424.40246582033,63255.60211181642,136680.00457763675,-0.0037058417645920994,-0.08879996948242008,-0.0068764946959618545,-0.1535545320117747,-0.0012959645058717717,-0.12401311672382254
2022-05-13,94.5579997062683,1,800,0.0,75646.39976501465,63255.60211181642,138902.00187683105,0.016256930236874245,-0.07398665415445815,0.03026238177734819,-0.1279390761058089,0.02386969542307149,-0.10310357662541447
2022-05-16,93.87250175476076,1,800,0.0,75098.00140380861,63255.60211181642,138353.60351562503,-0.003948095447121824,-0.07764264322916503,-0.007249497172496788,-0.13426107930782483,-0.003946400929555671,-0.1066430895043351
2022-05-17,96.01249828338624,1,800,0.0,76809.99862670898,63255.60211181642,140065.6007385254,0.012374070348713406,-0.06622932840982942,0.02279684133928961,-0.11452496649155752,0.020169632234863677,-0.08862440916516356
2022-05-18,92.14200019836426,1,800,0.0,73713.6001586914,63255.60211181642,136969.2022705078,-0.0221067731954967,-0.08687198486327996,-0.04031244009085133,-0.15022062573181116,-0.04039526078745259,-0.12543966383225547
2022-05-19,91.44550170898438,1,800,0.0,73156.4013671875,63255.60211181642,136412.0034790039,-0.004068058967033106,-0.09058664347330603,-0.007558968634069685,-0.15664408136778374,-0.005833781800992588,-0.13054165800526085
2022-05-20,91.67949800491334,1,800,0.0,73343.59840393068,63255.60211181642,136599.2005157471,0.0013722915283771453,-0.08933866322835138,0.0025588606498505584,-0.15448605109377722,0.00014614176965843662,-0.13041459382451748
2022-05-23,93.4535044670105,1,800,0.0,74762.8035736084,63255.60211181642,138018.4056854248,0.010389556925072263,-0.07987729543049993,0.019350089176994434,-0.1381252807820491,0.018555039930923556,-0.11427940188958297
2022-05-24,92.643000125885,1,800,0.0,74114.400100708,63255.60211181642,137370.0022125244,-0.004697949303792526,-0.08419998524983596,-0.008672808427549361,-0.14560015511037427,-0.008120797617175213,-0.12147215961220104
2022-05-25,93.58149747848512,1,800,0.0,74865.1979827881,63255.60211181642,138120.80009460452,0.005465515541876131,-0.07919466603596859,0.010130256482679512,-0.13694486554288077,0.009450764734207695,-0.11316939968024442
2022-05-26,95.20750036239625,1,800,0.0,76166.00028991699,63255.60211181642,139421.6024017334,0.009417859628947367,-0.07052265065510932,0.017375260363673428,-0.12194905787348309,0.019883256167224195,-0.09553631967715348
2022-05-27,98.01850280761718,1,800,0.0,78414.80224609375,63255.60211181642,141670.40435791016,0.016129508752144472,-0.055530637613930844,0.029525010472086555,-0.09602459461217216,0.02474226295510973,-0.07315784146525928
2022-05-31,97.38499908447264,1,800,0.0,77907.99926757811,63255.60211181642,141163.60137939453,-0.003577338406088426,-0.05890932413736838,-0.006463103444743767,-0.10186708116869791,-0.006274368617659065,-0.07897319081829302
2022-06-01,97.06299962997436,1,800,0.0,77650.39970397949,63255.60211181642,140906.0018157959,-0.0018248299213216024,-0.060626654561359294,-0.0033064584640902783,-0.10483672036004577,-0.007482768681131846,-0.08586502138052066
2022-06-02,99.01199913024902,1,800,0.0,79209.59930419922,63255.60211181642,142465.20141601562,0.011065530070593077,-0.05023199055989436,0.020079736951306826,-0.08686207717640637,0.018431018038486124,-0.06901658309997394
2022-06-03,96.9890030860901,1,800,0.0,77591.20246887207,63255.60211181642,140846.80458068848,-0.011359944879460349,-0.06102130279540874,-0.020431827070754416,-0.1055191533072859,-0.016347313992415624,-0.0842356613377706
2022-06-06,96.67999963760376,1,800,0.0,77343.99971008301,63255.60211181642,140599.6018218994,-0.001755117977472076,-0.06266932118733581,-0.0031859637552110742,-0.10836893686457938,0.003137400778913113,-0.08136254158835088
2022-06-07,98.01399812698364,1,800,0.0,78411.19850158691,63255.60211181642,141666.80061340332,0.007590340069780321,-0.05555466257730968,0.013798081241003901,-0.0960661390184342,0.009523393173235029,-0.07261399588823536
2022-06-08,96.57400398254394,1,800,0.0,77259.20318603516,63255.60211181642,140514.80529785156,-0.008131723950592029,-0.06323463134765472,-0.014691719264161462,-0.10934648153734494,-0.010793945785935621,-0.08262415013925317
2022-06-09,94.1180006980896,1,800,0.0,75294.40055847168,63255.60211181642,138550.0026702881,-0.013982886880842593,-0.07633331553141132,-0.025431308459554658,-0.13199696589595633,-0.02379869397635359,-0.1044564972513864
2022-06-10,91.21049728393557,1,800,0.0,72968.39782714845,63255.60211181642,136223.99993896487,-0.01678818250807601,-0.09184000040689944,-0.030892107700849714,-0.15881140911016278,-0.029110303335524668,-0.1305260402665568
2022-06-13,86.96639909744262,1,800,0.0,69573.1192779541,63255.60211181642,132828.7213897705,-0.024924231785262596,-0.1144751907348619,-0.04653080854587599,-0.19795259438383295,-0.038768430665237275,-0.16423418118971211
2022-06-14,87.11349954605102,1,800,0.0,69690.79963684082,63255.60211181642,132946.40174865723,0.0008859556702454086,-0.11369065500895048,0.001691463026353146,-0.19659596085185072,-0.0037736797459957394,-0.16738809373255203
2022-06-15,88.79349851608276,1,800,0.0,71034.79881286621,63255.60211181642,134290.40092468262,0.010109330966070917,-0.10473066050211444,0.01928517369622651,-0.18110217440862875,0.014592504858983224,-0.15523820044469705
2022-06-16,85.83999910354615,1,800,0.0,68671.99928283691,63255.60211181642,131927.60139465332,-0.017594701585219696,-0.12048265736897645,-0.033262563835140035,-0.20834081560681905,-0.03251195148816344,-0.18270305509089269
2022-06-17,86.33950147628784,1,800,0.0,69071.60118103027,63255.60211181642,132327.20329284668,0.003028948407831411,-0.1178186447143541,0.0058189932194565586,-0.20373415618071467,0.002200865698254617,-0.1809042942795539
2022-06-21,87.98549957275391,1,800,0.0,70388.39965820312,63255.60211181642,133644.00177001953,0.00995107917650695,-0.10903998819986849,0.019064252958631345,-0.1885539427118258,0.024477242280086964,-0.16085509024005573
2022-06-22,87.78749942779541,1,800,0.0,70229.99954223633,63255.60211181642,133485.60165405273,-0.0011852392465722117,-0.11009598897298045,-0.0022503724581887097,-0.19037999857045296,-0.0013015723144006452,-0.1619472980223695
2022-06-23,89.07700366973877,1,800,0.0,71261.60293579102,63255.60211181642,134517.20504760742,0.007728199751672271,-0.10321863301594925,0.014688927812597896,-0.1784875488138189,0.009532217409177868,-0.15395879746676977
2022-06-24,91.75199766159058,1,800,0.0,73401.59812927246,63255.60211181642,136657.20024108887,0.01590870991353177,-0.08895199839273948,0.030030129906138292,-0.15381742318518776,0.03056329358583576,-0.12810099180803314
2022-06-27,91.37450094223024,1,800,0.0,73099.6007537842,63255.60211181642,136355.20286560062,-0.0022098899652229775,-0.09096531422932785,-0.004114316080099489,-0.15729888576767692,-0.0029730715337762392,-0.13069320992961642
2022-06-28,89.30200061798097,1,800,0.0,71441.60049438477,63255.60211181642,134697.20260620117,-0.012159420576225877,-0.10201864929199078,-0.0226813859761551,-0.1764125150021162,-0.020143036075892073,-0.14820368796302208
2022-06-29,89.39799766540527,1,800,0.0,71518.39813232422,63255.60211181642,134774.00024414062,0.0005701502069346276,-0.10150666503906114,0.0010749708490289667,-0.17552718246411836,-0.0007117454091590814,-0.14880995007765307
2022-06-30,88.22850093841554,1,800,0.0,70582.80075073242,63255.60211181642,133838.40286254883,-0.006941972338114,-0.10774398091633974,-0.013081911871973606,-0.18631286320396057,-0.008759278267998716,-0.15626576058387465
2022-07-01,88.73450231552124,1,800,0.0,70987.60185241699,63255.60211181642,134243.2039642334,0.0030245511977626816,-0.10504530690510927,0.005735123817403487,-0.18164626672580675,0.010553814029047315,-0.14736114633113717
2022-07-05,89.20799703598023,1,800,0.0,71366.39762878418,63255.60211181642,134621.9997406006,0.0028217128702330285,-0.10252000172932796,0.005336083576322315,-0.17727946281006024,0.0015841285142366157,-0.14601045681069436
2022-07-06,89.72899799346924,1,800,0.0,71783.19839477539,63255.60211181642,135038.8005065918,0.0030960821172938413,-0.09974132995605323,0.005840294309924721,-0.17247453273805158,0.0035731642904301975,-0.14295901187056959
2022-07-07,91.24249963760376,1,800,0.0,72993.99971008301,63255.60211181642,136249.6018218994,0.008966321611013628,-0.09166932118733584,0.01686747515273357,-0.15851626748075642,0.014964587965241805,-0.130133746613889
2022-07-08,91.27249774932862,1,800,0.0,73017.99819946289,63255.60211181642,136273.6003112793,0.00017613621661261014,-0.09150933125813665,0.0003287734536427944,-0.15823960996783182,-0.000830271529819071,-0.1308559717988259
2022-07-11,90.18399686813356,1,800,0.0,72147.19749450685,63255.60211181642,135402.79960632327,-0.00639009098583232,-0.09731466929117683,-0.011925836457160721,-0.16827830671547128,-0.011527461422777274,-0.14087499605475218
2022-07-12,88.94300060272217,1,800,0.0,71154.40048217773,63255.60211181642,134410.00259399414,-0.007332174927074164,-0.10393331604003775,-0.01376071485527497,-0.17972339177570618,-0.009243878717321574,-0.1488166433942405
2022-07-13,88.75800151824951,1,800,0.0,71006.40121459961,63255.60211181642,134262.00332641602,-0.0011011030780586628,-0.10491997782389184,-0.0020799735023442345,-0.18142954538540546,-0.0044569025122100925,-0.1526102846346481
2022-07-14,89.29849853515624,1,800,0.0,71438.798828125,63255.60211181642,134694.4009399414,0.0032205508841853803,-0.10203732706705593,0.006089558210654378,-0.17644481295250802,-0.00299863390215227,-0.15515129616347778
2022-07-15,90.83100156784056,1,800,0.0,72664.80125427245,63255.60211181642,135920.40336608887,0.009102103855780364,-0.09386397755940612,0.017161576709836535,-0.16231130743520872,0.01920124935943668,-0.13892914553011582
2022-07-18,90.19250221252442,1,800,0.0,72154.00177001953,63255.60211181642,135409.60388183594,-0.0037580780486439203,-0.09726930745442564,-0.007029531154506219,-0.16819986619737048,-0.008363571580831342,-0.14613077325764234
2022-07-19,92.64300403594972,1,800,0.0,74114.40322875977,63255.60211181642,137370.00534057617,0.014477565863429964,-0.08419996439615729,0.027169684433979713,-0.14560011904981096,0.02762829164595959,-0.12253982523369444
2022-07-20,93.7155037879944,1,800,0.0,74972.40303039551,63255.60211181642,138228.0051422119,0.006245903532641872,-0.07847996571858573,0.011576694465007753,-0.13570899267711167,0.005895806193263242,-0.11736649010096545
2022-07-21,94.68700008392334,1,800,0.0,75749.60006713867,63255.60211181642,139005.20217895508,0.005622572907303169,-0.07329865214029796,0.010366441588220976,-0.12674937043447432,0.00986137270919718,-0.10866251209422417
2022-07-22,93.80100049972536,1,800,0.0,75040.80039978029,63255.60211181642,138296.4025115967,-0.005099087345276865,-0.07802398325602034,-0.00935714072061311,-0.13492049945968299,-0.00933246697634671,-0.11698088976488463
2022-07-25,93.42250261306762,1,800,0.0,74738.0020904541,63255.60211181642,137993.6042022705,-0.002189487968067838,-0.08004263865152839,-0.004035115666584432,-0.13841119530515422,0.0013151670479691902,-0.11581957212837635
2022-07-26,92.32449922561644,1,800,0.0,73859.59938049315,63255.60211181642,137115.20149230957,-0.006365532047944655,-0.08589865671793473,-0.01175309327773888,-0.14853752889378824,-0.01154320266205866,-0.1260258459971242
2022-07-27,95.54700164794922,1,800,0.0,76437.60131835938,63255.60211181642,139693.20343017578,0.018801722273009913,-0.06871197713216004,0.034904087748776735,-0.11881800808750675,0.026156273782937722,-0.10316593874581359
2022-07-28,97.261496925354,1,800,0.0,77809.1975402832,63255.60211181642,141064.7996520996,0.0098186324620253,-0.05956800231933446,0.017943998742335987,-0.1030060795328599,0.012133338697180918,-0.09228434732544821
2022-07-29,98.53950090408324,1,800,0.0,78831.60072326659,63255.60211181642,142087.202835083,0.007247755538624112,-0.05275198109944512,0.013139875686985159,-0.09121969092594018,0.014207760082581844,-0.07938774110904401
2022-08-01,98.00350275039672,1,800,0.0,78402.80220031738,63255.60211181642,141658.4043121338,-0.003017854630067651,-0.05561063791910659,-0.0054394242792872305,-0.09616293260365583,-0.0028230841271976725,-0.08198670696442267
2022-08-02,97.18049983978273,1,800,0.0,77744.39987182619,63255.60211181642,141000.0019836426,-0.004647816920487435,-0.0599999867757145,-0.008397688730678143,-0.1037530749588993,-0.006662395550704803,-0.0881028746434308
2022-08-03,99.0520022392273,1,800,0.0,79241.60179138185,63255.60211181642,142497.20390319827,0.010618453180797571,-0.05001864064534334,0.019258003432067516,-0.08649314860047785,0.015638477163140152,-0.07384219227340894
2022-08-04,99.30800104141235,1,800,0.0,79446.40083312988,63255.60211181642,142702.0029449463,0.0014372144585177438,-0.048653313700356526,0.002584488918929262,-0.08413220026566981,-0.0007773401640558397,-0.07456213193560868
2022-08-05,99.1610016822815,1,800,0.0,79328.8013458252,63255.60211181642,142584.4034576416,-0.0008240913573586139,-0.04943731028238785,-0.0014802368146505929,-0.08548790150018959,-0.0016257460597355333,-0.07606665890314446
2022-08-08,98.90250225067138,1,800,0.0,79122.0018005371,63255.60211181642,142377.60391235352,-0.001450365820336863,-0.0508159739176417,-0.002606865876954023,-0.08787191188383037,-0.0012375507238541195,-0.07721007327821183
2022-08-09,98.41349964141844,1,800,0.0,78730.79971313475,63255.60211181642,141986.40182495117,-0.0027476378071593643,-0.053423987833657316,-0.0049442895591614855,-0.0923817372665211,-0.004248692893594086,-0.08113072428215495
2022-08-10,100.80650081634522,1,800,0.0,80645.20065307617,63255.60211181642,143900.80276489258,0.013482987915290456,-0.040661314900714673,0.024315781713341922,-0.07031228971085124,0.021290637641290244,-0.061567411493131496
2022-08-11,100.57199878692629,1,800,0.0,80457.59902954103,63255.60211181642,143713.20114135745,-0.0013036871228692126,-0.04191199239094889,-0.00232625899639316,-0.07247498411074749,-0.0007054739583503,-0.06222945124599033
2022-08-12,102.4000002861023,1,800,0.0,81920.00022888184,63255.60211181642,145175.60234069824,0.010175830666400376,-0.03216265106201033,0.018176048216450802,-0.055616244699980166,0.017322368774566943,-0.04598504397454539
2022-08-15,102.8139980316162,1,800,0.0,82251.19842529295,63255.60211181642,145506.80053710938,0.0022813626468300985,-0.029954663085936084,0.004042946722238261,-0.05179815149195488,0.0039695418998517695,-0.04219804163351715
2022-08-16,102.50799684524536,1,800,0.0,82006.39747619629,63255.60211181642,145261.9995880127,-0.00168240211586701,-0.03158666941324728,-0.0029762599668260448,-0.054620246694139785,0.0018756797165810912,-0.04040151192770747
2022-08-17,101.98000364303589,1,800,0.0,81584.00291442871,63255.60211181642,144839.60502624512,-0.0029078118363065064,-0.03440263315836445,-0.005150751340957105,-0.059489662726193604,-0.007237794954094601,-0.04734688902263395
2022-08-18,102.13450241088869,1,800,0.0,81707.60192871095,63255.60211181642,144963.20404052737,0.0008533509481736257,-0.03357863972981623,0.0015149908053895267,-0.05806479821284993,0.002269561170191503,-0.04518478451329755
2022-08-19,100.52100000381468,1,800,0.0,80416.80000305174,63255.60211181642,143672.40211486816,-0.008904341858354203,-0.042183985900877685,-0.015797819238232202,-0.07294532026481115,-0.012900001139847905,-0.057501901881420125
2022-08-22,98.1154984474182,1,800,0.0,78492.39875793457,63255.60211181642,141748.00086975098,-0.013394369529498129,-0.05501332753499233,-0.023930338499469683,-0.09513005255839169,-0.0214000649197158,-0.0776714223678664
2022-08-23,97.63000221252442,1,800,0.0,78104.00177001953,63255.60211181642,141359.60388183594,-0.0027400526676346626,-0.05760264078775923,-0.004948211470932606,-0.09960754041202446,-0.0022378626777133093,-0.07973546706833778
2022-08-24,97.88500137329102,1,800,0.0,78308.00109863281,63255.60211181642,141563.60321044922,0.001443123233309418,-0.05624264526367062,0.002611893424026679,-0.09725581126778338,0.0029161604463010526,-0.07705182803726873
2022-08-25,99.31799774169922,1,800,0.0,79454.39819335938,63255.60211181642,142710.00030517578,0.0080981062132357,-0.04859999796549341,0.014639590829072624,-0.08404000572142056,0.014091605518061545,-0.06404600648435388
2022-08-26,95.70470275878908,1,800,0.0,76563.76220703126,63255.60211181642,139819.36431884769,-0.02025531483530707,-0.06787090454101408,-0.036381069544992206,-0.11736360997370021,-0.03368805871951874,-0.09557647957667703
2022-08-29,94.59499998092652,1,800,0.0,75675.99998474121,63255.60211181642,138931.60209655762,-0.006349351011678106,-0.07378931935628119,-0.011595070522912754,-0.12759784116214423,-0.006666355799502699,-0.10160568855725771
2022-08-30,93.36799745559692,1,800,0.0,74694.39796447754,63255.60211181642,137950.00007629395,-0.0070653616992155666,-0.08033333282470567,-0.012971113965611236,-0.1389138689882753,-0.011028155571448206,-0.11151332078835241
2022-08-31,92.56649656295777,1,800,0.0,74053.19725036621,63255.60211181642,137308.79936218262,-0.004648066065652157,-0.08460800425211457,-0.00858432133580167,-0.1463057090346821,-0.007817025105971265,-0.11845864346607093
2022-09-01,92.26500387191771,1,800,0.0,73812.00309753417,63255.60211181642,137067.6052093506,-0.0017565819084603973,-0.08621596527099473,-0.003257039017729224,-0.14908622464956878,0.0029962320243361873,-0.11581734102284724
2022-09-02,91.2340033531189,1,800,0.0,72987.20268249512,63255.60211181642,136242.80479431152,-0.00601747155193455,-0.09171463470458852,-0.011174339950497991,-0.15859462444389616,-0.010736500458081055,-0.12531036854598276
2022-09-06,91.00250015258788,1,800,0.0,72802.00012207031,63255.60211181642,136057.60223388672,-0.0013593566332138485,-0.09294931844075394,-0.0025374662080209776,-0.160729662151617,-0.004095056983834944,-0.1288922724299566
2022-09-07,92.34900093078612,1,800,0.0,73879.20074462889,63255.60211181642,137134.8028564453,0.007917239499097173,-0.08576798095703009,0.014796305331617132,-0.14831156197704287,0.018341016392734,-0.11291527131875723
2022-09-08,92.5774959564209,1,800,0.0,74061.99676513672,63255.60211181642,137317.59887695312,0.0013329659335212796,-0.0845493408203114,0.0024742555234142927,-0.14620426715503643,0.006610721877456038,-0.10705100089570696
2022-09-09,94.30049934387208,1,800,0.0,75440.39947509766,63255.60211181642,138696.00158691406,0.010038063010380016,-0.07535998942057176,0.01861147106703176,-0.13031387257603722,0.015271449816332883,-0.09341437506734107
2022-09-12,95.62899761199952,1,800,0.0,76503.19808959962,63255.60211181642,139758.80020141604,0.007662792022421705,-0.06827466532389181,0.01408792400221559,-0.11806180050710724,0.0105842727693497,-0.08381882552428244
2022-09-13,91.1089997291565,1,800,0.0,72887.1997833252,63255.60211181642,136142.8018951416,-0.025873135008766424,-0.0923813206990548,-0.047265975757502465,-0.15974747006395373,-0.0432366134006168,-0.12343139677001214
2022-09-14,91.04999780654909,1,800,0.0,72839.99824523927,63255.60211181642,136095.6003570557,-0.00034670608676223846,-0.09269599761962755,-0.0006475970846218093,-0.16029161515268642,0.0033870120853238816,-0.12046244831725672
2022-09-15,89.00049562454224,1,800,0.0,71200.39649963379,63255.60211181642,134455.9986114502,-0.012047426524471772,-0.10362667592366426,-0.022509634611538987,-0.17919314407584497,-0.011317739184353415,-0.1304168249300468
2022-09-16,88.61000356674194,1,800,0.0,70888.00285339355,63255.60211181642,134143.60496520996,-0.002323389431980516,-0.10570930023193248,-0.004387526777914097,-0.18279445613570766,-0.007182134089448455,-0.13666228789532753
2022-09-19,88.84550180435181,1,800,0.0,71076.40144348145,63255.60211181642,134332.00355529785,0.001404454503341812,-0.10445330963134647,0.0026576935800763923,-0.18062257420817673,0.006857100716286535,-0.13074229425125738
2022-09-20,87.92999610900878,1,800,0.0,70343.99688720703,63255.60211181642,133599.59899902344,-0.005452197070617837,-0.10933600667317589,-0.010304468732239003,-0.18906582327215105,-0.011272103097361819,-0.14054065672863336
2022-09-21,86.67549962997435,1,800,0.0,69340.39970397948,63255.60211181642,132596.0018157959,-0.007511977511510892,-0.11602665456135952,-0.014266991181020927,-0.2006354140199157,-0.017116493600784488,-0.15525158707787212
2022-09-22,85.89849767684937,1,800,0.0,68718.79814147949,63255.60211181642,131974.4002532959,-0.004687935940659305,-0.1201706649780262,-0.008964493500955517,-0.20780131265582813,-0.00842758097968943,-0.16237077273523748
2022-09-23,84.74149961471558,1,800,0.0,67793.19969177246,63255.60211181642,131048.80180358888,-0.007013469642070946,-0.12634132130940623,-0.013469363183584715,-0.2184717244892258,-0.017232619015461026,-0.17680531808490618
2022-09-26,83.5624997138977,1,800,0.0,66849.99977111815,63255.60211181642,130105.60188293457,-0.007197318156849319,-0.132629320780435,-0.013912898711709198,-0.22934504822674395,-0.010340526208282075,-0.18531758426776768
2022-09-27,83.39150037765502,1,800,0.0,66713.20030212402,63255.60211181642,129968.80241394044,-0.0010514494919074968,-0.13354131724039586,-0.0020463645394541707,-0.23092208919220747,-0.0021203598092424114,-0.18704500411938285
2022-09-28,84.56249752044677,1,800,0.0,67649.99801635742,63255.60211181642,130905.60012817384,0.007207866017336695,-0.1272959991455066,0.014042164219238762,-0.22012257087125542,0.019672139926234733,-0.17105243968668782
2022-09-29,82.48249864578247,1,800,0.0,65985.99891662598,63255.60211181642,129241.6010284424,-0.012711443193432315,-0.1383893264770496,-0.024597178839962264,-0.23930535546878517,-0.021126437880238824,-0.18856514882562259
2022-09-30,81.57299928665161,1,800,0.0,65258.39942932129,63255.60211181642,128514.00154113771,-0.005629762255456416,-0.14323998972574747,-0.011026573807331741,-0.24769321111155063,-0.015066695771983274,-0.20079079086705143
2022-10-03,83.7504988670349,1,800,0.0,67000.39909362793,63255.60211181642,130256.00120544435,0.013554940655622127,-0.13162665863036982,0.02669387664331735,-0.22761122649103216,0.025883894952576147,-0.18010414365272276
2022-10-04,86.1260006904602,1,800,0.0,68900.80055236816,63255.60211181642,132156.40266418457,0.014589742055284294,-0.11895731557210154,0.028364031922922806,-0.20570316666231658,0.030583700679551518,-0.15502869419379306
2022-10-05,85.92899904251098,1,800,0.0,68743.19923400879,63255.60211181642,131998.8013458252,-0.0011925363825152635,-0.12000799102783077,-0.0022873655617338118,-0.20752001388468744,-0.002017948757084831,-0.15673380299011708
2022-10-06,84.91949930191039,1,800,0.0,67935.59944152832,63255.60211181642,131191.20155334473,-0.006118235804010275,-0.12539198964436726,-0.011748068194081585,-0.21683012280401492,-0.010245080846639998,-0.16537313335372195
2022-10-07,81.8189977645874,1,800,0.0,65455.198211669915,63255.60211181642,128710.80032348633,-0.018906765091634803,-0.14192799784342336,-0.03651106710250285,-0.24542449074297645,-0.028003617786773516,-0.18874570512185673
2022-10-10,80.686998462677,1,800,0.0,64549.598770141594,63255.60211181642,127805.20088195801,-0.007035924252295045,-0.14796532745361213,-0.013835409047265879,-0.2558643515705963,-0.00749246363390188,-0.19482399842407794
2022-10-11,79.96399965286254,1,800,0.0,63971.19972229003,63255.60211181642,127226.80183410645,-0.004525629973272993,-0.15182132110595592,-0.008960536686079434,-0.2625322063477674,-0.006519175777754405,-0.2000730823103808
2022-10-12,79.56649913787842,1,800,0.0,63653.19931030274,63255.60211181642,126908.80142211917,-0.0024994765835733013,-0.15394132385253767,-0.004970993405904345,-0.26619815388707946,-0.0032907731480149582,-0.20270546033148817
2022-10-13,81.71950063705444,1,800,0.0,65375.60050964355,63255.60211181642,128631.20262145996,0.01357196017959228,-0.14245864919026574,0.02705914577748536,-0.24634210276132207,0.02596564246086497,-0.18200319537845566
2022-10-14,79.48300189971924,1,800,0.0,63586.40151977539,63255.60211181642,126842.00363159181,-0.01390952547597224,-0.15438664245605338,-0.02736799319501826,-0.266968206964322,-0.02366266361565439,-0.20135917860489538
2022-10-17,81.90549974441528,1,800,0.0,65524.39979553223,63255.60211181642,128780.00190734865,0.01527883682274278,-0.14146665395100777,0.030478187622460684,-0.2446267264429518,0.026480052302171098,-0.18021112788370408
2022-10-18,82.55099906921387,1,800,0.0,66040.7992553711,63255.60211181642,129296.40136718751,0.004009935177748947,-0.1380239908854154,0.00788102541114899,-0.23867361047914593,0.011427569666488724,-0.17084293343578294
2022-10-19,81.95199928283691,1,800,0.0,65561.59942626953,63255.60211181642,128817.20153808595,-0.0037062116503976394,-0.1412186564127591,-0.0072561179529122555,-0.24419788456217406,-0.0066720972934503076,-0.17637515005545124
2022-10-20,81.97349853515625,1,800,0.0,65578.798828125,63255.60211181642,128834.40093994142,0.00013351789706739225,-0.14110399373372262,0.00026233957081567283,-0.2439996077595885,-0.007950909706564868,-0.18292371686944342
2022-10-21,83.65899877548217,1,800,0.0,66927.19902038574,63255.60211181642,130182.80113220216,0.010466150208509273,-0.13211465911865106,0.02056152623037133,-0.22845508586436625,0.02372481982226482,-0.16353872927112512
2022-10-24,84.47099943161011,1,800,0.0,67576.79954528809,63255.60211181642,130832.4016571045,0.0049899104893484925,-0.12778398895263543,0.009706076668537733,-0.22096641177454546,0.011881976654619875,-0.15359991597983091
2022-10-25,86.4330005645752,1,800,0.0,69146.40045166016,63255.60211181642,132402.00256347656,0.011997035034836179,-0.11731998291015511,0.02322691984429004,-0.20287186106482313,0.016266654579669915,-0.13983181817687118
2022-10-26,84.94500036239624,1,800,0.0,67956.00028991699,63255.60211181642,131211.6024017334,-0.00899080179072409,-0.12525598398844284,-0.017215649028258007,-0.21659493933527962,-0.007387716072364547,-0.14618649647866255
2022-10-27,84.08299951553344,1,800,0.0,67266.39961242676,63255.60211181642,130522.00172424318,-0.0052556379532570086,-0.1298533218383776,-0.01014775258326317,-0.22454474006338143,-0.006082610618211248,-0.1513799115611536
2022-10-28,87.1830002784729,1,800,0.0,69746.40022277832,63255.60211181642,133002.00233459473,0.019000632671808848,-0.11331998443603397,0.03686834176707454,-0.19595499051496257,0.024626377895927698,-0.130481472573183
2022-10-31,86.26500234603883,1,800,0.0,69012.00187683105,63255.60211181642,132267.60398864746,-0.005521708944649761,-0.11821597340901568,-0.010529551971162787,-0.20442122422948938,-0.00745440410765752,-0.13696321505571774
2022-11-01,85.71050109863282,1,800,0.0,68568.40087890625,63255.60211181642,131824.00299072266,-0.0033538144227884814,-0.121173313395181,-0.006427881902578703,-0.20953511064434038,-0.004101230608784645,-0.14050272793463836
2022-11-02,82.84099931716918,1,800,0.0,66272.79945373534,63255.60211181642,129528.40156555176,-0.017414138344232,-0.1364773228963203,-0.03347899901041895,-0.2359990838928494,-0.02500198485734284,-0.16199186571574398
2022-11-03,80.85499982833862,1,800,0.0,64683.9998626709,63255.60211181642,127939.60197448732,-0.01226603256012837,-0.14706932017008323,-0.02397363027004129,-0.2543149593815751,-0.010585992315429671,-0.17086301338554466
2022-11-04,82.25989952087403,1,800,0.0,65807.91961669922,63255.60211181642,129063.52172851564,0.00878476825535568,-0.13957652180989444,0.017375545056188546,-0.24135827536058385,0.013618724670070526,-0.15957122505107046
2022-11-07,83.0655014038086,1,800,0.0,66452.40112304688,63255.60211181642,129708.0032348633,0.004993521776845089,-0.13527997843424333,0.009793373048433418,-0.2339286139410831,0.009613981920559844,-0.15149135800319324
2022-11-08,83.70740184783936,1,800,0.0,66965.92147827148,63255.60211181642,130221.5235900879,0.003959049113529067,-0.13185650939941262,0.0077276418390623824,-0.22800868864646573,0.005597892802462701,-0.14674149758333188
2022-11-09,81.68749990463257,1,800,0.0,65349.99992370606,63255.60211181642,128605.60203552249,-0.012409020490744882,-0.14262931976318205,-0.024130505769113464,-0.24663722943878763,-0.02077788695478977,-0.16447040628975862
2022-11-10,87.9454978942871,1,800,0.0,70356.39831542969,63255.60211181642,133612.0004272461,0.03892830726254659,-0.10925333048502461,0.07660900378834623,-0.18892285809486475,0.05543448436034493,-0.11815325409462285
2022-11-11,88.88500022888184,1,800,0.0,71108.00018310547,63255.60211181642,134363.60229492188,0.00562525720199103,-0.10424265136718602,0.010682779188128988,-0.18025830008335342,0.009240746788147902,-0.11000433160975909
2022-11-14,87.8674991607666,1,800,0.0,70293.99932861328,63255.60211181642,133549.6014404297,-0.006058194634477654,-0.10966932373046723,-0.011447387810036957,-0.18964220122635822,-0.008935777048800997,-0.11795713447689293
2022-11-15,88.89450368881225,1,800,0.0,71115.6029510498,63255.60211181642,134371.2050628662,0.006152048479178829,-0.104191966247557,0.01168810467868897,-0.1801706544470999,0.008713116550319144,-0.11027179218721261
2022-11-16,87.73050184249878,1,800,0.0,70184.40147399902,63255.60211181642,133440.00358581543,-0.006930067171869947,-0.1103999760945622,-0.013094193656654207,-0.19090565866317766,-0.008252046497990273,-0.11761387072865725
2022-11-17,87.58450193405152,1,800,0.0,70067.60154724121,63255.60211181642,133323.20365905762,-0.000875299187793388,-0.1111786422729476,-0.0016641864047395316,-0.19225214246618205,-0.0030893228355314273,-0.12033984634757144
2022-11-18,87.89099836349487,1,800,0.0,70312.7986907959,63255.60211181642,133568.4008026123,0.0018391182991801536,-0.10954399464924958,0.003499436803033218,-0.18942547988595693,0.00475858190881473,-0.11615391145449583
2022-11-21,87.25049953460694,1,800,0.0,69800.39962768556,63255.60211181642,133056.00173950198,-0.003836229677313785,-0.11295998840331845,-0.007287422384701925,-0.19533247878830506,-0.003883688698329779,-0.11958649451964298
2022-11-22,88.6733980178833,1,800,0.0,70938.71841430664,63255.60211181642,134194.32052612305,0.00855518557403867,-0.10537119649251137,0.016308198702197352,-0.18220980096318018,0.013579987927526016,-0.10763048974398892
2022-11-23,89.25050315856933,1,800,0.0,71400.40252685547,63255.60211181642,134656.00463867188,0.003440414696678218,-0.1022933024088526,0.006508210507165213,-0.17688745019715202,0.0059146891478476515,-0.1023524014858076
2022-11-25,88.87350301742553,1,800,0.0,71098.80241394043,63255.60211181642,134354.40452575684,-0.0022397821302090337,-0.10430396982828616,-0.004224067403563958,-0.18036433308823863,-0.0002830441976333642,-0.10260647543008661
2022-11-28,86.95400304794312,1,800,0.0,69563.20243835449,63255.60211181642,132818.8045501709,-0.01142947252832005,-0.11454130299885912,-0.02159811309683668,-0.19806691692040002,-0.015444192913123267,-0.116465994142532
2022-11-29,86.72850227355957,1,800,0.0,69382.80181884766,63255.60211181642,132638.40393066406,-0.0013582460715394484,-0.11574397379557133,-0.0025933340211975464,-0.2001465972674742,-0.0015918653377758885,-0.11787246130120277
2022-11-30,90.5085036277771,1,800,0.0,72406.80290222168,63255.60211181642,135662.4050140381,0.022798834981117455,-0.09558396657307788,0.04358430337347041,-0.16528554390847716,0.030947872397389053,-0.09057249079532947
2022-12-01,90.49199771881104,1,800,0.0,72393.59817504883,63255.60211181642,135649.20028686523,-9.733519888199815e-05,-0.09567199808756355,-0.00018236859857889698,-0.1654377696140481,-0.0008676332180498347,-0.09136154031172372
2022-12-02,90.04449996948243,1,800,0.0,72035.59997558594,63255.60211181642,135291.20208740234,-0.0026391471435571745,-0.09805865275064951,-0.004945163778118045,-0.16956481652633815,-0.001194660488065602,-0.09244705477745008
2022-12-05,88.50050067901611,1,800,0.0,70800.40054321289,63255.60211181642,134056.0026550293,-0.009129931683030446,-0.10629331563313649,-0.01714706940445676,-0.1838043462532638,-0.017894212283564803,-0.1086869998378368
2022-12-06,86.78349809646606,1,800,0.0,69426.79847717285,63255.60211181642,132682.40058898926,-0.010246479373063,-0.1154506627400701,-0.019401049365556422,-0.19963939842355682,-0.014399194981406072,-0.12152118951663382
2022-12-07,86.35700225830078,1,800,0.0,69085.60180664062,63255.60211181642,132341.20391845703,-0.002571529223300284,-0.11772530721028496,-0.00491448083472279,-0.20357275526087149,-0.0018623708845491027,-0.1231572428759714
2022-12-08,87.65950069427491,1,800,0.0,70127.60055541992,63255.60211181642,133383.20266723633,0.007873577675939325,-0.11077864888508959,0.015082719431115166,-0.1915604665811751,0.00752178195750397,-0.1165618228458678
2022-12-09,87.16900148391724,1,800,0.0,69735.20118713379,63255.60211181642,132990.8032989502,-0.0029418949345899614,-0.11339464467366378,-0.0055955054098283385,-0.19608409436393925,-0.007349578247904498,-0.12305472085604818
2022-12-12,88.725501537323,1,800,0.0,70980.4012298584,63255.60211181642,134236.0033416748,0.009363053773917995,-0.10509331105549957,0.017856118882960237,-0.18172927638099912,0.014279296218109305,-0.11053255944807916
2022-12-13,89.61850385665893,1,800,0.0,71694.80308532715,63255.60211181642,134950.40519714355,0.005321983951282805,-0.10033063201904135,0.010064776235277684,-0.17349356464789512,0.0072896644387934195,-0.10404864027722327
2022-12-14,89.00450344085694,1,800,0.0,71203.60275268555,63255.60211181642,134459.20486450195,-0.0036398581532528507,-0.10360530090331865,-0.0068512683137855745,-0.17915618199956285,-0.006052724634100337,-0.10947158714317307
2022-12-15,86.26600074768066,1,800,0.0,69012.80059814453,63255.60211181642,132268.40270996094,-0.016293433809524194,-0.11821064860025876,-0.030768136299934468,-0.20441201647275886,-0.024921675023714007,-0.1316650468477747
2022-12-16,84.83500094413758,1,800,0.0,67868.00075531006,63255.60211181642,131123.60286712646,-0.008655127145859587,-0.12584264755248853,-0.016588224690380793,-0.21760940870447576,-0.011137750774080746,-0.1413363451444073
2022-12-19,83.55199975967408,1,800,0.0,66841.59980773926,63255.60211181642,130097.20191955568,-0.007827736007306685,-0.13268532053629378,-0.015123488774501648,-0.2294418840292093,-0.009007516001852345,-0.14907077175572803
2022-12-20,83.5585000038147,1,800,0.0,66846.80000305176,63255.60211181642,130102.40211486818,3.9971615344303046e-05,-0.13265065256754383,7.779878589775358e-05,-0.2293819355433231,0.0010373383615349674,-0.1481880702243189
2022-12-21,84.78050136566162,1,800,0.0,67824.4010925293,63255.60211181642,131080.0032043457,0.0075140894678822345,-0.12613331197102706,0.014624500939953933,-0.21811203093533094,0.014867993802734736,-0.13552333573131858
2022-12-22,83.13400135040284,1,800,0.0,66507.20108032227,63255.60211181642,129762.80319213869,-0.01004882499242532,-0.1349146453857405,-0.019420739306050594,-0.23329687334907323,-0.01445169956861636,-0.14801649276740925
2022-12-23,83.40149879455566,1,800,0.0,66721.19903564453,63255.60211181642,129976.80114746095,0.0016491471366057997,-0.13348799235025877,0.0032176659346077052,-0.2308298788164913,0.005868102525282026,-0.143016966197119
2022-12-27,82.82699952125549,1,800,0.0,66261.5996170044,63255.60211181642,129517.20172882082,-0.0035360111541652417,-0.13655198847452632,-0.006888356703461107,-0.23612819697684773,-0.004049622110409712,-0.1464874236390532
2022-12-28,81.51850061416626,1,800,0.0,65214.80049133301,63255.60211181642,128470.40260314943,-0.008082317342395506,-0.1435306493123356,-0.015797975474814097,-0.2481958249869095,-0.012020638322615351,-0.15674718962329182
2022-12-29,83.45650019645691,1,800,0.0,66765.20015716553,63255.60211181642,130020.80226898195,0.01206814670474543,-0.13319465154011878,0.023773739306901298,-0.23032262852030827,0.01746133164481911,-0.14202287264087832
2022-12-30,83.31850023269654,1,800,0.0,66654.80018615723,63255.60211181642,129910.40229797365,-0.0008490946762496066,-0.1339306513468408,-0.0016535556060406353,-0.23159533285276113,-0.0025407424823445934,-0.1442027715772396
2023-01-03,82.5495018005371,1,800,0.0,66039.60144042969,63255.60211181642,129295.20355224611,-0.0047355618552890055,-0.13803197631835773,-0.009229624033218697,-0.23868741903590074,-0.004000548879248611,-0.14762643022027033
2023-01-04,82.97850017547607,1,800,0.0,66382.80014038086,63255.60211181642,129638.40225219728,0.0026543807544452402,-0.13574398498535,0.005196862071627617,-0.23473098255923552,0.007538970575044379,-0.14120041095875546
2023-01-05,81.35649938583374,1,800,0.0,65085.19950866699,63255.60211181642,128340.80162048341,-0.01000938463580825,-0.14439465586344247,-0.019547241589234043,-0.24968988092390587,-0.011645528874622113,-0.1512015863704489
2023-01-06,83.66550207138062,1,800,0.0,66932.40165710449,63255.60211181642,130188.00376892091,0.014392945385364397,-0.13207997487385903,0.02838129347965679,-0.22839510923365103,0.02284078102943865,-0.13181436766660137
2023-01-09,84.49649982452392,1,800,0.0,67597.19985961914,63255.60211181642,130852.80197143556,0.005106447470341724,-0.12764798685709478,0.009932382314927546,-0.22073123446249177,-0.0007676325452631305,-0.13248081521331034
2023-01-10,84.8669997215271,1,800,0.0,67893.59977722168,63255.60211181642,131149.2018890381,0.0022651400133351096,-0.1256719874064114,0.004384795793584306,-0.21731430005729124,0.006978233159061986,-0.1264270640719094
2023-01-11,86.73450212478637,1,800,0.0,69387.6016998291,63255.60211181642,132643.2038116455,0.01139162039179964,-0.1157119745890286,0.02200504800908587,-0.20009126365402696,0.012849424614881588,-0.1152021544861006
2023-01-12,87.4289969444275,1,800,0.0,69943.19755554199,63255.60211181642,133198.7996673584,0.004188649246604781,-0.11200800221760931,0.008007134446243125,-0.19368628685738032,0.0034159058663651987,-0.11217976833506238
2023-01-13,87.52700357437134,1,800,0.0,70021.60285949707,63255.60211181642,133277.20497131348,0.0005886337125475816,-0.11148530019124214,0.0011209854095219907,-0.19278242094944997,0.003996858363534361,-0.10863127661681737
2023-01-17,88.05750045776367,1,800,0.0,70446.00036621094,63255.60211181642,133701.60247802734,0.003184321781096955,-0.10865598347981631,0.006060951040573137,-0.18788991472373462,-0.0020304911890052235,-0.11044119295580179
2023-01-18,86.84999952316284,1,800,0.0,69479.99961853027,63255.60211181642,132735.60173034668,-0.0072250498855420675,-0.1150959884643541,-0.0137126414936114,-0.19902608917647424,-0.015562598500411085,-0.12428503951233527
2023-01-19,86.13799934387207,1,800,0.0,68910.39947509766,63255.60211181642,132166.00158691406,-0.004291238642890716,-0.11889332275390485,-0.008198044711570485,-0.205592509110207,-0.007638350296294338,-0.13097405714024557
2023-01-20,88.14649801254272,1,800,0.0,70517.19841003418,63255.60211181642,133772.8005218506,0.012157430168452832,-0.10818132985432793,0.023317219856157978,-0.18706913498975086,0.018918401045981525,-0.11453347583386253
2023-01-23,89.80800018310546,1,800,0.0,71846.40014648438,63255.60211181642,135102.00225830078,0.009936263061436579,-0.09931998494465999,0.01884932706375153,-0.17174593523495418,0.01188134498366522,-0.1040129425887577
2023-01-24,89.88500213623047,1,800,0.0,71908.00170898438,63255.60211181642,135163.60382080078,0.00045596335709530145,-0.09890930786132668,0.0008574063888295846,-0.17103578490825055,-0.0007115031258156934,-0.10465044018079617
2023-01-25,89.65150213241577,1,800,0.0,71721.20170593262,63255.60211181642,134976.80381774902,-0.0013820288729458063,-0.10015464121500506,-0.0025977637900125305,-0.1731892381294321,-0.0001817250594663422,-0.10481314763279748
2023-01-26,90.90850143432615,1,800,0.0,72726.80114746092,63255.60211181642,135982.40325927734,0.007450164866002584,-0.09345064493814959,0.014020950815233357,-0.1615965651037392,0.011007853469181317,-0.09495906193440162
2023-01-27,91.44599885940552,1,800,0.0,73156.79908752441,63255.60211181642,136412.40119934082,0.0031621587040464583,-0.09058399200439304,0.005912510013903027,-0.15663949639922436,0.002494840970949097,-0.09270112872172931
2023-01-30,89.76949901580811,1,800,0.0,71815.59921264648,63255.60211181642,135071.2013244629,-0.009831949757397984,-0.09952532450357932,-0.018333222497519674,-0.17210101215735762,-0.012968740984683369,-0.1044676527790328
2023-01-31,91.25400371551514,1,800,0.0,73003.20297241211,63255.60211181642,136258.80508422852,0.008792427609441322,-0.09160796610514188,0.016536849553383526,-0.15841017115000533,0.014642470285510134,-0.09135484699513663
2023-02-01,92.8735011100769,1,800,0.0,74298.80088806152,63255.60211181642,137554.40299987793,0.009508361054894943,-0.08297064666747922,0.01774713797337113,-0.14347436034041872,0.010452303944590291,-0.08185741167815108
2023-02-02,95.2935040473938,1,800,0.0,76234.80323791504,63255.60211181642,139490.40534973145,0.014074448419184593,-0.07006396433512241,0.026056979745477937,-0.12115588909632646,0.014699373244309921,-0.06836129108091149
2023-02-03,94.2455012321472,1,800,0.0,75396.40098571776,63255.60211181642,138652.00309753418,-0.006010465380003827,-0.07565331268310416,-0.010997631220753257,-0.13082109252857588,-0.010354610691310495,-0.07800804721672383
2023-02-06,93.33499746322632,1,800,0.0,74667.99797058105,63255.60211181642,137923.60008239746,-0.005253461896430944,-0.08050933278401562,-0.009660978582713642,-0.13921821133820378,-0.006140463017754394,-0.08366950470545664
2023-02-07,95.18849639892578,1,800,0.0,76150.79711914062,63255.60211181642,139406.39923095703,0.010750873292705077,-0.07062400512695177,0.019858563090760617,-0.12212432188068578,0.01287251059802652,-0.07187403069348275
2023-02-08,94.31949958801268,1,800,0.0,75455.59967041014,63255.60211181642,138711.20178222656,-0.004986840292594663,-0.07525865478515492,-0.009129220901559543,-0.13013864287034338,-0.011080724476164705,-0.08215833883854151
2023-02-09,93.5450002670288,1,800,0.0,74836.00021362303,63255.60211181642,138091.60232543945,-0.0044668307160936616,-0.07938931783040237,-0.008211444339366603,-0.13728146098737948,-0.00882979617773516,-0.09026269363003103
2023-02-10,93.3370020866394,1,800,0.0,74669.60166931152,63255.60211181642,137925.20378112793,-0.0012049867009246151,-0.08049864145914587,-0.0022235093248773596,-0.13919972370361866,0.0021952617756952897,-0.088265582095433
2023-02-13,94.66599864959716,1,800,0.0,75732.79891967772,63255.60211181642,138988.40103149414,0.007708505923641029,-0.07341065979003769,0.014238689193425413,-0.12694305611181977,0.011448609342766147,-0.07782749092048935
2023-02-14,94.9449984550476,1,800,0.0,75955.99876403807,63255.60211181642,139211.6008758545,0.0016058882806326835,-0.07192266082763532,0.002947201840474367,-0.12436998107995356,-0.0002804145319874607,-0.07808608149303453
2023-02-15,95.4304983139038,1,800,0.0,76344.39865112303,63255.60211181642,139600.00076293945,0.0027899965566182683,-0.06933332824706895,0.0051134853521122015,-0.11989245980433616,0.002773175690496066,-0.075529452225501
2023-02-16,94.0559986114502,1,800,0.0,75244.79888916017,63255.60211181642,138500.4010009766,-0.00787678908276035,-0.07666399332682139,-0.014403149168648266,-0.13256877999022643,-0.013788741489130674,-0.08827673762307864
2023-02-17,93.15750360488892,1,800,0.0,74526.00288391113,63255.60211181642,137781.60499572754,-0.005189847827545169,-0.08145596669514843,-0.009552766647803246,-0.14085514801799903,-0.002767405825327751,-0.0907998458904673
2023-02-21,91.2174997329712,1,800,0.0,72973.99978637697,63255.60211181642,136229.6018981934,-0.011264225711278941,-0.0918026540120428,-0.020824987755639013,-0.15874682904084447,-0.020041234255327334,-0.10902133916395618
2023-02-22,90.82800197601318,1,800,0.0,72662.40158081055,63255.60211181642,135918.00369262695,-0.002287301740772185,-0.09387997538248571,-0.004269989400040863,-0.16233897116359086,-0.0015735561458868341,-0.11042334411156873
2023-02-23,92.04949913024905,1,800,0.0,73639.59930419923,63255.60211181642,136895.20141601565,0.007189612095823472,-0.08736532389322782,0.013448464434552276,-0.15107371660907398,0.005329429416074394,-0.10568240811382379
2023-02-24,90.5714979171753,1,800,0.0,72457.19833374023,63255.60211181642,135712.80044555664,-0.00863727112585766,-0.09524799702962128,-0.016056591584299618,-0.1647045792266595,-0.010537551485558128,-0.1151063257827647
2023-02-27,90.848504447937,1,800,0.0,72678.80355834961,63255.60211181642,135934.40567016602,0.0016328984729652163,-0.09377062886555876,0.0030584293859754474,-0.1621498871657956,0.0030730045671669703,-0.11238704348043793
2023-02-28,90.68550243377686,1,800,0.0,72548.40194702148,63255.60211181642,135804.0040588379,-0.0009592980576568211,-0.09463997294107962,-0.0017942179142151904,-0.1636531728476699,-0.0030360018281855305,-0.1150818380391525
2023-03-01,89.89750270843506,1,800,0.0,71918.00216674805,63255.60211181642,135173.60427856445,-0.0046419822791109455,-0.0988426381429025,-0.008689368247336349,-0.17092049841128787,-0.004725264845680033,-0.11926331072116991
2023-03-02,90.98600044250487,1,800,0.0,72788.8003540039,63255.60211181642,136044.4024658203,0.00644207271015218,-0.09303731689453021,0.012108208807536602,-0.16088183068800332,0.0075821940867943916,-0.11258539420369706
2023-03-03,92.80050020217897,1,800,0.0,74240.40016174318,63255.60211181642,137496.0022735596,0.010670044348968899,-0.08335998484293505,0.01994262579791828,-0.14414761103718,0.0161477371607488,-0.09825565639668887
2023-03-06,93.18949842453004,1,800,0.0,74551.59873962404,63255.60211181642,137807.20085144046,0.0022633281894386403,-0.08128532765706264,0.00419176859503545,-0.1405600758711396,0.0006871667698291617,-0.09763600764888325
2023-03-07,91.93149919509888,1,800,0.0,73545.1993560791,63255.60211181642,136800.8014678955,-0.0073029520759939626,-0.08799465688069563,-0.013499366888962916,-0.1521619707259776,-0.015326919115337678,-0.11146646757224199
2023-03-08,92.68400382995604,1,800,0.0,74147.20306396483,63255.60211181642,137402.80517578125,0.004400586118108452,-0.0839812988281241,0.008185492909891234,-0.14522199854861895,0.0014147940136839399,-0.11020937564960576
2023-03-09,91.120499420166,1,800,0.0,72896.3995361328,63255.60211181642,136152.00164794922,-0.009103187713175642,-0.092319989013671,-0.016869193659981963,-0.15964141419139466,-0.01845935787384867,-0.12663433921728495
2023-03-10,89.12000265121459,1,800,0.0,71296.00212097168,63255.60211181642,134551.6042327881,-0.011754490538444795,-0.10298930511474524,-0.021954409618925697,-0.17809099081101787,-0.01447813845705137,-0.1392790481777313
2023-03-13,89.90649681091308,1,800,0.0,71925.19744873047,63255.60211181642,135180.79956054688,0.00467623802292394,-0.09879466959635341,0.008825113737670698,-0.17083755032290882,-0.001509761003189447,-0.14057853110542062
2023-03-14,91.6905011177063,1,800,0.0,73352.40089416504,63255.60211181642,136608.00300598145,0.010557737859771432,-0.08927997996012305,0.01984288533169365,-0.15438457491262014,0.016476655480623936,-0.12641813964979287
2023-03-15,91.60600366592408,1,800,0.0,73284.80293273926,63255.60211181642,136540.40504455566,-0.0004948316345918524,-0.08973063303629492,-0.0009215507686424207,-0.15516385245758535,-0.00698088356543769,-0.13251651290177613
2023-03-16,93.56150245666504,1,800,0.0,74849.20196533203,63255.60211181642,138104.80407714844,0.011457407293337774,-0.07930130615234299,0.02134684095457784,-0.13712926958331917,0.017562006217166637,-0.11728176250806777
2023-03-17,93.23400382995604,1,800,0.0,74587.20306396483,63255.60211181642,137842.80517578125,-0.0018971020097231506,-0.08104796549479087,-0.0035003566435959366,-0.1401496248770977,-0.011019457310067593,-0.1270088384429282
2023-03-20,93.51550006866456,1,800,0.0,74812.40005493166,63255.60211181642,138068.00216674808,0.0016337232159462367,-0.07954665222167867,0.0030192443437475625,-0.13755352649553865,0.008918403718310097,-0.1192231508216458
2023-03-21,93.9215003967285,1,800,0.0,75137.2003173828,63255.60211181642,138392.80242919922,0.0023524658672098298,-0.07738131713867114,0.0043415297759819005,-0.13380918945062847,0.012982193897784988,-0.10778873498493224
2023-03-22,92.51899995803832,1,800,0.0,74015.19996643066,63255.60211181642,137270.80207824707,-0.008107360579869383,-0.08486131947835207,-0.014932687752707952,-0.14674374635882725,-0.01646322377571363,-0.12247740869608781
2023-03-23,93.57500066757204,1,800,0.0,74860.00053405763,63255.60211181642,138115.60264587405,0.006154262631505869,-0.07922931569417213,0.01141387941949934,-0.13700478236583313,0.0029845287333754023,-0.11985841730815527
2023-03-24,94.17350378036498,1,800,0.0,75338.80302429199,63255.60211181642,138594.4051361084,0.0034666792242292743,-0.0760372990926097,0.006395972305884845,-0.1314850888537339,0.005639807253104534,-0.11489458842633093
2023-03-27,93.6165015220642,1,800,0.0,74893.20121765135,63255.60211181642,138148.80332946777,-0.003215150035840275,-0.07900797780354718,-0.005914638788420246,-0.13662204083552099,0.0016469543057482383,-0.11343686025769861
2023-03-28,93.27299728393554,1,800,0.0,74618.39782714844,63255.60211181642,137873.99993896484,-0.001989184009415945,-0.08084000040689998,-0.003669270187881324,-0.13979000784195705,-0.0015738434957162095,-0.11483217188872374
2023-03-29,95.19049949645996,1,800,0.0,76152.39959716797,63255.60211181642,139408.00170898438,0.011126113485491196,-0.07061332194010306,0.020557956411406897,-0.12210584831851534,0.014237268879836451,-0.10222979951612265
2023-03-30,96.32750329971314,1,800,0.0,77062.00263977051,63255.60211181642,140317.6047515869,0.006524754902529573,-0.06454930165608608,0.011944509265816583,-0.11161983348934967,0.005715269388667954,-0.09709880097123891
2023-03-31,97.81399812698363,1,800,0.0,78251.19850158691,63255.60211181642,141506.80061340332,0.008475029658051136,-0.05662132924397678,0.015431676067066968,-0.09791063853535031,0.014436542471763847,-0.08406402946365366
2023-04-03,97.66650142669678,1,800,0.0,78133.20114135742,63255.60211181642,141388.80325317383,-0.0008338635296536445,-0.05740797831217337,-0.001507930389425094,-0.09927092649747993,0.0036988464765423945,-0.08067612292629689
2023-04-04,97.24050102233886,1,800,0.0,77792.4008178711,63255.60211181642,141048.0029296875,-0.002410377028767119,-0.059679980468748894,-0.004361786263815892,-0.1031997141977028,-0.005796972083329965,-0.08600541777723181
2023-04-05,96.42049751281738,1,800,0.0,77136.3980102539,63255.60211181642,140392.0001220703,-0.004650918793541514,-0.06405333251953016,-0.00843273636910924,-0.11076219458361536,-0.002492370531228194,-0.08828343093966606
2023-04-06,96.99650316238404,1,800,0.0,77597.20252990724,63255.60211181642,140852.80464172366,0.003282270494420425,-0.06098130238850785,0.005973892112412171,-0.10544998387177973,0.0035791630944272956,-0.08502024864310742
2023-04-10,97.15400228500368,1,800,0.0,77723.20182800294,63255.60211181642,140978.80393981937,0.0008945458943199203,-0.0601413070678698,0.0016237608314184637,-0.10399744859384596,0.0009963029974375814,-0.08410865157423586
2023-04-11,96.72349786758424,1,800,0.0,77378.7982940674,63255.60211181642,140634.40040588382,-0.0024429454947182405,-0.06243733062744017,-0.004431154736750265,-0.1079677745436497,-4.1352477946232646e-05,-0.08414652595102279
2023-04-12,96.15849924087524,1,800,0.0,76926.7993927002,63255.60211181642,140182.4015045166,-0.003213999562430736,-0.06545065663655492,-0.005841379180501649,-0.11317847301376693,-0.004134884052006904,-0.08793347387484307
2023-04-13,97.4169979095459,1,800,0.0,77933.59832763672,63255.60211181642,141189.20043945312,0.007182063683679241,-0.058738663736978,0.013087752810265307,-0.10157197208174906,0.01326268999363811,-0.07583701828527067
2023-04-14,96.7199960708618,1,800,0.0,77375.99685668944,63255.60211181642,140631.59896850586,-0.003949320976475046,-0.062456006876626446,-0.007154827736852276,-0.10800006985546406,-0.0020693734728036706,-0.07774945664417832
