index,close,STOCH_signal,Position,Entry/Exit Position,Portfolio Holdings,Portfolio Cash,Portfolio Total,Portfolio Daily Returns,Portfolio Cumulative Returns,Base Daily Returns,Base Cumulative Returns
2022-01-10,242.5840009689331,0,200,200.0,48516.80019378662,101483.19980621338,150000.0,,,,
2022-01-11,244.59199523925778,0,200,0.0,48918.399047851555,101483.19980621338,150401.59885406494,0.0026773256937662193,0.0026773256937662193,0.008277521445372749,0.008277521445372749
2022-01-12,245.19999446868897,0,200,0.0,49039.99889373779,101483.19980621338,150523.19869995117,0.0008085010186906771,0.0034879913330077006,0.002485769122724024,0.01078386657531838
2022-01-13,242.53299713134766,0,200,0.0,48506.59942626953,101483.19980621338,149989.7992324829,-0.003543636277166362,-6.800511678073384e-05,-0.01087682462277495,-0.00021025227295168314
2022-01-14,242.40200023651124,0,200,0.0,48480.400047302246,101483.19980621338,149963.59985351562,-0.00017467440520191335,-0.00024266764322933287,-0.0005401198863075329,-0.0007502585978254039
2022-01-18,238.663000869751,0,200,0.0,47732.600173950195,101483.19980621338,149215.79998016357,-0.00498654256154496,-0.005228000132243005,-0.015424787597099532,-0.016163473615410595
2022-01-19,236.8130048751831,1,400,200.0,94725.20195007324,54120.59883117676,148845.80078125,-0.0024796248048983838,-0.007694661458333418,-0.007751498924533751,-0.02378968139159776
2022-01-20,234.93400096893313,1,400,0.0,93973.60038757326,54120.59883117676,148094.19921875,-0.005049531518894423,-0.012705338541666777,-0.007934546952944377,-0.031535468000544964
2022-01-21,231.2280040740967,1,400,0.0,92491.20162963869,54120.59883117676,146611.80046081543,-0.010009836750897394,-0.022587996927897147,-0.015774629809018115,-0.046812637476000396
2022-01-24,231.89969558715822,1,400,0.0,92759.87823486328,54120.59883117676,146880.47706604004,0.001832571487289103,-0.020796819559733115,0.0029048882541331533,-0.044043734702616244
2022-01-25,229.79199962615968,1,400,0.0,91916.79985046387,54120.59883117676,146037.39868164062,-0.005739894104649146,-0.02641734212239588,-0.009088825906657494,-0.052732254772282605
2022-01-26,229.1199962615967,0,200,-200.0,45823.999252319336,99944.5980834961,145768.59733581543,-0.0018406336202356766,-0.028209351094563795,-0.002924398437092024,-0.05550244308593422
2022-01-27,228.08300056457523,0,200,0.0,45616.600112915046,99944.5980834961,145561.19819641113,-0.0014227971126490324,-0.029592012023925807,-0.004525993863222166,-0.05977723323235562
2022-01-28,232.56650047302247,0,200,0.0,46513.30009460449,99944.5980834961,146457.8981781006,0.006160295413888406,-0.02361401214599612,0.019657317280767028,-0.041294975991403415
2022-01-31,235.85299625396732,0,200,0.0,47170.599250793464,99944.5980834961,147115.19733428955,0.004487973433769055,-0.019232017771403043,0.014131423804633725,-0.02774710899350641
2022-02-01,237.03800735473632,0,200,0.0,47407.601470947266,99944.5980834961,147352.19955444336,0.0016109975342335492,-0.01765200297037761,0.005024363139711774,-0.022862157405455164
2022-02-02,238.77900276184084,0,200,0.0,47755.80055236817,99944.5980834961,147700.39863586426,0.002363039591358529,-0.015330675760904855,0.007344794307602598,-0.01568528094142363
2022-02-03,234.30100326538087,0,200,0.0,46860.20065307617,99944.5980834961,146804.79873657227,-0.006063625471316225,-0.02130134175618481,-0.0187537406751227,-0.03414486392535443
2022-02-04,235.26100215911868,0,200,0.0,47052.20043182374,99944.5980834961,146996.79851531982,0.0013078576477059123,-0.020021343231201083,0.004097288873537108,-0.03018747642286712
2022-02-07,234.9189989089966,0,200,0.0,46983.79978179932,99944.5980834961,146928.3978652954,-0.0004653206785132369,-0.020477347564697213,-0.0014537184105454237,-0.03159731074316874
2022-02-08,236.31800231933596,0,200,0.0,47263.600463867195,99944.5980834961,147208.19854736328,0.001904333581071116,-0.018612009684244812,0.005955258692726284,-0.02583022220991249
2022-02-09,239.0689994812012,0,200,0.0,47813.799896240234,99944.5980834961,147758.39797973633,0.003737559713401506,-0.014944013468424555,0.01164108165635147,-0.014489832279508286
2022-02-10,235.3200008392334,0,200,0.0,47064.00016784668,99944.5980834961,147008.59825134277,-0.005074498225788759,-0.01994267832438168,-0.01568165947949518,-0.029944267143281245
2022-02-11,231.93400211334227,0,200,0.0,46386.80042266846,99944.5980834961,146331.39850616455,-0.004606531544640746,-0.02445734329223659,-0.014388911753422828,-0.04390231347925844
2022-02-14,231.13700084686283,0,200,0.0,46227.400169372566,99944.5980834961,146171.99825286865,-0.0010893099835247444,-0.025520011647542584,-0.0034363278312680157,-0.04718777856886058
2022-02-15,234.09799995422367,0,200,0.0,46819.599990844734,99944.5980834961,146764.19807434082,0.004051390338440264,-0.021572012837728027,0.012810580290096407,-0.0349817011048319
2022-02-16,234.40400390625,0,200,0.0,46880.80078125,99944.5980834961,146825.3988647461,0.00041700081633178065,-0.021164007568359455,0.0013071617531383861,-0.03372026609343748
2022-02-17,230.52600383758548,0,200,0.0,46105.2007675171,99944.5980834961,146049.79885101318,-0.005282464885025706,-0.026334674326578877,-0.016544086295622873,-0.04970648139689915
2022-02-18,229.27200279235842,0,200,0.0,45854.40055847169,99944.5980834961,145798.99864196777,-0.001717223926485878,-0.02800667572021498,-0.005439737922627419,-0.054875829087671524
2022-02-22,227.20199813842774,1,400,200.0,90880.7992553711,54504.19845581055,145384.99771118164,-0.0028395320588091577,-0.030766681925455952,-0.009028597599007315,-0.0634089749079344
2022-02-23,223.91200485229493,1,400,0.0,89564.80194091797,54504.19845581055,144069.00039672852,-0.009051809575754577,-0.039539997355143464,-0.014480476902004713,-0.07697125961340501
2022-02-24,226.75700569152832,1,400,0.0,90702.80227661133,54504.19845581055,145207.00073242188,0.00789899515204251,-0.03195332845052101,0.012705887927313864,-0.06524335988436325
2022-02-25,230.5844944000244,0,200,-200.0,46116.89888000488,100621.09733581543,146737.9962158203,0.010543537678459947,-0.021746691894531378,0.01687925229398579,-0.049465366722372894
2022-02-28,230.79000186920172,0,200,0.0,46158.00037384035,100621.09733581543,146779.09770965576,0.000280101234141128,-0.021472681935628346,0.0008912458303498294,-0.04861820669386108
2022-03-01,228.54500465393065,0,200,0.0,45709.00093078613,100621.09733581543,146330.09826660156,-0.003059014873782462,-0.02446601155598971,-0.009727445717269023,-0.057872721444644615
2022-03-02,231.15969371795657,0,200,0.0,46231.938743591316,100621.09733581543,146853.03607940674,0.003573685926544057,-0.020979759470621917,0.011440587240071798,-0.047094232123080615
2022-03-03,230.21200103759767,0,200,0.0,46042.40020751953,100621.09733581543,146663.49754333496,-0.0012906681477752313,-0.022243349711100424,-0.00409973151078491,-0.05100088992645435
2022-03-04,228.78900413513185,0,200,0.0,45757.80082702637,100621.09733581543,146378.8981628418,-0.0019404922510393163,-0.024140678914388203,-0.006181245530433643,-0.05686688643398197
2022-03-07,223.40000419616703,0,200,0.0,44680.000839233406,100621.09733581543,145301.09817504883,-0.0073630830763184996,-0.031326012166341344,-0.02355445341150164,-0.07908187141831724
2022-03-08,222.0770004272461,0,200,0.0,44415.40008544922,100621.09733581543,145036.49742126465,-0.0018210513004203177,-0.03309001719156912,-0.005922129561641398,-0.08453566789144229
2022-03-09,226.62099781036378,0,200,0.0,45324.199562072754,100621.09733581543,145945.29689788818,0.0062660054040322155,-0.027031354014078746,0.020461359683243252,-0.06580402291498899
2022-03-10,225.55599956512452,0,200,0.0,45111.1999130249,100621.09733581543,145732.29724884033,-0.0014594485302042992,-0.028451351674397718,-0.004699468520257932,-0.07019424750105163
2022-03-11,223.25700473785403,0,200,0.0,44651.40094757081,100621.09733581543,145272.49828338623,-0.0031550930997058524,-0.03151667811075842,-0.010192567839928834,-0.0796713557113532
2022-03-14,221.5770021438599,0,200,0.0,44315.40042877198,100621.09733581543,144936.4977645874,-0.002312898330855351,-0.033756681569417246,-0.007524971482828935,-0.0865968025144559
2022-03-15,225.31000328063965,0,200,0.0,45062.00065612793,100621.09733581543,145683.09799194336,0.00515122304506499,-0.02877934672037752,0.01684742144113005,-0.07120831390074123
2022-03-16,229.14299488067627,0,200,0.0,45828.598976135254,100621.09733581543,146449.69631195068,0.005262095126846722,-0.02366869125366189,0.01701207910978697,-0.0554076362603082
2022-03-17,231.30299644470216,0,200,0.0,46260.59928894043,100621.09733581543,146881.69662475586,0.0029498204754552226,-0.020788689168293906,0.009426435074529227,-0.046503497671619876
2022-03-18,233.31400470733644,0,200,0.0,46662.800941467285,100621.09733581543,147283.89827728271,0.002738269381203917,-0.018107344818114934,0.008694259449920416,-0.03821355169578533
2022-03-21,232.77599353790285,0,200,0.0,46555.19870758057,100621.09733581543,147176.296043396,-0.0007305770362225905,-0.018824693044026453,-0.002305953172885844,-0.040431386207890996
2022-03-22,234.90500431060792,0,200,0.0,46981.00086212158,100621.09733581543,147602.098197937,0.002893143569909329,-0.015986012013752937,0.009146178436817198,-0.031655000443779
2022-03-23,232.82300605773926,0,200,0.0,46564.60121154785,100621.09733581543,147185.69854736328,-0.0028210957408975057,-0.018762009684244463,-0.008863149846376595,-0.04023758727783522
2022-03-24,234.88499355316165,0,200,0.0,46976.99871063233,100621.09733581543,147598.09604644775,0.002801885666573467,-0.016012693023681357,0.008856459378035142,-0.031737490456996365
2022-03-25,235.38300514221194,0,200,0.0,47076.60102844239,100621.09733581543,147697.6983642578,0.0006748211560854145,-0.015348677571614178,0.002120235871678089,-0.029684545551062258
2022-03-28,236.91199607849123,0,200,0.0,47382.39921569824,100621.09733581543,148003.49655151367,0.002070432990104454,-0.013310022989908465,0.006495757564805915,-0.023381611597577456
2022-03-29,239.37000484466552,0,200,0.0,47874.000968933105,100621.09733581543,148495.09830474854,0.0033215549949101586,-0.01003267796834284,0.010375197570662076,-0.013249002866760784
2022-03-30,238.26400470733645,0,200,0.0,47652.80094146729,100621.09733581543,148273.89827728271,-0.0014896116436912132,-0.011507344818114995,-0.00462046252640036,-0.017808248871903132
2022-03-31,235.273002243042,0,200,0.0,47054.6004486084,100621.09733581543,147675.69778442383,-0.00403442884964289,-0.0154953481038409,-0.012553312314079301,-0.030138008676126593
2022-04-01,235.56400413513188,0,200,0.0,47112.800827026374,100621.09733581543,147733.8981628418,0.0003941093848964794,-0.015107345581054421,0.0012368690385873293,-0.028938416407355394
2022-04-04,237.21599464416505,0,200,0.0,47443.19892883301,100621.09733581543,148064.29626464844,0.0022364406944874737,-0.012904691569010085,0.007012915725806312,-0.022128443357052108
2022-04-05,234.50900669097902,0,200,0.0,46901.8013381958,100621.09733581543,147522.89867401123,-0.003656503318460458,-0.01651400883992471,-0.011411490010387548,-0.033287414857125275
2022-04-06,232.56199665069582,0,200,0.0,46512.39933013916,100621.09733581543,147133.4966659546,-0.002639603827993664,-0.019110022226969003,-0.008302495787928743,-0.04131354202341175
2022-04-07,233.512996673584,0,200,0.0,46702.599334716804,100621.09733581543,147323.69667053223,0.0012927036255343527,-0.01784202219645148,0.00408923227605662,-0.0373932504168355
2022-04-08,232.8370050430298,0,200,0.0,46567.40100860596,100621.09733581543,147188.4983444214,-0.0009176957215049075,-0.018743344370523718,-0.002894877973319665,-0.04017987949317259
2022-04-11,229.4749967575073,1,400,200.0,91789.99870300293,54726.097984313965,146516.0966873169,-0.004568302990163531,-0.02322602208455371,-0.014439321124668947,-0.054039030435089064
2022-04-12,229.0149950027466,1,400,0.0,91605.99800109863,54726.097984313965,146332.0959854126,-0.00125583950203767,-0.02445269343058243,-0.0020045833370109234,-0.05593528803214154
2022-04-13,231.33600502014164,1,400,0.0,92534.40200805666,54726.097984313965,147260.4999923706,0.006344500163864009,-0.018263333384195612,0.010134751295945543,-0.046367426969068815
2022-04-14,228.79700355529786,1,400,0.0,91518.80142211914,54726.097984313965,146244.8994064331,-0.006896625951902324,-0.025034003957112194,-0.010975383899374913,-0.05683391055703202
2022-04-18,228.9229955673218,1,400,0.0,91569.19822692873,54726.097984313965,146295.29621124268,0.0003446055555722527,-0.02469802525838183,0.0005506716000041045,-0.056314535777488794
2022-04-19,231.54899616241454,1,400,0.0,92619.59846496582,54726.097984313965,147345.69644927979,0.007180000076833615,-0.01769535700480107,0.011471108826725418,-0.04548941711919352
2022-04-20,231.53599967956544,0,200,-200.0,46307.199935913086,101033.29792022705,147340.49785614014,-3.5281608251391816e-05,-0.017730014292398733,-5.6128435296676216e-05,-0.045542992304684726
2022-04-21,228.67199993133545,0,200,0.0,45734.39998626709,101033.29792022705,146767.69790649414,-0.0038875934178345117,-0.021548680623372007,-0.012369565649374747,-0.05734921092087775
2022-04-22,223.6189992904663,1,400,200.0,89447.59971618652,56309.49806213379,145757.0977783203,-0.006885712200907279,-0.028286014811197524,-0.022097155062213325,-0.0781791115766769
2022-04-25,224.8840047836304,1,400,0.0,89953.60191345215,56309.49806213379,146263.09997558594,0.0034715441304629113,-0.02491266682942661,0.0056569678657802935,-0.07296440043286112
2022-04-26,219.92100639343263,1,400,0.0,87968.40255737305,56309.49806213379,144277.90061950684,-0.013572796942020737,-0.03814732920328734,-0.022069148025769314,-0.09342328630486607
2022-04-27,220.29499778747558,1,400,0.0,88117.99911499023,56309.49806213379,144427.49717712402,0.0010368639755280462,-0.03715001881917279,0.00170057149235614,-0.09188158778992217
2022-04-28,224.5389970779419,1,400,0.0,89815.59883117676,56309.49806213379,146125.09689331055,0.011753992483194642,-0.02583268737792921,0.019265073347514816,-0.07438661997046636
2022-04-29,217.76600017547608,1,400,0.0,87106.40007019043,56309.49806213379,143415.89813232422,-0.018540270073965304,-0.043894012451171416,-0.030164011555261272,-0.10230683266138163
2022-05-02,218.56299915313724,1,400,0.0,87425.1996612549,56309.49806213379,143734.69772338867,0.00222290272707637,-0.04176868184407512,0.0036598871128594723,-0.09902137700693703
2022-05-03,219.31199760437013,1,400,0.0,87724.79904174805,56309.49806213379,144034.29710388184,0.002084391488196724,-0.03977135264078735,0.0034269224623335592,-0.0959337931257197
2022-05-04,224.83199653625488,0,200,-200.0,44966.39930725098,101275.89736938477,146242.29667663574,0.01532967923022821,-0.02505135548909465,0.025169616765985614,-0.07317879316761577
2022-05-05,218.18300342559814,0,200,0.0,43636.60068511963,101275.89736938477,144912.4980545044,-0.009093119106791225,-0.033916679636637026,-0.02957316224154316,-0.10058782708617275
2022-05-06,217.18199653625487,0,200,0.0,43436.39930725098,101275.89736938477,144712.29667663574,-0.0013815328598735244,-0.03525135548909475,-0.0045879233195386115,-0.10471426116816096
2022-05-09,211.69140663146973,1,400,200.0,84676.56265258789,58937.61604309082,143614.1786956787,-0.007588283830577414,-0.042572142028808324,-0.02528105456415486,-0.1273480287820784
2022-05-10,212.0739959716797,1,400,0.0,84829.59838867188,58937.61604309082,143767.2144317627,0.0010656032536193738,-0.04155190378824836,0.0018072974538640985,-0.12577088709638673
2022-05-11,209.4300048828125,1,400,0.0,83772.001953125,58937.61604309082,142709.61799621582,-0.007356311657890857,-0.04860254669189412,-0.012467304521485367,-0.13667016766850404
2022-05-12,209.22399864196777,1,400,0.0,83689.59945678711,58937.61604309082,142627.21549987793,-0.0005774137545521141,-0.0491518966674801,-0.0009836519889306894,-0.13751938377518014
2022-05-13,213.0750017166138,1,400,0.0,85230.00068664552,58937.61604309082,144167.61672973633,0.01080019142531552,-0.038882555135090646,0.018406125012628394,-0.1216444577319773
2022-05-16,212.44099578857424,0,200,-200.0,42488.19915771485,101425.81520080566,143914.0143585205,-0.0017590799998534745,-0.040573237609862756,-0.00297550591543716,-0.12425800984385282
2022-05-17,215.53500003814696,0,200,0.0,43107.000007629395,101425.81520080566,144532.81520843506,0.004299795629166381,-0.036447898610432405,0.014564063956148843,-0.11150364749013364
2022-05-18,209.010998916626,0,200,0.0,41802.199783325195,101425.81520080566,143228.01498413086,-0.009027709191317568,-0.04514656677246032,-0.030268871043525603,-0.13839742900689767
2022-05-19,208.2800022125244,0,200,0.0,41656.00044250488,101425.81520080566,143081.81564331055,-0.0010207454235577895,-0.04612122904459581,-0.0034974078296864386,-0.14141080458476696
2022-05-20,208.37799396514893,1,400,200.0,83351.19758605957,59750.21640777588,143101.41399383545,0.0001369730348805831,-0.04599057337442991,0.0004704808506990066,-0.14100685480970698
2022-05-23,211.13299503326417,0,200,-200.0,42226.59900665283,101976.81541442871,144203.41442108154,0.007700835348094959,-0.03864390385945593,0.013221170890895584,-0.12964995964303827
2022-05-24,210.2880002975464,0,200,0.0,42057.60005950928,101976.81541442871,144034.415473938,-0.0011719483052604618,-0.03977056350707964,-0.004002191772937369,-0.13313326741413056
2022-05-25,211.81400146484378,0,200,0.0,42362.80029296876,101976.81541442871,144339.61570739746,0.002118939646856166,-0.03773589528401644,0.007256720141606499,-0.12684265813568607
2022-05-26,214.92799968719487,0,200,0.0,42985.59993743897,101976.81541442871,144962.41535186768,0.0043148212735493185,-0.03358389765421499,0.014701569305218598,-0.11400587495990744
2022-05-27,219.00499916076663,0,200,0.0,43800.99983215333,101976.81541442871,145777.81524658203,0.005624905550415393,-0.028147898356119416,0.018969140733200884,-0.0971993277132327
2022-05-31,217.95399799346922,0,200,0.0,43590.79959869384,101976.81541442871,145567.61501312256,-0.0014419219625696478,-0.029549233245849238,-0.004798982540694885,-0.10153185237726448
2022-06-01,216.25800399780275,0,200,0.0,43251.60079956055,101976.81541442871,145228.41621398926,-0.0023301803708380975,-0.031810558573404535,-0.007781430995898897,-0.10852322027000394
2022-06-02,219.4720043182373,0,200,0.0,43894.40086364746,101976.81541442871,145871.21627807617,0.004426131475122386,-0.027525224812825155,0.014861879149070667,-0.09527420010545407
2022-06-03,216.56400299072266,0,200,0.0,43312.80059814453,101976.81541442871,145289.61601257324,-0.003987080387361841,-0.03140255991617802,-0.01324998756241369,-0.1072618057014516
2022-06-06,216.94799766540527,0,200,0.0,43389.599533081055,101976.81541442871,145366.41494750977,0.0005285920428743651,-0.0308905670166012,0.0017731232770898941,-0.10567887082879368
2022-06-07,218.59199676513674,0,200,0.0,43718.39935302735,101976.81541442871,145695.21476745605,0.002261869222440538,-0.028698568216959264,0.007577848689191313,-0.0989018406323876
2022-06-08,216.62900161743167,0,200,0.0,43325.800323486335,101976.81541442871,145302.61573791504,-0.0026946597399759575,-0.03131589508056598,-0.008980178491229007,-0.10699386294162672
2022-06-09,212.1759969711304,0,200,0.0,42435.199394226074,101976.81541442871,144412.01480865479,-0.006129283528292784,-0.03725323460896768,-0.020555902547920724,-0.12535041006969383
2022-06-10,206.9960023880005,0,200,0.0,41399.2004776001,101976.81541442871,143376.0158920288,-0.007173910827285912,-0.04415989405314091,-0.024413669109963898,-0.1467038157454179
2022-06-13,200.04940252304078,1,400,200.0,80019.76100921631,61966.93490982056,141986.69591903687,-0.00969004449138966,-0.05342202720642053,-0.03355910155182018,-0.17533966904659815
2022-06-14,199.37600317001343,1,400,0.0,79750.40126800537,61966.93490982056,141717.33617782593,-0.001897077324515939,-0.055217758814493534,-0.003366165279847788,-0.17811561202032122
2022-06-15,201.92099618911746,1,400,0.0,80768.39847564699,61966.93490982056,142735.33338546753,0.0071832934141820015,-0.048431110763549556,0.01276479104124606,-0.16762442954769818
2022-06-16,196.99349565505983,1,400,0.0,78797.39826202393,61966.93490982056,140764.33317184448,-0.013808775773131221,-0.06157111218770328,-0.02440311125170247,-0.18793698319664498
2022-06-17,197.17600088119508,1,400,0.0,78870.40035247803,61966.93490982056,140837.33526229858,0.0005186121285778444,-0.061084431584676024,0.0009264530563730666,-0.18718464493276
2022-06-21,200.9130033493042,1,400,0.0,80365.20133972168,61966.93490982056,142332.13624954224,0.010613669908335677,-0.0511190916697184,0.01895262329800862,-0.1717796616973335
2022-06-22,200.9689949989319,1,400,0.0,80387.59799957275,61966.93490982056,142354.5329093933,0.00015735490551338494,-0.05096978060404467,0.00027868604169101197,-0.17154884824960392
2022-06-23,202.71100282669067,0,200,-200.0,40542.200565338135,102509.13547515869,143051.33604049683,0.004894843296258333,-0.04632442639668777,0.008668042688714461,-0.1643677983007168
2022-06-24,207.4089996337891,0,200,0.0,41481.79992675782,102509.13547515869,143990.9354019165,0.006568266941272549,-0.04006043065388998,0.023175835260974997,-0.14500132405536836
2022-06-27,206.65699615478513,0,200,0.0,41331.399230957024,102509.13547515869,143840.53470611572,-0.0010445150271506387,-0.041063101959228465,-0.003625703225664023,-0.14810129551267925
2022-06-28,203.44499340057374,0,200,0.0,40688.998680114746,102509.13547515869,143198.13415527344,-0.004466060642466241,-0.045345772298177045,-0.015542676096025443,-0.1613420811431494
2022-06-29,203.55899810791016,0,200,0.0,40711.79962158203,102509.13547515869,143220.93509674072,0.0001592265262517767,-0.04519376602172853,0.0005603711619088791,-0.1608721214307155
2022-06-30,202.39599618911743,0,200,0.0,40479.199237823486,102509.13547515869,142988.33471298218,-0.0016240669257007179,-0.04674443524678551,-0.0057133407493792365,-0.16566634493328558
2022-07-01,204.3379981994629,0,200,0.0,40867.59963989258,102509.13547515869,143376.73511505127,0.0027163083117844877,-0.044155099232991546,0.009595061398995686,-0.157660862285672
2022-07-05,204.74799995422367,0,200,0.0,40949.599990844734,102509.13547515869,143458.73546600342,0.0005719222919000622,-0.043608430226643846,0.002006488065722012,-0.15597071885855762
2022-07-06,204.94099979400636,0,200,0.0,40988.19995880127,102509.13547515869,143497.33543395996,0.0002690666959468402,-0.04335109710693352,0.0009426213678562778,-0.15517511882305735
2022-07-07,207.17199630737304,0,200,0.0,41434.39926147461,102509.13547515869,143943.5347366333,0.0031094605438071188,-0.04037643508911115,0.010886042888485603,-0.14597831893330537
2022-07-08,206.88999671936037,0,200,0.0,41377.99934387207,102509.13547515869,143887.13481903076,-0.0003918197347712038,-0.04075243453979471,-0.0013611858409390276,-0.1471408011534283
2022-07-11,205.1880058288574,0,200,0.0,41037.60116577148,102509.13547515869,143546.73664093018,-0.002365730463176674,-0.04302175572713196,-0.008226549941956152,-0.15415688994619636
2022-07-12,203.80300531387329,0,200,0.0,40760.60106277466,102509.13547515869,143269.73653793335,-0.0019296858255281046,-0.04486842308044403,-0.006749909720060843,-0.15986625457639503
2022-07-13,203.0589960098267,0,200,0.0,40611.79920196534,102509.13547515869,143120.93467712402,-0.0010386133485345006,-0.04586043548583951,-0.003650629699502028,-0.1629332717789923
2022-07-14,202.59000177383425,0,200,0.0,40518.000354766846,102509.13547515869,143027.13582992554,-0.0006553817399955753,-0.046485761133829406,-0.0023096452026668546,-0.16486659893213995
2022-07-15,205.62800149917604,0,200,0.0,41125.600299835205,102509.13547515869,143634.7357749939,0.004248144532453368,-0.0424350948333736,0.014995802846841988,-0.15234310309891375
2022-07-18,204.3470003128052,0,200,0.0,40869.400062561035,102509.13547515869,143378.53553771973,-0.0017836927529529811,-0.04414309641520142,-0.006229702068937248,-0.15762375302328735
2022-07-19,208.47400159835817,0,200,0.0,41694.80031967163,102509.13547515869,144203.93579483032,0.005756790959086322,-0.038640428034464214,0.020196045350485026,-0.14061108413717427
2022-07-20,209.41100540161136,0,200,0.0,41882.20108032227,102509.13547515869,144391.33655548096,0.0012995537161846205,-0.03739108963012672,0.004494583478367842,-0.1367484889144448
2022-07-21,211.3719975471497,0,200,0.0,42274.39950942994,102509.13547515869,144783.53498458862,0.0027162185659037608,-0.03477643343607573,0.0093643222894495,-0.12866472354778535
2022-07-22,210.2199975967407,0,200,0.0,42043.999519348145,102509.13547515869,144553.13499450684,-0.0015913411017787205,-0.03631243336995438,-0.005450106749130823,-0.1334135938187333
2022-07-25,210.22299633026122,0,200,0.0,42044.599266052246,102509.13547515869,144553.73474121094,4.148970578432554e-06,-0.0363084350585936,1.426473958132668e-05,-0.13340123218932443
2022-07-26,208.2419984817505,0,200,0.0,41648.3996963501,102509.13547515869,144157.5351715088,-0.0027408463047423615,-0.03894976552327467,-0.009423316588060504,-0.1415674667332275
2022-07-27,212.57699756622316,0,200,0.0,42515.39951324463,102509.13547515869,145024.53498840332,0.006014252504130457,-0.03316976674397787,0.020817121983453202,-0.12369737197364838
2022-07-28,215.00199794769287,0,200,0.0,43000.399589538574,102509.13547515869,145509.53506469727,0.0033442622404045164,-0.029936432902018306,0.011407633042301635,-0.11370083315911916
2022-07-29,217.44500036239626,0,200,0.0,43489.00007247925,102509.13547515869,145998.13554763794,0.003357858869684538,-0.0266790963490805,0.01136269633781617,-0.10363008486184677
2022-08-01,216.87900609970094,0,200,0.0,43375.801219940186,102509.13547515869,145884.93669509888,-0.000775344507753184,-0.02743375536600756,-0.002602930680181248,-0.10596327361475133
2022-08-02,215.3670022964478,0,200,0.0,43073.40045928956,102509.13547515869,145582.53593444824,-0.0020728717268641006,-0.02944976043701175,-0.006971646681920296,-0.11219618179176993
2022-08-03,218.04800033569336,0,200,0.0,43609.60006713867,102509.13547515869,146118.73554229736,0.00368313138940346,-0.025875096384684215,0.012448508873960318,-0.10114434808246897
2022-08-04,218.0280040740967,0,200,0.0,43605.60081481934,102509.13547515869,146114.73628997803,-2.736988042284505e-05,-0.025901758066813052,-9.17057783875741e-05,-0.10122677833968619
2022-08-05,217.27099742889405,0,200,0.0,43454.19948577881,102509.13547515869,145963.3349609375,-0.0010361811059225179,-0.026911100260416543,-0.003472061529056547,-0.10434737426595919
2022-08-08,217.37700357437137,0,200,0.0,43475.400714874275,102509.13547515869,145984.53619003296,0.00014525037469947932,-0.02676975873311349,0.00048789827787310003,-0.10391038689229104
2022-08-09,216.4959957122803,0,200,0.0,43299.199142456055,102509.13547515869,145808.33461761475,-0.0012069879250008464,-0.02794443588256823,-0.004052902779983603,-0.10754215097636965
2022-08-10,220.0889973640442,0,200,0.0,44017.79947280884,102509.13547515869,146526.93494796753,0.004928389945864975,-0.023153767013549764,0.016596157540663903,-0.09273077991557144
2022-08-11,220.02299461364746,0,200,0.0,44004.59892272949,102509.13547515869,146513.73439788818,-9.008958034939507e-05,-0.0232417706807454,-0.00029989118578044316,-0.0930028619578046
2022-08-12,222.91500082015992,0,200,0.0,44583.00016403198,102509.13547515869,147092.13563919067,0.00394776123671603,-0.019385762405395468,0.01314410892184581,-0.08108119278357562
2022-08-15,223.73200674057006,0,200,0.0,44746.401348114014,102509.13547515869,147255.5368232727,0.0011108764134259985,-0.018296421178181865,0.003665100676958355,-0.07771326284117697
2022-08-16,223.98500280380253,0,200,0.0,44797.000560760505,102509.13547515869,147306.1360359192,0.0003436150092421819,-0.017959093093871892,0.001130799597778731,-0.07667034136976114
2022-08-17,222.42500467300414,0,200,0.0,44485.00093460083,102509.13547515869,146994.13640975952,-0.0021180355045331556,-0.020039090601603027,-0.006964743671543316,-0.0831010957664543
2022-08-18,223.00299549102783,0,200,0.0,44600.59909820557,102509.13547515869,147109.73457336426,0.000786413434087585,-0.019268436177571457,0.002598587415445497,-0.08071845381267728
2022-08-19,220.42499313354492,0,200,0.0,44084.998626708984,102509.13547515869,146594.13410186768,-0.003504869837416824,-0.02270577265421536,-0.011560393401023328,-0.09134571013290371
2022-08-22,216.6849961280823,0,200,0.0,43336.99922561646,102509.13547515869,145846.13470077515,-0.0051025193175379124,-0.027692435328165566,-0.016967209354506907,-0.10676303769994955
2022-08-23,216.35200452804568,0,200,0.0,43270.40090560914,102509.13547515869,145779.53638076782,-0.00045663411062601966,-0.028136424128214488,-0.0015367543022674068,-0.10813572344470845
2022-08-24,216.78299350738527,1,400,200.0,86713.1974029541,59152.53677368164,145865.73417663574,0.0005912887227379482,-0.02756177215576172,0.0019920729659046454,-0.10635906473012657
2022-08-25,219.24900150299072,1,400,0.0,87699.60060119629,59152.53677368164,146852.13737487793,0.0067624051927623885,-0.02098575083414722,0.011375467953953944,-0.09619348090862267
2022-08-26,213.31469898223878,1,400,0.0,85325.87959289551,59152.53677368164,144478.41636657715,-0.016164020835742088,-0.03681055755615248,-0.027066497361772468,-0.12065635767316218
2022-08-29,212.19199562072754,1,400,0.0,84876.79824829102,59152.53677368164,144029.33502197266,-0.0031082936531160454,-0.03980443318684912,-0.005263131733855397,-0.12528445910205654
2022-08-30,210.28100166320803,1,400,0.0,84112.40066528322,59152.53677368164,143264.93743896484,-0.005307235382925324,-0.044900417073567955,-0.009005966280345556,-0.1331621177682777
2022-08-31,208.97899675369266,1,400,0.0,83591.59870147707,59152.53677368164,142744.1354751587,-0.003635236737726033,-0.04837243016560888,-0.006191738194212593,-0.13852935099188224
2022-09-01,209.2580040931702,1,400,0.0,83703.20163726808,59152.53677368164,142855.7384109497,0.0007818390256071339,-0.047628410593668624,0.0013350975160741907,-0.13737920366822065
2022-09-02,207.79099969863893,1,400,0.0,83116.39987945557,59152.53677368164,142268.9366531372,-0.004107652687527774,-0.05154042231241862,-0.007010505528276534,-0.14342661152971092
2022-09-06,206.80399713516235,1,400,0.0,82721.59885406494,59152.53677368164,141874.13562774658,-0.002775033220028811,-0.05417242914835618,-0.004749977452863874,-0.14749531581166797
2022-09-07,209.90700263977052,1,400,0.0,83962.8010559082,59152.53677368164,143115.33782958984,0.008748615075971022,-0.04589774780273448,0.015004572191997356,-0.13470384773374822
2022-09-08,210.77399930953982,1,400,0.0,84309.59972381593,59152.53677368164,143462.13649749756,0.0024232110489839087,-0.04358575668334963,0.004130384688771915,-0.1311298417551744
2022-09-09,213.45300397872924,0,200,-200.0,42690.60079574585,101843.13756942749,144533.73836517334,0.007469579736075316,-0.03644174423217772,0.012710318530584352,-0.1200862252821634
2022-09-12,215.2710063934326,0,200,0.0,43054.20127868652,101843.13756942749,144897.338848114,0.0025156789484128694,-0.034017741012573155,0.0085171085944733,-0.11259190410911868
2022-09-13,207.62200527191163,0,200,0.0,41524.401054382324,101843.13756942749,143367.5386238098,-0.010557821395931755,-0.04421640917460112,-0.03553196154776894,-0.14412325444949237
2022-09-14,208.14699678421024,0,200,0.0,41629.39935684205,101843.13756942749,143472.53692626953,0.0007323715219469396,-0.04351642049153637,0.002528592822379494,-0.14195909065385182
2022-09-15,206.142001914978,1,400,200.0,82456.80076599121,60614.737186431885,143071.5379524231,-0.002794952835137421,-0.046189746983845925,-0.009632590910311545,-0.150224247717895
2022-09-16,205.02300148010258,1,400,0.0,82009.20059204103,60614.737186431885,142623.9377784729,-0.003128506063162839,-0.04917374814351383,-0.005428299058320762,-0.15483708463379176
2022-09-19,206.14600105285646,1,400,0.0,82458.40042114258,60614.737186431885,143073.13760757446,0.0031495402251426885,-0.04617908261617021,0.005477432115648995,-0.1502077621382093
2022-09-20,204.11799697875975,1,400,0.0,81647.1987915039,60614.737186431885,142261.9359779358,-0.005669838819524986,-0.051587093480428,-0.009837707565215958,-0.15856776966548403
2022-09-21,201.50600185394288,1,400,0.0,80602.40074157715,60614.737186431885,141217.13792800903,-0.007344185517683344,-0.05855241381327303,-0.012796495965461951,-0.16933515380616926
2022-09-22,199.84900035858155,1,400,0.0,79939.60014343262,60614.737186431885,140554.3373298645,-0.004693485563221245,-0.06297108446756994,-0.008223087551319508,-0.17616578356222445
2022-09-23,197.18250675201418,1,400,0.0,78873.00270080566,60614.737186431885,139487.73988723755,-0.00758850607451389,-0.07008173408508289,-0.013342541627843985,-0.1871578258894877
2022-09-26,194.56299962997437,1,400,0.0,77825.19985198975,60614.737186431885,138439.93703842163,-0.007511791714906013,-0.07706708641052229,-0.013284683135376785,-0.19795617661161657
2022-09-27,194.0629963874817,1,400,0.0,77625.19855499268,60614.737186431885,138239.93574142456,-0.0014446791964486394,-0.07840042839050276,-0.0025698783604467534,-0.20001733167747238
2022-09-28,197.58399620056153,1,400,0.0,79033.59848022461,60614.737186431885,139648.3356666565,0.010188082898608508,-0.06901109555562313,0.018143591919242086,-0.18550277260096204
2022-09-29,194.34899921417235,1,400,0.0,77739.59968566895,60614.737186431885,138354.33687210083,-0.009266123999103426,-0.07763775418599417,-0.01637276828385148,-0.19883834697300595
2022-09-30,191.9629970550537,1,400,0.0,76785.19882202148,60614.737186431885,137399.93600845337,-0.006898235973114009,-0.0840004266103106,-0.012276894497868063,-0.20867412406295593
2022-10-03,196.0700063705444,1,400,0.0,78428.00254821776,60614.737186431885,139042.73973464966,0.011956364565520738,-0.07304840176900196,0.021394796801973426,-0.19174386774313923
2022-10-04,200.73400268554687,0,200,-200.0,40146.800537109375,100761.53772354126,140908.33826065063,0.013417446531629684,-0.06061107826232881,0.02378740329200668,-0.17251755316190776
2022-10-05,200.12999687194824,0,200,0.0,40025.99937438965,100761.53772354126,140787.5370979309,-0.000857303153318556,-0.06141641934712705,-0.0030089860487901854,-0.17500743630006232
2022-10-06,198.4730010032654,0,200,0.0,39694.60020065308,100761.53772354126,140456.13792419434,-0.002353895668379069,-0.06362574717203762,-0.008279597734381805,-0.1818380428613542
2022-10-07,194.04999465942385,0,200,0.0,38809.998931884766,100761.53772354126,139571.53665542603,-0.006298060603415867,-0.06952308896382642,-0.02228517894869131,-0.20007092848520047
2022-10-10,192.83799800872805,0,200,0.0,38567.59960174561,100761.53772354126,139329.13732528687,-0.0017367389938365285,-0.07113908449808748,-0.006245795846699043,-0.20506712215772138
2022-10-11,191.87800483703614,1,400,200.0,76751.20193481445,62385.93675613403,139137.1386909485,-0.001378022128208034,-0.07241907539367665,-0.004978236559209925,-0.20902448607231372
2022-10-12,191.54000577926638,1,400,0.0,76616.00231170656,62385.93675613403,139001.93906784058,-0.0009717004703411192,-0.07332040621439606,-0.0017615310210090662,-0.21041781397695591
2022-10-13,195.13700370788575,0,200,-200.0,39027.40074157715,101413.33749771118,140440.73823928833,0.010350928779098156,-0.06372841173807764,0.01877935585302537,-0.19558996913041948
2022-10-14,191.62299785614016,0,200,0.0,38324.599571228035,101413.33749771118,139737.9370689392,-0.0050042543150952135,-0.06841375287373841,-0.01800789078941667,-0.2100756971162302
2022-10-17,195.4249941825867,0,200,0.0,39084.998836517334,101413.33749771118,140498.33633422852,0.005441609352756949,-0.06334442443847643,0.01984102309734692,-0.19440279077755762
2022-10-18,197.1739947319031,0,200,0.0,39434.798946380615,101413.33749771118,140848.1364440918,0.0024897099779968013,-0.06101242370605453,0.008949728035720472,-0.1871929148486814
2022-10-19,195.9010036468506,0,200,0.0,39180.20072937012,101413.33749771118,140593.5382270813,-0.00180760799140256,-0.06270974515279115,-0.006456181439055242,-0.19244054486536788
2022-10-20,194.45400562286375,0,200,0.0,38890.80112457275,101413.33749771118,140304.13862228394,-0.0020584132702452518,-0.06463907585144024,-0.007386373714528549,-0.19840548079769338
2022-10-21,198.24099979400637,0,200,0.0,39648.19995880128,101413.33749771118,141061.53745651245,0.005398264382403761,-0.059589750289916754,0.019475012402096592,-0.18279441759477577
2022-10-24,200.08899602890017,0,200,0.0,40017.79920578004,101413.33749771118,141431.1367034912,0.002620127737461342,-0.05712575531005837,0.009321967891677607,-0.17517645339469456
2022-10-25,202.84700269699098,0,200,0.0,40569.40053939819,101413.33749771118,141982.73803710938,0.0039001407078738115,-0.053448413085937396,0.013783899778738729,-0.16380716829314323
2022-10-26,201.8279991149902,0,200,0.0,40365.59982299804,101413.33749771118,141778.93732070923,-0.0014353908032600504,-0.054807084528605055,-0.005023508202992466,-0.16800778984250608
2022-10-27,201.21299495697025,0,200,0.0,40242.59899139405,101413.33749771118,141655.93648910522,-0.0008675536291103958,-0.05562709007263167,-0.003047169672774519,-0.17054301127328264
2022-10-28,204.57899942398072,0,200,0.0,40915.79988479614,101413.33749771118,142329.13738250732,0.004752366262136043,-0.051139084116617606,0.016728564016107894,-0.1566673869387597
2022-10-31,203.35200386047362,0,200,0.0,40670.40077209473,101413.33749771118,142083.7382698059,-0.0017241663739021584,-0.05277507820129379,-0.005997661377569852,-0.1617254103805622
2022-11-01,202.62299966812134,0,200,0.0,40524.59993362427,101413.33749771118,141937.93743133545,-0.0010261613344771936,-0.05374708379109683,-0.0035849373426999342,-0.1647305722603254
2022-11-02,198.587002658844,0,200,0.0,39717.4005317688,101413.33749771118,141130.73802947998,-0.005686988387061498,-0.05912841313679995,-0.019918750664475127,-0.18136809572913082
2022-11-03,196.92800292968752,0,200,0.0,39385.60058593751,101413.33749771118,140798.93808364868,-0.0023510112004232475,-0.06134041277567537,-0.008354019683788128,-0.18820696277118665
2022-11-04,199.1653970718384,0,200,0.0,39833.07941436768,101413.33749771118,141246.41691207886,0.0031781406487905173,-0.05835722058614079,0.011361482922008559,-0.17898379004250597
2022-11-07,200.5229998588562,0,200,0.0,40104.59997177124,101413.33749771118,141517.93746948242,0.0019223181963798908,-0.05654708353678384,0.00681645911879003,-0.1733873666114668
2022-11-08,201.3994032859802,0,200,0.0,40279.880657196045,101413.33749771118,141693.21815490723,0.0012385757491879534,-0.05537854563395184,0.004370588050951252,-0.1697745833132135
2022-11-09,198.22049589157106,0,200,0.0,39644.09917831421,101413.33749771118,141057.4366760254,-0.004487028293667206,-0.05961708882649741,-0.015784095397220255,-0.18287894049139464
2022-11-10,207.2440015792847,0,200,0.0,41448.80031585694,101413.33749771118,142862.13781356812,0.012794087146838606,-0.04758574790954584,0.04552256640831742,-0.1456814927962795
2022-11-11,208.64900484085086,0,200,0.0,41729.80096817017,101413.33749771118,143143.13846588135,0.0019669357928826514,-0.045712410227457534,0.006779464065832741,-0.139889671175916
2022-11-14,207.24549827575683,0,200,0.0,41449.09965515137,101413.33749771118,142862.43715286255,-0.001960983362717772,-0.047583752314249494,-0.006726639152506708,-0.14567532298925945
2022-11-15,208.8769971847534,0,200,0.0,41775.39943695068,101413.33749771118,143188.73693466187,0.0022840138268829246,-0.04540842043558724,0.007872300834374402,-0.13894982212160112
2022-11-16,207.78899564743043,0,200,0.0,41557.799129486084,101413.33749771118,142971.13662719727,-0.0015196747462329352,-0.04685908915201786,-0.0052088145271479425,-0.1434348727967374
2022-11-17,207.0109973907471,0,200,0.0,41402.19947814942,101413.33749771118,142815.5369758606,-0.0010883291201804202,-0.04789642016092899,-0.0037441744894104456,-0.1466420020945305
2022-11-18,207.58999824523926,0,200,0.0,41517.99964904785,101413.33749771118,142931.33714675903,0.0008108373455053552,-0.047124419021606134,0.002796956981948373,-0.14425519648418728
2022-11-21,206.95000524520876,0,200,0.0,41390.00104904175,101413.33749771118,142803.33854675293,-0.0008955251001022679,-0.04797774302164681,-0.0030829664504088417,-0.1468934290035382
2022-11-22,209.23540153503419,0,200,0.0,41847.080307006836,101413.33749771118,143260.41780471802,0.003200760308663453,-0.04493054796854634,0.01104322895337706,-0.13747237781839383
2022-11-23,210.42099742889405,0,200,0.0,42084.19948577881,101413.33749771118,143497.53698349,0.0016551618542337554,-0.043349753443399974,0.005666325512613479,-0.13258501554749236
2022-11-25,210.39899969100952,0,200,0.0,42079.799938201904,101413.33749771118,143493.1374359131,-3.0659394365861736e-05,-0.04337908376057931,-0.00010454155314021385,-0.13267569645718413
2022-11-28,207.81000003814697,0,200,0.0,41562.000007629395,101413.33749771118,142975.33750534058,-0.0036085344555503163,-0.04683108329772934,-0.012305189932769411,-0.14334828674558542
2022-11-29,207.46000280380252,0,200,0.0,41492.000560760505,101413.33749771118,142905.33805847168,-0.0004895910587815466,-0.047297746276855235,-0.001684217478851835,-0.14479107453433693
2022-11-30,212.75300436019901,0,200,0.0,42550.6008720398,101413.33749771118,143963.93836975098,0.007407703068769589,-0.04024041086832664,0.025513359128805924,-0.12297182208877122
2022-12-01,212.9099976539612,0,200,0.0,42581.999530792236,101413.33749771118,143995.33702850342,0.00021810085989582007,-0.040031086476643774,0.0007379134044864788,-0.12232465124017822
2022-12-02,212.77799606323242,0,200,0.0,42555.599212646484,101413.33749771118,143968.93671035767,-0.00018334147959619962,-0.04020708859761546,-0.0006199877515536967,-0.12286879920624993
2022-12-05,209.4630029678345,0,200,0.0,41892.6005935669,101413.33749771118,143305.93809127808,-0.004605150487521081,-0.044627079391479474,-0.015579586032066883,-0.1365341402104263
2022-12-06,207.3019931793213,0,200,0.0,41460.39863586426,101413.33749771118,142873.73613357544,-0.003015938930788442,-0.047508425776163765,-0.01031690445517508,-0.14544243498618092
2022-12-07,207.21200284957885,0,200,0.0,41442.40056991577,101413.33749771118,142855.73806762695,-0.00012597182964169118,-0.04762841288248698,-0.0004341025783799468,-0.14581340062852755
2022-12-08,208.29000520706177,0,200,0.0,41658.00104141235,101413.33749771118,143071.33853912354,0.0015092181414129158,-0.04619107640584297,0.005202412710934912,-0.14136956940644718
2022-12-09,206.96400480270387,0,200,0.0,41392.80096054077,101413.33749771118,142806.13845825195,-0.0018536213023481185,-0.0479590769449868,-0.006366125935998279,-0.14683571886008617
2022-12-12,209.13999538421632,0,200,0.0,41827.99907684326,101413.33749771118,143241.33657455444,0.003047474856479715,-0.04505775616963692,0.010513860048208867,-0.13786566901005037
2022-12-13,210.04500417709355,0,200,0.0,42009.00083541871,101413.33749771118,143422.33833312988,0.0012636140021022868,-0.043851077779133885,0.004327287046242079,-0.13413496628743693
2022-12-14,209.17700328826908,0,200,0.0,41835.400657653816,101413.33749771118,143248.738155365,-0.0012104124070384525,-0.04500841229756647,-0.004132451958212879,-0.13771311194155045
2022-12-15,205.1090033531189,0,200,0.0,41021.80067062378,101413.33749771118,142435.13816833496,-0.005679631091393023,-0.05043241221109995,-0.01944764420180556,-0.15448256054039333
2022-12-16,203.1760009288788,1,400,200.0,81270.40037155153,60778.137311935425,142048.53768348694,-0.0027142212927201426,-0.05300974877675346,-0.009424269011303332,-0.16245094434360907
2022-12-19,201.72999715805054,1,400,0.0,80691.99886322021,60778.137311935425,141470.13617515564,-0.004071858237781334,-0.0568657588322955,-0.0071170008476268976,-0.1684117816826447
2022-12-20,201.78399715423586,1,400,0.0,80713.59886169435,60778.137311935425,141491.73617362976,0.00015268238978283222,-0.056721758842467995,0.0002676845136868611,-0.1681891783948367
2022-12-21,204.09700136184694,1,400,0.0,81638.80054473877,60778.137311935425,142416.9378566742,0.006538909678153182,-0.050553747622171685,0.01146277326364542,-0.15865431954853015
2022-12-22,201.94100112915038,1,400,0.0,80776.40045166016,60778.137311935425,141554.53776359558,-0.006055460158443493,-0.056303081576029146,-0.010563605630217743,-0.16754196351550665
2022-12-23,202.67699756622315,0,200,-200.0,40535.39951324463,101313.53682518005,141848.93633842468,0.002079753708219334,-0.054340424410501686,0.003644611212965554,-0.164507977621412
2022-12-27,201.83699278831483,1,400,200.0,80734.79711532593,60946.13826751709,141680.93538284302,-0.0011843652826613038,-0.05546043078104612,-0.004144549149608601,-0.16797071537226593
2022-12-28,199.9299975395203,1,400,0.0,79971.99901580812,60946.13826751709,140918.1372833252,-0.005383914903276388,-0.06054575144449825,-0.00944819491437121,-0.17583189022789358
2022-12-29,202.66300454139713,1,400,0.0,81065.20181655885,60946.13826751709,142011.34008407593,0.00775771537877179,-0.05325773277282675,0.01366981961442093,-0.16456566083535062
2022-12-30,202.27799634933473,1,400,0.0,80911.19853973389,60946.13826751709,141857.33680725098,-0.0010844435151008414,-0.05428442128499311,-0.0018997458018231717,-0.1661527737138776
2023-01-03,201.74800081253053,1,400,0.0,80699.2003250122,60946.13826751709,141645.3385925293,-0.0014944466003173895,-0.05569774271647099,-0.0026201344010194916,-0.16833756551666457
2023-01-04,203.15500402450564,0,200,-200.0,40631.00080490113,101577.13907241821,142208.13987731934,0.0039733131381685105,-0.05194573415120418,0.006974062723340335,-0.16253749953393182
2023-01-05,201.3120011329651,0,200,0.0,40262.40022659302,101577.13907241821,141839.53929901123,-0.002591979464931393,-0.054403071339924836,-0.009071904974185308,-0.17013487975760355
2023-01-06,205.24499378204348,0,200,0.0,41048.9987564087,101577.13907241821,142626.1378288269,0.00554569292669127,-0.04915908114115364,0.019536801715466012,-0.15392196945284653
2023-01-09,205.32599773406986,0,200,0.0,41065.19954681397,101577.13907241821,142642.33861923218,0.00011358921058857163,-0.049051075871785144,0.00039466956310962864,-0.15358804820617378
2023-01-10,206.37599287033083,0,200,0.0,41275.19857406617,101577.13907241821,142852.33764648438,0.0014722068446506587,-0.0476510823567704,0.005113795368577145,-0.14925967068718216
2023-01-11,208.46200132369995,0,200,0.0,41692.40026473999,101577.13907241821,143269.5393371582,0.002920510070379523,-0.044869737752278316,0.01010780577893966,-0.14066055267017707
2023-01-12,209.4529951095581,0,200,0.0,41890.59902191162,101577.13907241821,143467.73809432983,0.0013833977416874976,-0.04354841270446741,0.004753834173928606,-0.13657539543845565
2023-01-13,210.03799686431887,0,200,0.0,42007.59937286378,101577.13907241821,143584.73844528198,0.0008155168019392534,-0.0427684103647864,0.002792997801033037,-0.13416385241655748
2023-01-17,209.74600191116335,0,200,0.0,41949.200382232666,101577.13907241821,143526.33945465088,-0.00040672143337405764,-0.04315773696899372,-0.001390200618529791,-0.13536753836447346
2023-01-18,207.49599590301517,0,200,0.0,41499.199180603035,101577.13907241821,143076.33825302124,-0.0031353213865795704,-0.04615774497985803,-0.010727289138513174,-0.14464270077898211
2023-01-19,206.39600076675418,0,200,0.0,41279.20015335084,101577.13907241821,142856.33922576904,-0.0015376338948732693,-0.04762440516153932,-0.005301283677662583,-0.14917719246791206
2023-01-20,209.1590059280396,0,200,0.0,41831.80118560792,101577.13907241821,143408.94025802612,0.0038682289862108643,-0.04394039827982532,0.013386912299758302,-0.1377873021608459
2023-01-23,210.94400606155398,0,200,0.0,42188.8012123108,101577.13907241821,143765.940284729,0.002489384734735145,-0.04156039810180612,0.008534177744794258,-0.130429025743668
2023-01-24,210.92799863815307,0,200,0.0,42185.599727630615,101577.13907241821,143762.73880004883,-2.2268728419483352e-05,-0.041581741333007294,-7.588470371722167e-05,-0.13049501287941057
2023-01-25,211.02699956893923,0,200,0.0,42205.39991378785,101577.13907241821,143782.53898620605,0.0001377282202781327,-0.04144974009195901,0.00046935888751309385,-0.1300869029859686
2023-01-26,212.69000492095947,0,200,0.0,42538.000984191895,101577.13907241821,144115.1400566101,0.0023132229598197274,-0.03923239962259861,0.007880533559294411,-0.12323152363127976
2023-01-27,213.0639973640442,0,200,0.0,42612.799472808845,101577.13907241821,144189.93854522705,0.0005190189496229181,-0.03873374303181898,0.001758392187840352,-0.12168982079188828
2023-01-30,210.82800073623662,0,200,0.0,42165.60014724732,101577.13907241821,143742.73921966553,-0.0031014599914074292,-0.04171507186889578,-0.01049448360807359,-0.13090723257039194
2023-01-31,213.37200012207035,0,200,0.0,42674.40002441407,101577.13907241821,144251.53909683228,0.0035396561936196225,-0.03832307268778423,0.012066705451599269,-0.12042014613570362
2023-02-01,215.36300659179688,0,200,0.0,43072.601318359375,101577.13907241821,144649.7403907776,0.002760464785599437,-0.03566839739481542,0.009331151550285188,-0.1122126532187182
2023-02-02,217.73800106048586,0,200,0.0,43547.60021209717,101577.13907241821,145124.73928451538,0.0032837867005814925,-0.03250173810323009,0.0110278664208594,-0.102422252948285
2023-02-03,215.55000228881835,0,200,0.0,43110.00045776367,101577.13907241821,144687.13953018188,-0.003015335334905167,-0.03541906979878673,-0.010048768524607232,-0.11144180396124614
2023-02-06,214.16699523925783,0,200,0.0,42833.39904785156,101577.13907241821,144410.53812026978,-0.001911720770831904,-0.03726307919820071,-0.006416177382858046,-0.1171429509620231
2023-02-07,216.30299758911136,0,200,0.0,43260.59951782227,101577.13907241821,144837.73859024048,0.0029582361199631535,-0.034415076065062666,0.009973536526798998,-0.10833774393550089
2023-02-08,214.52700443267827,0,200,0.0,42905.40088653565,101577.13907241821,144482.53995895386,-0.002452390065903365,-0.03678306694030675,-0.008210672881227343,-0.11565889104058369
2023-02-09,212.87200155258182,0,200,0.0,42574.400310516365,101577.13907241821,144151.53938293457,-0.002290938241487961,-0.03898973744710199,-0.007714659907143817,-0.12248128193811203
2023-02-10,213.1199977874756,0,200,0.0,42623.99955749512,101577.13907241821,144201.13862991333,0.00034407712322104267,-0.038659075800576925,0.0011650016586728373,-0.12145897117605342
2023-02-13,215.04499921798705,0,200,0.0,43008.99984359741,101577.13907241821,144586.13891601562,0.0026698838147900528,-0.036092407226561596,0.009032476775976184,-0.11352356973645894
2023-02-14,214.80899963378909,0,200,0.0,42961.79992675782,101577.13907241821,144538.93899917603,-0.00032644842163620513,-0.036407073338825646,-0.00109744279130497,-0.11449642690451345
2023-02-15,215.42000179290773,0,200,0.0,43084.00035858154,101577.13907241821,144661.13943099976,0.0008454499020809081,-0.03559240379333406,0.0028443973956411295,-0.11197770284736974
2023-02-16,213.09399957656862,0,200,0.0,42618.79991531372,101577.13907241821,144195.93898773193,-0.0032157941317040306,-0.038693740081786276,-0.01079752203593043,-0.12156614316927283
2023-02-17,212.76300649642943,0,200,0.0,42552.60129928589,101577.13907241821,144129.7403717041,-0.000459087936127367,-0.039135064188638435,-0.0015532726439829725,-0.12293059044863641
2023-02-21,209.19199972152714,1,400,200.0,83676.79988861085,59738.73912811279,143415.53901672363,-0.004955267061042212,-0.043896406555174905,-0.016783964626680636,-0.13765129239369012
2023-02-22,208.9230028152466,1,400,0.0,83569.20112609865,59738.73912811279,143307.94025421143,-0.0007502587463668053,-0.044613731638589615,-0.0012858852472303894,-0.13876017387476924
2023-02-23,209.88599748611452,1,400,0.0,83954.3989944458,59738.73912811279,143693.1381225586,0.0026879031801299025,-0.04204574584960852,0.004609328115581013,-0.13479043692995207
2023-02-24,207.8779953956604,1,400,0.0,83151.19815826416,59738.73912811279,142889.93728637695,-0.005589695142551476,-0.04740041809081952,-0.00956710840410857,-0.14306799061211461
2023-02-27,208.53099880218508,1,400,0.0,83412.39952087404,59738.73912811279,143151.13864898682,0.001827989903070426,-0.045659075673420424,0.003141282006697166,-0.14037612551006162
2023-02-28,207.95400056838992,1,400,0.0,83181.60022735597,59738.73912811279,142920.33935546875,-0.001612277035979437,-0.047197737630207515,-0.002766966240556501,-0.1427546757503516
2023-03-01,207.10899543762207,1,400,0.0,82843.59817504883,59738.73912811279,142582.33730316162,-0.0023649681622043284,-0.04945108464558834,-0.00406342329774001,-0.14623802637278627
2023-03-02,208.2720060348511,1,400,0.0,83308.80241394044,59738.73912811279,143047.54154205322,0.0032627059402348113,-0.0463497230529778,0.005615451877266864,-0.1414437670952423
2023-03-03,210.98199424743655,0,200,-200.0,42196.39884948731,101935.1379776001,144131.5368270874,0.007577867283482753,-0.039123087819416646,0.013011773709674435,-0.13027242767565506
2023-03-06,211.17600231170655,0,200,0.0,42235.20046234131,101935.1379776001,144170.3384399414,0.00026920973513622215,-0.038864410400390015,0.0009195479688304253,-0.12947267145308838
2023-03-07,208.5970016479492,0,200,0.0,41719.400329589844,101935.1379776001,143654.53830718994,-0.0035777132684358115,-0.04230307795206645,-0.01221256504302326,-0.14010404307469682
2023-03-08,208.874995803833,0,200,0.0,41774.9991607666,101935.1379776001,143710.1371383667,0.0003870314981477829,-0.04193241907755474,0.0013326852911959008,-0.1389580723809436
2023-03-09,206.0520028114319,0,200,0.0,41210.40056228638,101935.1379776001,143145.53853988647,-0.0039287318885279365,-0.045696409734089616,-0.013515227045425515,-0.15059524952834602
2023-03-10,204.35400085449223,1,400,200.0,81741.60034179689,61064.33780670166,142805.93814849854,-0.0023724133832736527,-0.047960412343342584,-0.008240647670353374,-0.15759489480650735
2023-03-13,204.77000160217284,1,400,0.0,81908.00064086914,61064.33780670166,142972.3384475708,0.001165219746669388,-0.046851077016194065,0.0020356868274715723,-0.15588002183047012
2023-03-14,207.14799346923832,0,200,-200.0,41429.59869384766,102493.93650054932,143923.53519439697,0.006653012443907036,-0.04050976537068618,0.011612989444056643,-0.14607726543447008
2023-03-15,206.70800189971925,0,200,0.0,41341.60037994385,102493.93650054932,143835.53688049316,-0.0006114240717124408,-0.04109642079671161,-0.0021240445642279893,-0.1478910353770947
2023-03-16,209.15800714492798,0,200,0.0,41831.601428985596,102493.93650054932,144325.5379295349,0.0034066758442934386,-0.03782974713643328,0.011852493482072957,-0.13779141942788575
2023-03-17,207.86300678253176,0,200,0.0,41572.60135650635,102493.93650054932,144066.53785705566,-0.0017945547004002416,-0.03955641428629486,-0.006191493120791258,-0.14312977792318515
2023-03-20,209.3490036010742,0,200,0.0,41869.800720214844,102493.93650054932,144363.73722076416,0.0020629312547468803,-0.037575085194904934,0.007148923906874494,-0.13700407790749136
2023-03-21,211.06800327301025,0,200,0.0,42213.60065460205,102493.93650054932,144707.53715515137,0.0023814840278169047,-0.03528308563232352,0.008211167201023217,-0.12991787409738853
2023-03-22,208.75699520111084,0,200,0.0,41751.39904022217,102493.93650054932,144245.33554077148,-0.0031940396710941066,-0.03836442972818932,-0.010949116095584577,-0.13944450430658928
2023-03-23,208.8920000076294,0,200,0.0,41778.40000152588,102493.93650054932,144272.3365020752,0.00018718776037007778,-0.038184423319497895,0.0006467079409171461,-0.13888797623392446
2023-03-24,209.89200382232667,0,200,0.0,41978.40076446533,102493.93650054932,144472.33726501465,0.0013862724330147014,-0.03685108489990163,0.004787181005786456,-0.13476567710989718
2023-03-27,209.68400726318362,0,200,0.0,41936.801452636726,102493.93650054932,144430.73795318604,-0.00028793963340056905,-0.03712841364542574,-0.0009909694288264825,-0.1356230978726527
2023-03-28,209.35399847030638,0,200,0.0,41870.79969406128,102493.93650054932,144364.7361946106,-0.00045697861487647984,-0.03756842536926197,-0.001573838640268943,-0.13698348764097668
2023-03-29,211.6229982376099,0,200,0.0,42324.59964752198,102493.93650054932,144818.5361480713,0.0031434266111147746,-0.034543092346190574,0.010838100938517892,-0.1276300275684219
2023-03-30,212.563006401062,0,200,0.0,42512.6012802124,102493.93650054932,145006.53778076172,0.0012981876332336384,-0.03328974812825436,0.0044418998468052084,-0.12375504752152056
2023-03-31,215.08299522399906,0,200,0.0,43016.59904479981,102493.93650054932,145510.53554534912,0.0034756899399213115,-0.02992976303100492,0.011855255839684276,-0.11336693943165621
2023-04-03,215.7100046157837,0,200,0.0,43142.00092315674,102493.93650054932,145635.93742370605,0.0008618061770369057,-0.029093750508625393,0.0029151974154517646,-0.11078222902503332
2023-04-04,215.14199628829957,0,200,0.0,43028.39925765991,102493.93650054932,145522.33575820923,-0.0007800386876098964,-0.02985109494527094,-0.0026332034459684017,-0.11312372032378093
2023-04-05,214.8669973373413,0,200,0.0,42973.39946746826,102493.93650054932,145467.33596801758,-0.0003779474120250148,-0.030217760213215317,-0.0012782206900681103,-0.11425734393399367
2023-04-06,215.4700035095215,0,200,0.0,43094.0007019043,102493.93650054932,145587.9372024536,0.0008290605834875286,-0.029413751983641823,0.002806415967331999,-0.11177158160106293
2023-04-10,215.413005065918,0,200,0.0,43082.601013183594,102493.93650054932,145576.5375137329,-7.830105254424957e-05,-0.02948974990844644,-0.0002645307591550017,-0.1120065453388851
2023-04-11,215.46400070190433,0,200,0.0,43092.80014038087,102493.93650054932,145586.73664093018,7.00602402794459e-05,-0.02942175572713135,0.00023673424903347673,-0.11179632687524921
