index,close,BB_signal,Position,Entry/Exit Position,Portfolio Holdings,Portfolio Cash,Portfolio Total,Portfolio Daily Returns,Portfolio Cumulative Returns,Base Daily Returns,Base Cumulative Returns,Market Daily Returns,Market Cumulative Returns
2021-10-18,127.7779972076416,0,350,350.0,44722.29902267456,105277.70097732544,150000.0,,,,,,
2021-10-19,129.35349540710448,0,350,0.0,45273.723392486565,105277.70097732544,150551.424369812,0.0036761624654133573,0.0036761624654133573,0.01232996473487269,0.01232996473487269,0.007393339551406308,0.007393339551406308
2021-10-20,129.5625045776367,0,350,0.0,45346.876602172844,105277.70097732544,150624.5775794983,0.00048590181057717174,0.0041638505299883555,0.001615798397054835,0.013965685869181899,0.0036640298040166996,0.01108445877189057
2021-10-21,129.46550521850585,0,350,0.0,45312.92682647705,105277.70097732544,150590.6278038025,-0.00022539333381954574,0.003937518692016306,-0.0007486684473031469,0.013206561753523527,0.002995871849622578,0.01411353823951611
2021-10-22,129.06300201416013,0,350,0.0,45172.05070495605,105277.70097732544,150449.7516822815,-0.0009354906316251244,0.002998344548542864,-0.0031089609828223175,0.010056542085492337,-0.0010725536274130976,0.0130258470854685
2021-10-25,129.79149513244627,0,350,0.0,45427.023296356194,105277.70097732544,150704.72427368164,0.0016947358739320961,0.004698161824543856,0.005644476782015406,0.015757782785816632,0.004748196569493546,0.01783589293740806
2021-10-26,129.86650352478026,0,350,0.0,45453.27623367309,105277.70097732544,150730.97721099854,0.00017420115688748794,0.0048731814066564905,0.0005779145409907649,0.016344803978613154,0.0018197952535197182,0.019688145864237505
2021-10-27,129.2720037460327,0,350,0.0,45245.20131111145,105277.70097732544,150522.9022884369,-0.0013804390206425543,0.0034860152562454783,-0.0045777761209541135,0.011692205004304013,-0.005051568068462853,0.014537121786799556
2021-10-28,130.71524791717528,0,350,0.0,45750.336771011345,105277.70097732544,151028.0377483368,0.003355871114761877,0.00685358498891131,0.011164398549727395,0.022987139990624517,0.009829281576461124,0.024509292826614404
2021-10-29,131.34399890899655,0,350,0.0,45970.3996181488,105277.70097732544,151248.10059547424,0.0014570992937361638,0.008320670636494443,0.004810081469758476,0.027907791476494692,0.001949334719149265,0.026506404361212432
2021-11-01,131.14649600982665,0,350,0.0,45901.273603439324,105277.70097732544,151178.97458076477,-0.0004570372417063151,0.0078598305384312,-0.0015037070654956297,0.02636211926777343,0.0018000771431341267,0.02835419507698389
2021-11-02,132.3245044708252,0,350,0.0,46313.57656478882,105277.70097732544,151591.27754211426,0.0027272506808095898,0.010608516947427704,0.008982386086093141,0.035581300087177414,0.0036803630854131963,0.03213891189527507
2021-11-03,132.88000202178955,0,350,0.0,46508.00070762634,105277.70097732544,151785.70168495178,0.0012825549463655328,0.011904677899677862,0.004197994567868069,0.039928664759529164,0.006461279195357994,0.038807849573423425
2021-11-04,134.46400051116942,0,350,0.0,47062.400178909294,105277.70097732544,152340.10115623474,0.003652514466966572,0.015600674374897538,0.01192051825164886,0.05232515338820787,0.004181942361150437,0.043152084124650214
2021-11-05,135.07400093078613,0,350,0.0,47275.90032577515,105277.70097732544,152553.6013031006,0.0014014704286358093,0.017024008687336556,0.00453653332711923,0.05709906151751931,0.003732799652949259,0.04704596186224408
2021-11-08,136.26599674224855,0,350,0.0,47693.098859786995,105277.70097732544,152970.79983711243,0.002734766865207794,0.01980533224741543,0.008824761266035264,0.06642770836996137,0.0008877879113036169,0.047975516609764624
2021-11-09,136.0144952774048,0,350,0.0,47605.073347091675,105277.70097732544,152882.7743244171,-0.0005754399714784642,0.01921849549611343,-0.0018456656161953688,0.06445943941646481,-0.003498775895770745,0.04430888513289255
2021-11-10,133.98649864196778,0,350,0.0,46895.27452468873,105277.70097732544,152172.97550201416,-0.004642765187507392,0.014486503346760493,-0.014910150799007593,0.048588188655338316,-0.008225823395229703,0.035718584673720244
2021-11-11,134.35550212860105,0,350,0.0,47024.42574501037,105277.70097732544,152302.12672233582,0.0008487132481675985,0.015347511482238119,0.002754034849580478,0.051476037069753566,0.0005509400447352153,0.036289203517093416
2021-11-12,135.67049865722657,0,350,0.0,47484.674530029304,105277.70097732544,152762.37550735474,0.0030219458843014912,0.018415836715697687,0.009787440840099304,0.06176729657735591,0.007222656026415475,0.0437739639779855
2021-11-15,135.48649978637695,0,350,0.0,47420.27492523193,105277.70097732544,152697.97590255737,-0.00042156718618358013,0.017986506017048542,-0.0013562187260363068,0.06032730788704477,-1.0739820344718431e-05,0.04376275403313179
2021-11-16,136.10449600219724,0,350,0.0,47636.573600769036,105277.70097732544,152914.27457809448,0.001416513049754764,0.019428497187296,0.0045613121365943865,0.06516379170527231,0.003865229864862485,0.04779713700185173
2021-11-17,135.9204999923706,0,350,0.0,47572.174997329705,105277.70097732544,152849.87597465515,-0.00042114186930564124,0.018999173164367056,-0.001351873121249958,0.06372382540553723,-0.002601625374463401,0.04507116138293754
2021-11-18,136.81900463104247,0,350,0.0,47886.65162086487,105277.70097732544,153164.3525981903,0.0020574215159148146,0.02109568398793482,0.006610515990761678,0.07075558876313481,0.0033847802152713324,0.048608497573537246
2021-11-19,137.731498336792,0,350,0.0,48206.0244178772,105277.70097732544,153483.72539520264,0.0020851640188770393,0.023224835968017166,0.006669349102562228,0.07789683158811567,-0.001398665559303236,0.047141844982788506
2021-11-22,136.0939960479736,0,350,0.0,47632.898616790764,105277.70097732544,152910.5995941162,-0.003734114477679573,0.019403997294107578,-0.011889090793263835,0.0650816182915932,-0.0031971365563219223,0.0437939895105397
2021-11-23,136.11149654388427,0,350,0.0,47639.0237903595,105277.70097732544,152916.72476768494,4.0057220264566595e-05,0.019444831784565686,0.0001285912414865642,0.06521857845917389,0.001657132912945114,0.04552369488489183
2021-11-24,136.92200393676757,0,350,0.0,47922.701377868645,105277.70097732544,153200.4023551941,0.0018551115840346188,0.021336015701293398,0.005954731330295671,0.07156166890193782,0.0022938506357221833,0.04792197007706611
2021-11-26,133.4425037384033,0,350,0.0,46704.876308441155,105277.70097732544,151982.5772857666,-0.007949228923067486,0.01321718190511012,-0.02541227924162681,0.04433084454717817,-0.022724822637582465,0.024108129169038817
2021-11-29,136.77749938964843,0,350,0.0,47872.124786376946,105277.70097732544,153149.8257637024,0.0076801466245770555,0.020998838424682198,0.024992004479944097,0.07043076569264506,0.013200199537034996,0.03762656082156979
2021-11-30,135.55500068664549,0,350,0.0,47444.25024032592,105277.70097732544,152721.95121765137,-0.0027938297932588174,0.018146341451008574,-0.008937864111116078,0.06086340096852627,-0.01896131033450521,0.01795180159050669
2021-12-01,133.71550273895264,0,350,0.0,46800.42595863342,105277.70097732544,152078.12693595886,-0.004215663017393956,0.013854179573058678,-0.013570122373759652,0.04646735479554054,-0.011815187417889228,0.005924510272336869
2021-12-02,134.8630016326904,0,350,0.0,47202.05057144164,105277.70097732544,152479.7515487671,0.002640909780387668,0.016531676991780042,0.008581644388519383,0.05544776549859032,0.01419443613158311,0.020203041486591466
2021-12-03,132.39350357055665,1,700,350.0,92675.45249938965,58939.974727630615,151615.42722702026,-0.005668453109135552,0.01076951484680122,-0.01831116045347736,0.0361212921142815,-0.008448563730297565,0.01158379107274854
2021-12-06,133.0109977722168,0,350,-350.0,46553.84922027588,105493.8239479065,152047.67316818237,0.0028509364057978104,0.013651154454548564,0.004664082337930253,0.04095384713278527,0.011730872577451423,0.023450551627238303
2021-12-07,137.36050300598143,0,350,0.0,48076.1760520935,105493.8239479065,153570.0,0.010012167895090185,0.0237999999999996,0.03270034287851309,0.07499339485473455,0.020707080374404274,0.04464322445901181
2021-12-08,138.00399856567384,0,350,0.0,48301.39949798585,105493.8239479065,153795.22344589233,0.0014665849182284862,0.025301489639282027,0.00468472046629298,0.08002943841274024,0.0030852853123166657,0.047866246856046235
2021-12-09,136.16800117492676,0,350,0.0,47658.800411224365,105493.8239479065,153152.62435913086,-0.004178277272619879,0.02101749572753886,-0.01330394343518504,0.06566078785576246,-0.007181080169894716,0.040341435330046194
2021-12-10,138.6240036010742,0,350,0.0,48518.40126037597,105493.8239479065,154012.22520828247,0.005612707276474227,0.026748168055216404,0.018036560755506414,0.08488164340068383,0.009549073338481762,0.050275731993074224
2021-12-13,136.52649898529052,0,350,0.0,47784.27464485168,105493.8239479065,153278.09859275818,-0.004766677544795428,0.021853990618387664,-0.015130890475647973,0.06846641807534715,-0.009136167611567658,0.04068023686722366
2021-12-14,134.70249805450436,0,350,0.0,47145.87431907652,105493.8239479065,152639.69826698303,-0.004164980722205502,0.01759798844655336,-0.013360050571447513,0.05419165269596715,-0.0074706775774360246,0.032905650356378935
2021-12-15,138.007501411438,0,350,0.0,48302.6254940033,105493.8239479065,153796.4494419098,0.0075783114619598635,0.02530966294606518,0.024535575840593182,0.08005685194120926,0.016348464630746795,0.049792071848128616
2021-12-16,134.4254964828491,0,350,0.0,47048.923768997185,105493.8239479065,152542.7477169037,-0.008151694850924596,0.016951651446024618,-0.025955146582285926,0.05202381803187284,-0.008743415379980468,0.04061330370135008
2021-12-17,133.31350326538086,0,350,0.0,46659.7261428833,105493.8239479065,152153.5500907898,-0.002551400390637948,0.014357000605265346,-0.008272189774728544,0.04332127736157876,-0.010287680637092622,0.02990780636616064
2021-12-20,131.65950508117675,0,350,0.0,46080.82677841186,105493.8239479065,151574.65072631836,-0.0038047049452740733,0.01049767150878922,-0.012406831593882672,0.030376965975039028,-0.01138805785140995,0.018179156685644182
2021-12-21,134.96699562072752,0,350,0.0,47238.44846725463,105493.8239479065,152732.27241516113,0.007637304016836932,0.018215149434407607,0.02512154771895503,0.05626163009429308,0.017777934551572505,0.036280279094976775
2021-12-22,136.67049713134764,0,350,0.0,47834.67399597167,105493.8239479065,153328.49794387817,0.003903729835802894,0.022189986292521224,0.012621615401495312,0.06959335815269974,0.010180197220578835,0.04682981671196007
2021-12-23,137.68125133514403,0,350,0.0,48188.43796730041,105493.8239479065,153682.2619152069,0.0023072290935650663,0.0245484127680462,0.0073955551857325386,0.0775035948592111,0.006223699921661829,0.05334497136022365
2021-12-27,140.34599571228028,0,350,0.0,49121.0984992981,105493.8239479065,154614.9224472046,0.006068758491544424,0.030766149648030705,0.019354446239377543,0.09835808025864967,0.01383893524747526,0.06792214421213139
2021-12-28,139.25439739227295,0,350,0.0,48739.03908729553,105493.8239479065,154232.86303520203,-0.0024710384092002657,0.028219086901347,-0.007777908549989498,0.08981515155525588,-0.0010101548486260992,0.06684337748020042
2021-12-29,139.21150360107418,0,350,0.0,48724.02626037596,105493.8239479065,154217.85020828247,-9.733870346506635e-05,0.028119001388549947,-0.0003080246800245545,0.08947946159191211,0.0014018951394270118,0.06833898002561978
2021-12-30,138.40900115966795,0,350,0.0,48443.15040588378,105493.8239479065,153936.97435379028,-0.0018212927628860065,0.02624649569193549,-0.0057646273522473646,0.08319901848790767,-0.0029897555945093135,0.06514490758325575
2021-12-31,137.62699661254882,0,350,0.0,48169.44881439209,105493.8239479065,153663.27276229858,-0.0017780107257575617,0.024421818415324203,-0.005649954414576053,0.07707899341153746,-0.0026261799136575448,0.062347645421825915
2022-01-03,138.79000339508056,0,350,0.0,48576.5011882782,105493.8239479065,154070.3251361847,0.002648989355548803,0.027135500907898402,0.008450426232913255,0.08618076999238222,0.006374052530970564,0.0691191051198976
2022-01-04,137.59250240325926,0,350,0.0,48157.37584114074,105493.8239479065,153651.19978904724,-0.0027203508966894274,0.02434133192698207,-0.008628150173125126,0.07680903919372728,-0.000629621957060511,0.06844596425660132
2022-01-05,133.48950519561765,0,350,0.0,46721.32681846618,105493.8239479065,152215.15076637268,-0.009346162116834478,0.01476767177581828,-0.029819918498294684,0.04469868140674338,-0.019392757790687165,0.04772585045933586
2022-01-06,132.810000705719,0,350,0.0,46483.500247001655,105493.8239479065,151977.32419490814,-0.0015624369208132594,0.013182161299388095,-0.00509032143690169,0.0393808293136757,-0.0009637690162076495,0.04671608474718325
2022-01-07,131.56324462890623,0,350,0.0,46047.13562011718,105493.8239479065,151540.95956802368,-0.0028712482549358986,0.010273063786825132,-0.009387516528784112,0.029623624598792198,-0.004050216740091761,0.04247665773861686
2022-01-10,131.48950490951538,0,350,0.0,46021.32671833038,105493.8239479065,151515.15066623688,-0.0001703097423981781,0.010101004441579686,-0.0005604887565584526,0.029046532133717662,-0.0014410312534549607,0.04097441629381815
2022-01-11,133.1289978981018,0,350,0.0,46595.14926433563,105493.8239479065,152088.97321224213,0.0037872288248539387,0.013926488081614785,0.012468622417542985,0.0418773247929749,0.009159984668711818,0.05050972598759085
2022-01-12,133.88500385284422,0,350,0.0,46859.751348495476,105493.8239479065,152353.57529640198,0.0017397848020881401,0.01569050197601385,0.005678747430526654,0.04779388297406695,0.002817754443029452,0.05346980443543803
2022-01-13,130.5674964904785,0,350,0.0,45698.62377166747,105493.8239479065,151192.44771957397,-0.007621268976255036,0.00794965146382709,-0.024778782290002077,0.021830826463056674,-0.0142436152864307,0.03846458582518819
2022-01-14,131.57899618148804,0,350,0.0,46052.64866352081,105493.8239479065,151546.4726114273,0.0023415514279521155,0.010309817409515976,0.007746948652594288,0.02974689740730385,0.0008199802697488323,0.03931610629639781
2022-01-18,128.50399932861328,0,350,0.0,44976.39976501465,105493.8239479065,150470.22371292114,-0.0071017746567135775,0.0031348247528082407,-0.023369967412073867,0.005681745972210939,-0.018387945694007368,0.020205218174912387
2022-01-19,126.88750324249268,1,700,350.0,88821.25226974487,61083.19781303406,149904.45008277893,-0.00376003714343931,-0.0006369994481397745,-0.012579344569555784,-0.006969071237685975,-0.009689541868338813,0.010319896999108735
2022-01-20,125.59550495147704,1,700,0.0,87916.85346603392,61083.19781303406,149000.051279068,-0.0060331684830671195,-0.0066663248062126534,-0.010182234325680772,-0.01708034484699228,-0.01103737849414832,-0.0008313861042393844
2022-01-21,122.8995012283325,1,700,0.0,86029.65085983275,61083.19781303406,147112.84867286682,-0.012665784944372649,-0.019247675514220464,-0.021465766025512867,-0.03817946818638451,-0.018914821867908604,-0.019730482452082865
2022-01-24,123.45255336761474,0,350,-350.0,43208.39367866516,104291.59149169922,147499.98517036438,0.002631561423696027,-0.016666765530903516,0.004500035669426694,-0.03385124148563634,0.002771738943381896,-0.017013431255285094
2022-01-25,120.87699508666992,0,350,0.0,42306.94828033447,104291.59149169922,146598.5397720337,-0.00611149484041984,-0.02267640151977479,-0.020862738037303874,-0.0540077499395879,-0.012171906253646725,-0.02897825161863965
2022-01-26,121.51849489212034,0,350,0.0,42531.47321224212,104291.59149169922,146823.06470394135,0.0015315632219583541,-0.0211795686403905,0.005307046266251669,-0.048987325301001805,-0.0014966358477518371,-0.030431517576213873
2022-01-27,120.62450332641602,0,350,0.0,42218.576164245605,104291.59149169922,146510.16765594482,-0.002131116447047665,-0.023265548960367255,-0.007356835405984752,-0.05598376901776769,-0.00538408875771057,-0.03565176034226225
2022-01-28,125.51874999999998,0,350,0.0,43931.56249999999,104291.59149169922,148223.15399169922,0.011691928029029741,-0.011845640055337947,0.040574232752195405,-0.017681034740044344,0.024347646888076113,-0.012172149925937847
2022-01-31,128.42050085067746,0,350,0.0,44947.17529773711,104291.59149169922,149238.76678943634,0.0068519173313097426,-0.0050748880704237775,0.02311806682808326,0.005028280745329017,0.018885951732779516,0.006483919170856334
2022-02-01,128.7334997177124,0,350,0.0,45056.72490119933,104291.59149169922,149348.31639289856,0.000734055941488565,-0.00434455738067574,0.002437296731920391,0.007477832889477121,0.00686300355780145,0.013391421888995891
2022-02-02,129.57100429534913,0,350,0.0,45349.85150337219,104291.59149169922,149641.4429950714,0.0019627044298358154,-0.0023903800328566316,0.0065057236808852,0.014032205284873145,0.00942251544733641,0.022940118215943217
2022-02-03,126.08500471115111,0,350,0.0,44129.75164890289,104291.59149169922,148421.3431406021,-0.008153488967020173,-0.010524379062651912,-0.026904164270054487,-0.01324948374123669,-0.024391082077444004,-0.0020104981677721012
2022-02-04,127.02000427246092,0,350,0.0,44457.00149536132,104291.59149169922,148748.59298706055,0.002204870536365089,-0.008342713419595582,0.007415628555130782,-0.005932108436078165,0.0051569298644233985,0.0031360636986075274
2022-02-07,126.66649513244629,0,350,0.0,44333.2732963562,104291.59149169922,148624.86478805542,-0.0008317940796649381,-0.009167568079629707,-0.0027830981587463333,-0.008698696954758556,-0.0037017126347429485,-0.0005772577427519687
2022-02-08,128.11249990463256,0,350,0.0,44839.37496662139,104291.59149169922,149130.96645832062,0.0034052288019701393,-0.005793556944528322,0.01141584260837325,0.0026178426982812475,0.008401207191663262,0.007819099787011341
2022-02-09,130.75199851989746,0,350,0.0,45763.19948196411,104291.59149169922,150054.79097366333,0.0061947195628273555,0.0003652731577563628,0.020602974863731083,0.02327475290932224,0.014517207887505545,0.022449819171618035
2022-02-10,127.53050270080568,0,350,0.0,44635.67594528199,104291.59149169922,148927.2674369812,-0.007514078886558306,-0.007151550420124497,-0.024638214754335364,-0.0019369102055470933,-0.01811572566845976,0.003927398737738619
2022-02-11,123.98349952697754,0,350,0.0,43394.22483444214,104291.59149169922,147685.81632614136,-0.008335955746755164,-0.01542789115905685,-0.027812978845928593,-0.029696017808902297,-0.01896945434456343,-0.015116556217873223
2022-02-14,123.9174974441528,0,350,0.0,43371.12410545348,104291.59149169922,147662.7155971527,-0.00015641806074073727,-0.01558189601898119,-0.0005323456998435061,-0.03021255496136277,-0.0038405967262932217,-0.01889909634784326
2022-02-15,127.00150260925292,0,350,0.0,44450.525913238525,104291.59149169922,148742.11740493774,0.007309914377640281,-0.008385883967080954,0.02488756817002402,-0.006076903812530232,0.01576672117072042,-0.003430351959617828
2022-02-16,126.89749994277956,0,350,0.0,44414.12497997285,104291.59149169922,148705.71647167206,-0.00024472512493944887,-0.008628556855518776,-0.0008189089446709596,-0.0068908363263131545,0.0008812077558950637,-0.0025521670564749854
2022-02-17,123.2015001296997,0,350,0.0,43120.52504539489,104291.59149169922,147412.11653709412,-0.008699059896761674,-0.017252556419371734,-0.02912586784409832,-0.03581600258223594,-0.021173138152195015,-0.02367126782299578
2022-02-18,121.97250156402588,0,350,0.0,42690.37554740906,104291.59149169922,146981.96703910828,-0.00291800638977735,-0.020120219739277356,-0.009975516242740512,-0.04543423570946736,-0.0071661613961429005,-0.030667797093467786
2022-02-22,120.8354991912842,0,350,0.0,42292.42471694947,104291.59149169922,146584.01620864868,-0.002707480641851223,-0.022773225275674713,-0.009321792684106267,-0.054332499867529194,-0.010142945264832837,-0.04049968057098863
2022-02-23,118.1639998435974,1,700,350.0,82714.79989051817,62934.191546440125,145648.9914369583,-0.006378763496010742,-0.029006723753610575,-0.022108563837335504,-0.07523985016310142,-0.018412122845487655,-0.05816611832260021
2022-02-24,121.86999912261965,0,350,-350.0,42654.49969291688,105588.691239357,148243.19093227386,0.017811311082359227,-0.011712060451506967,0.031363184082525475,-0.046236427351582954,0.014956856067329216,-0.044079244515017324
2022-02-25,123.3362543106079,0,350,0.0,43167.68900871276,105588.691239357,148756.38024806976,0.0034618069981395827,-0.008290798346201056,0.01203130547751119,-0.03476140645572745,0.022372677655603468,-0.022692737588250855
2022-02-28,123.57150535583494,0,350,0.0,43250.02687454223,105588.691239357,148838.71811389923,0.0005535081298171374,-0.007741879240671268,0.001907395733249606,-0.03292031448083321,-0.002442603440647617,-0.025079911669987687
2022-03-01,121.8615036010742,0,350,0.0,42651.52626037597,105588.691239357,148240.21749973297,-0.004021135237863738,-0.011731883335113102,-0.0138381558906856,-0.046302913927762646,-0.015473503680411893,-0.04016534124486959
2022-03-02,124.14804582595823,0,350,0.0,43451.81603908538,105588.691239357,149040.50727844238,0.005398600947889465,-0.006396618143717059,0.018763449960122358,-0.028408266376131697,0.018642691757321028,-0.022271439563704254
2022-03-03,122.5804988861084,0,350,0.0,42903.17461013794,105588.691239357,148491.86584949493,-0.0036811564786374262,-0.010054227670033389,-0.012626432654826991,-0.040676003968720065,-0.005254666430088317,-0.027409077007967464
2022-03-04,120.67349996566772,0,350,0.0,42235.7249879837,105588.691239357,147824.4162273407,-0.004494856457866403,-0.014503891817728265,-0.015557115020493728,-0.05560031771689833,-0.007934042550334475,-0.03512565477505536
2022-03-07,117.0510027885437,1,700,350.0,81935.70195198059,64620.8402633667,146556.5422153473,-0.008576891722971713,-0.022956385231017618,-0.03001899487588111,-0.08395024694013853,-0.029518158313449172,-0.06360696844999092
2022-03-08,116.7670051574707,0,350,-350.0,40868.451805114746,105489.29206848145,146357.7438735962,-0.0013564617365152687,-0.02428170750935832,-0.002426272516315331,-0.08617283327956515,-0.00723375351819977,-0.07038060483638353
2022-03-09,120.44350004196168,0,350,0.0,42155.22501468659,105489.29206848145,147644.51708316803,0.008791972160237638,-0.01570321944554598,0.03148573417236222,-0.05740031402872259,0.02569824789143582,-0.04649101517478227
2022-03-10,118.60499982833862,0,350,0.0,41511.74993991852,105489.29206848145,147001.04200839996,-0.004358272745107028,-0.01999305327733303,-0.015264420354627162,-0.07178855186152777,-0.004291813651667864,-0.05058329805284312
2022-03-11,116.61499834060668,0,350,0.0,40815.249419212334,105489.29206848145,146304.5414876938,-0.004738065194574426,-0.024636390082040882,-0.016778394592235957,-0.08736244980342578,-0.012961545123475138,-0.0628892054761121
2022-03-14,114.30499925613402,1,700,350.0,80013.49947929382,65482.542328834534,145496.04180812836,-0.005526142055087391,-0.030026387945810362,-0.019808764887391694,-0.10544067246267486,-0.007421002465963666,-0.069843506993155
2022-03-15,117.5944993972778,0,350,-350.0,41158.07478904723,106640.61711788176,147798.691906929,0.015826204412056954,-0.014675387287139574,0.028778270089243163,-0.07969680252395395,0.021408574170870942,-0.04993018272210081
2022-03-16,121.09649963378904,0,350,0.0,42383.774871826165,106640.61711788176,149024.39198970792,0.008293037421134741,-0.006504053401946708,0.02978030651484964,-0.052289891216521056,0.02238376135718223,-0.028664046659490627
2022-03-17,122.07800455093384,0,350,0.0,42727.30159282684,106640.61711788176,149367.91871070862,0.0023051710959132166,-0.004213875261941946,0.008105146887919856,-0.04460856157766446,0.01234781757145198,-0.016670167507049638
2022-03-18,124.4750051498413,0,350,0.0,43566.25180244445,106640.61711788176,150206.8689203262,0.0056166693414430036,0.0013791261355087236,0.019634991640999244,-0.025849458670359704,0.011662294827948783,-0.005202285087399394
2022-03-21,123.97450380325316,0,350,0.0,43391.0763311386,106640.61711788176,150031.69344902036,-0.0011662280997200014,0.0002112896601365044,-0.004020898380246218,-0.029766419004108036,-0.00043466036210393355,-0.005634684222383446
2022-03-22,125.65500488281248,0,350,0.0,43979.25170898437,106640.61711788176,150619.86882686612,0.003920340858150961,0.004132458845774956,0.013555215209622995,-0.016614694010105513,0.0113041136006502,0.005605734267713158
2022-03-23,124.18150215148924,0,350,0.0,43463.52575302123,106640.61711788176,150104.142870903,-0.003424023403950427,0.0006942858060208223,-0.011726574144002022,-0.02814643471291811,-0.012272698789159042,-0.006735762009605573
2022-03-24,127.33699808120726,0,350,0.0,44567.94932842254,106640.61711788176,151208.5664463043,0.007357715478587101,0.008057109642029436,0.025410353998364554,-0.0034512915844007175,0.01434391292056647,0.007511533727241559
2022-03-25,127.15350065231324,0,350,0.0,44503.72522830963,106640.61711788176,151144.3423461914,-0.00042473850273350156,0.007628948974610195,-0.0014410378103698607,-0.0048873559531028565,0.005066170567449069,0.01261575900577605
2022-03-28,128.64050464630125,0,350,0.0,45024.17662620544,106640.61711788176,151664.7937440872,0.003443406414139538,0.011098624960582004,0.011694558044878844,0.006750046623896333,0.007144955276586762,0.01985085331623937
2022-03-29,130.97749996185303,0,350,0.0,45842.12498664856,106640.61711788176,152482.74210453033,0.005393132712284698,0.016551614030202888,0.018166869929322704,0.02503954377225215,0.012256547427530462,0.032350703668917236
2022-03-30,129.45050563812256,0,350,0.0,45307.676973342896,106640.61711788176,151948.29409122467,-0.003504973782143095,0.012988627274831854,-0.011658447627838298,0.013089173934720089,-0.0062937001746978805,0.025853397864886718
2022-03-31,127.45249519348144,0,350,0.0,44608.373317718506,106640.61711788176,151248.99043560028,-0.00460224749350957,0.008326602904002556,-0.015434551103466032,-0.002547402692743561,-0.015652540713177343,0.009796185789055167
2022-04-01,127.32200450897216,0,350,0.0,44562.70157814025,106640.61711788176,151203.318696022,-0.00030196393011772127,0.00802212464014751,-0.0010238378174644014,-0.003568632382994874,0.0034102225843584133,0.013239815547432032
2022-04-04,129.52200088500976,0,350,0.0,45332.70030975342,106640.61711788176,151973.3174276352,0.005092472428870343,0.013155449517568751,0.017278995759782978,0.013648700992974216,0.008090938687879357,0.021437876771144504
2022-04-05,127.06750545501708,0,350,0.0,44473.62690925598,106640.61711788176,151114.24402713776,-0.005652790996725443,0.007428293514252449,-0.018950413159319446,-0.005560360689250143,-0.012551720801807331,0.008617073725522229
2022-04-06,124.13650131225585,0,350,0.0,43447.77545928954,106640.61711788176,150088.3925771713,-0.00678858208616151,0.0005892838478094298,-0.023066512026545083,-0.02849861458908476,-0.009716916613271898,-0.0011835742745910371
2022-04-07,124.33500509262085,0,350,0.0,43517.2517824173,106640.61711788176,150157.86890029907,0.00046290270643045694,0.0010524593353278267,0.0015990766476146057,-0.02694510941054895,0.004253385628492534,0.003064777156091658
2022-04-08,122.7880027770996,0,350,0.0,42975.80097198486,106640.61711788176,149616.41808986664,-0.0036058770306066634,-0.0025572127342217144,-0.012442210577534696,-0.03905206326276289,-0.002651026482054286,0.0004056258686349068
2022-04-11,119.75350522994997,0,350,0.0,41913.72683048249,106640.61711788176,148554.34394836426,-0.007098647027256377,-0.009637707010904273,-0.024713306499970056,-0.06280026415386408,-0.01687729010355421,-0.016478510100377708
2022-04-12,119.4115023612976,0,350,0.0,41794.025826454155,106640.61711788176,148434.6429443359,-0.0008057724927246213,-0.01043571370442653,-0.0028558902555350096,-0.06547680374695708,-0.003417447717741773,-0.019839643371385107
2022-04-13,121.49499521255493,0,350,0.0,42523.248324394226,106640.61711788176,149163.865442276,0.004912751386571879,-0.005574230384825962,0.01744800802315849,-0.0491712355209063,0.011174577597236057,-0.008886765408504083
2022-04-14,118.83049926757812,0,350,0.0,41590.674743652344,106640.61711788176,148231.29186153412,-0.006252007334194287,-0.011791387589771829,-0.021930911148358656,-0.07002377667200099,-0.01214413784439794,-0.02092298114879032
2022-04-18,119.3769966125488,0,350,0.0,41781.948814392075,106640.61711788176,148422.56593227384,0.0012903757927062998,-0.010516227118173793,0.004598965318996839,-0.06574684827342392,-0.0002048682840329885,-0.021123562977578447
2022-04-19,121.26650352478026,0,350,0.0,42443.27623367309,106640.61711788176,149083.89335155484,0.004455706685348559,-0.006107377656300317,0.015828065421716664,-0.0509594282674507,0.016057604355527166,-0.0054051524389242545
2022-04-20,121.21650390625,0,350,0.0,42425.7763671875,106640.61711788176,149066.39348506927,-0.00011738267690863946,-0.006224043432870752,-0.00041231186747336945,-0.051350728957889724,-0.0006184750715809706,-0.006020284558463707
2022-04-21,119.30149822235109,0,350,0.0,41755.52437782288,106640.61711788176,148396.14149570465,-0.004496331961179156,-0.01069239002863498,-0.015798225672141064,-0.0663377042255251,-0.014752948498371943,-0.02068441610879912
2022-04-22,116.13100128173828,0,350,0.0,40645.8504486084,106640.61711788176,147286.46756649017,-0.007477781551662455,-0.018090216223398126,-0.026575499787133583,-0.09115024636813429,-0.027740054250753654,-0.047850683534549576
2022-04-25,117.68899698257444,0,350,0.0,41191.148943901055,106640.61711788176,147831.7660617828,0.003702298685698713,-0.014454892921447304,0.01341584661839268,-0.0789572574742452,0.005697936985382235,-0.04242539672865464
2022-04-26,113.75550508499144,0,350,0.0,39814.426779747,106640.61711788176,146455.04389762876,-0.009312762749372094,-0.023633040682474404,-0.033422766770332846,-0.10974105424319125,-0.028146308431003852,-0.06937758685802609
2022-04-27,115.2379997253418,0,350,0.0,40333.29990386963,106640.61711788176,146973.9170217514,0.0035428832651562825,-0.02017388652165686,0.013032289199917946,-0.09813894219927444,0.0020980468517017847,-0.06742509743401048
2022-04-28,119.40750513076782,0,350,0.0,41792.62679576874,106640.61711788176,148433.2439136505,0.009929155604413431,-0.010445040575662756,0.03618168846529457,-0.0655080863669476,0.02474690007293945,-0.0443467595096787
2022-04-29,114.81849889755247,0,350,0.0,40186.474614143364,106640.61711788176,146827.09173202512,-0.010820703902151174,-0.02115272178649874,-0.03843147236172251,-0.1014219865179894,-0.036284507106413955,-0.07902216630551728
2022-05-02,116.33450498580932,0,350,0.0,40717.076745033264,106640.61711788176,147357.69386291504,0.0036137890128500327,-0.017615374247232585,0.013203500331505857,-0.0895576114190958,0.005675242812353654,-0.07379539347450559
2022-05-03,116.34850521087644,0,350,0.0,40721.976823806755,106640.61711788176,147362.5939416885,3.32529550715055e-05,-0.01758270705540954,0.00012034456216425404,-0.08944804462846623,0.004837126381486367,-0.06931522473762697
2022-05-04,120.3759964942932,0,350,0.0,42131.598773002625,106640.61711788176,148772.2158908844,0.009565670035325713,-0.008185227394103656,0.03461575441916609,-0.057928601755433684,0.02986242108440229,-0.04152272408189972
2022-05-05,114.87450466156004,0,350,0.0,40206.07663154601,106640.61711788176,146846.69374942777,-0.012942753658175543,-0.021022041670481162,-0.04570256523686578,-0.10098368129149138,-0.035649708609806985,-0.07569215967750154
2022-05-06,114.02100505828857,0,350,0.0,39907.351770401,106640.61711788176,146547.96888828278,-0.0020342634452139574,-0.023013540744781125,-0.007429843600074926,-0.10766323193341076,-0.0056742248424840325,-0.08093689018716221
2022-05-09,109.37860336303712,1,700,350.0,76565.02235412598,68358.10594081877,144923.12829494476,-0.011087431683046156,-0.03384581136703457,-0.0407153198910869,-0.1439950088958205,-0.03203710063235676,-0.11038100752372282
2022-05-10,110.85150165557862,0,350,-350.0,38798.025579452515,107156.13152027129,145954.15709972382,0.007114315133197602,-0.026972286001840762,0.013466055035031177,-0.1324679985753503,0.0024578974498534745,-0.10819441527077411
2022-05-11,107.63300037384032,1,700,350.0,75343.10026168822,69484.58138942719,144827.68165111542,-0.007718008661025899,-0.03448212232589676,-0.029034349861478237,-0.15765622622074205,-0.01646320750393837,-0.12287639566534247
2022-05-12,106.5295039176941,1,700,0.0,74570.65274238586,69484.58138942719,144055.23413181305,-0.005333562689784466,-0.03963177245457927,-0.01025239891402685,-0.1662922706122738,-0.0012959645058717717,-0.12401311672382254
2022-05-13,109.86500072479248,0,350,-350.0,38452.75025367737,107937.33164310455,146390.08189678192,0.0162080036802581,-0.024066120688120196,0.0313105448202915,-0.14018842738425596,0.02386969542307149,-0.10310357662541447
2022-05-16,108.97300262451172,0,350,0.0,38140.5509185791,107937.33164310455,146077.88256168365,-0.0021326535995682683,-0.02614744958877535,-0.008119037859155687,-0.14716927009406333,-0.003946400929555671,-0.1066430895043351
2022-05-17,111.71199827194212,0,350,0.0,39099.19939517974,107937.33164310455,147036.5310382843,0.006562584696528928,-0.019756459744771027,0.0251346258381826,-0.12573368879457347,0.020169632234863677,-0.08862440916516356
2022-05-18,107.04650058746336,0,350,0.0,37466.275205612175,107937.33164310455,145403.60684871674,-0.011105567970332464,-0.03064262100855475,-0.04176362214129836,-0.16224621666662364,-0.04039526078745259,-0.12543966383225547
2022-05-19,106.29650297164916,0,350,0.0,37203.77604007721,107937.33164310455,145141.10768318176,-0.0018053139892746373,-0.032392615445454576,-0.007006278689151602,-0.16811575314554839,-0.005833781800992588,-0.13054165800526085
2022-05-20,106.40699796676634,0,350,0.0,37242.44928836822,107937.33164310455,145179.78093147278,0.00026645275696424164,-0.03213479379018103,0.0010394979329344523,-0.16725101119050245,0.00014614176965843662,-0.13041459382451748
2022-05-23,108.45450525283812,0,350,0.0,37959.07683849334,107937.33164310455,145896.4084815979,0.004936138803401047,-0.027357276789346963,0.01924222396266906,-0.15122706864314395,0.018555039930923556,-0.11427940188958297
2022-05-24,107.1430012702942,0,350,0.0,37500.05044460297,107937.33164310455,145437.38208770752,-0.0031462487573727937,-0.03041745274861618,-0.012092664841229284,-0.1614909952283501,-0.008120797617175213,-0.12147215961220104
2022-05-25,108.30099678039552,0,350,0.0,37905.348873138435,107937.33164310455,145842.68051624298,0.00278675552816976,-0.027715463225046477,0.010807943555547705,-0.1524284372339596,0.009450764734207695,-0.11316939968024442
2022-05-26,110.62700157165528,0,350,0.0,38719.45055007935,107937.33164310455,146656.7821931839,0.005582053717466229,-0.022288118712106897,0.02147722422145626,-0.13422495273670332,0.019883256167224195,-0.09553631967715348
2022-05-27,113.90700454711914,0,350,0.0,39867.4515914917,107937.33164310455,147804.78323459625,0.007827807376137308,-0.014634778436024454,0.029649207958866608,-0.10855540831479626,0.02474226295510973,-0.07315784146525928
2022-05-31,113.39399795532223,0,350,0.0,39687.89928436278,107937.33164310455,147625.23092746735,-0.0012147936162790751,-0.01583179381688382,-0.004503731740085337,-0.11257023561689627,-0.006274368617659065,-0.07897319081829302
2022-06-01,112.9454991340637,0,350,0.0,39530.924696922295,107937.33164310455,147468.25634002686,-0.001063331697801817,-0.016878291066487083,-0.003955225402981655,-0.1160802203643464,-0.007482768681131846,-0.08586502138052066
2022-06-02,115.51799869537352,0,350,0.0,40431.29954338073,107937.33164310455,148368.6311864853,0.006105550230297574,-0.01087579209009748,0.022776468128723915,-0.09594764967512626,0.018431018038486124,-0.06901658309997394
2022-06-03,113.04300394058228,0,350,0.0,39565.0513792038,107937.33164310455,147502.38302230835,-0.005838485920168335,-0.016650779851277053,-0.02142518726729259,-0.11531714058027265,-0.016347313992415624,-0.0842356613377706
2022-06-06,113.15200004577638,0,350,0.0,39603.20001602173,107937.33164310455,147540.53165912628,0.0002586306474259281,-0.016396455605824256,0.0009642003608767435,-0.11446412904795866,0.003137400778913113,-0.08136254158835088
2022-06-07,114.382998752594,0,350,0.0,40034.049563407905,107937.33164310455,147971.38120651245,0.0029202114330291185,-0.013524125289916422,0.01087915994697064,-0.10483024266909147,0.009523393173235029,-0.07261399588823536
2022-06-08,113.1990054130554,0,350,0.0,39619.65189456939,107937.33164310455,147556.98353767395,-0.0028005257872139033,-0.016286776415506354,-0.010351130434161249,-0.11409626158794017,-0.010793945785935621,-0.08262415013925317
2022-06-09,110.5430013656616,0,350,0.0,38690.05047798156,107937.33164310455,146627.38212108612,-0.006299948632051633,-0.02248411919275861,-0.023463139430441426,-0.13488234452425163,-0.02379869397635359,-0.1044564972513864
2022-06-10,106.65199737548828,0,350,0.0,37328.1990814209,107937.33164310455,145265.53072452545,-0.009287838170881635,-0.03156312850316312,-0.03519900800686959,-0.16533362780622674,-0.029110303335524668,-0.1305260402665568
2022-06-13,101.829599237442,1,700,350.0,71280.7194662094,72296.97190999985,143577.69137620926,-0.01161899412681,-0.04281539082527108,-0.045216200884340974,-0.20307407016274448,-0.038768430665237275,-0.16423418118971211
2022-06-14,102.18749985694885,0,350,-350.0,35765.6249499321,108062.59685993195,143828.22180986404,0.0017449119793848666,-0.04114518793423927,0.003514701247839591,-0.20027311360270972,-0.0037736797459957394,-0.16738809373255203
2022-06-15,104.09399685859678,0,350,0.0,36432.89890050887,108062.59685993195,144495.49576044083,0.004639381215870708,-0.03669669493039418,0.018656851418390907,-0.18535272790790314,0.014592504858983224,-0.15523820044469705
2022-06-16,100.29074845314024,0,350,0.0,35101.76195859908,108062.59685993195,143164.35881853104,-0.009212307517991292,-0.04557094120979277,-0.03653667377786396,-0.2151172295323589,-0.03251195148816344,-0.18270305509089269
2022-06-17,100.88750176429748,0,350,0.0,35310.62561750412,108062.59685993195,143373.22247743607,0.0014589082131102327,-0.04417851681709262,0.005950232901453134,-0.2104469942477386,0.002200865698254617,-0.1809042942795539
2022-06-21,102.99399919509884,0,350,0.0,36047.89971828459,108062.59685993195,144110.49657821655,0.005142341701195319,-0.039263356145222805,0.02087966689593279,-0.19396139049094885,0.024477242280086964,-0.16085509024005573
2022-06-22,102.4479989528656,0,350,0.0,35856.79963350296,108062.59685993195,143919.3964934349,-0.0013260663818330798,-0.04053735671043379,-0.005301282079540948,-0.19823442852695727,-0.0013015723144006452,-0.1619472980223695
2022-06-23,103.72500529289246,0,350,0.0,36303.75185251236,108062.59685993195,144366.3487124443,0.0031055731881823867,-0.037557675250371125,0.012464922234492581,-0.18824048302825225,0.009532217409177868,-0.15395879746676977
2022-06-24,107.02499799728392,0,350,0.0,37458.74929904937,108062.59685993195,145521.34615898132,0.00800046172004798,-0.029857692273457692,0.03181482319594142,-0.16241449751817327,0.03056329358583576,-0.12810099180803314
2022-06-27,106.33950242996217,0,350,0.0,37218.825850486755,108062.59685993195,145281.4227104187,-0.0016487165278179505,-0.03145718193054192,-0.006405004252736823,-0.16777923622360014,-0.0029730715337762392,-0.13069320992961642
2022-06-28,103.54700126647948,0,350,0.0,36241.45044326782,108062.59685993195,144304.04730319977,-0.006727463078105234,-0.037973017978668144,-0.02626024289818263,-0.1896335556252795,-0.020143036075892073,-0.14820368796302208
2022-06-29,103.74949722290036,0,350,0.0,36312.32402801512,108062.59685993195,144374.92088794708,0.0004911406580190292,-0.03750052741368615,0.0019555945990143986,-0.18804880738343777,-0.0007117454091590814,-0.14880995007765307
2022-06-30,102.24100193977355,0,350,0.0,35784.350678920746,108062.59685993195,143846.9475388527,-0.0036569602660019296,-0.04102034974098212,-0.014539784032744585,-0.19985440236921193,-0.008759278267998716,-0.15626576058387465
2022-07-01,102.49200248718262,0,350,0.0,35872.200870513916,108062.59685993195,143934.79773044586,0.0006107198873264164,-0.04043468179702758,0.002454989120283857,-0.19789005363238532,0.010553814029047315,-0.14736114633113717
2022-07-05,103.45449600219726,0,350,0.0,36209.07360076904,108062.59685993195,144271.670460701,0.0023404537024187544,-0.038188863595326805,0.009390913355751929,-0.19035750862426026,0.0015841285142366157,-0.14601045681069436
2022-07-06,104.04849672317503,0,350,0.0,36416.97385311126,108062.59685993195,144479.5707130432,0.0014410330987251196,-0.03680286191304527,0.005741661734693038,-0.18570881531274663,0.0035731642904301975,-0.14295901187056959
2022-07-07,106.27749824523926,0,350,0.0,37197.12438583374,108062.59685993195,145259.7212457657,0.005399729033469747,-0.03160185836156215,0.021422717216132092,-0.16826448553160245,0.014964587965241805,-0.130133746613889
2022-07-08,106.38549671173097,0,350,0.0,37234.923849105835,108062.59685993195,145297.52070903778,0.00026021985274327086,-0.03134986193974809,0.0010161931572993943,-0.1674192815931168,-0.000830271529819071,-0.1308559717988259
2022-07-11,104.99699544906616,0,350,0.0,36748.94840717316,108062.59685993195,144811.5452671051,-0.003344691909133557,-0.03458969821929936,-0.013051602949480712,-0.17828579455315685,-0.011527461422777274,-0.14087499605475218
2022-07-12,103.435000371933,0,350,0.0,36202.25013017655,108062.59685993195,144264.8469901085,-0.0037752395776747827,-0.03823435339927683,-0.014876569281364604,-0.1905100828599683,-0.009243878717321574,-0.1488166433942405
2022-07-13,103.23250255584716,0,350,0.0,36131.37589454651,108062.59685993195,144193.97275447845,-0.0004912786247567302,-0.03870684830347715,-0.001957730123823609,-0.1920948456556848,-0.0044569025122100925,-0.1526102846346481
2022-07-14,104.09399762153626,0,350,0.0,36432.89916753769,108062.59685993195,144495.49602746964,0.0020910948441970056,-0.03669669315020263,0.008345192108687227,-0.18535272193708285,-0.00299863390215227,-0.15515129616347778
2022-07-15,105.87100338935852,0,350,0.0,37054.85118627548,108062.59685993195,145117.44804620743,0.004304300381927195,-0.03255034635861731,0.01707116460531255,-0.17144574415800096,0.01920124935943668,-0.13892914553011582
2022-07-18,105.11350412368776,0,350,0.0,36789.72644329072,108062.59685993195,144852.32330322266,-0.0018269666849457522,-0.034317844645182394,-0.007154926669438733,-0.17737398910020186,-0.008363571580831342,-0.14613077325764234
2022-07-19,108.08950428962709,0,350,0.0,37831.32650136948,108062.59685993195,145893.92336130142,0.007190772190090122,-0.02737384425799072,0.0283122534135809,-0.15408359301500363,0.02762829164595959,-0.12253982523369444
2022-07-20,109.57100496292114,0,350,0.0,38349.8517370224,108062.59685993195,146412.44859695435,0.0035541249676918074,-0.02391700935363794,0.013706239870657111,-0.14248925983034288,0.005895806193263242,-0.11736649010096545
2022-07-21,110.80749955177308,0,350,0.0,38782.624843120575,108062.59685993195,146845.22170305252,0.0029558491115022623,-0.02103185531298346,0.01128487038400694,-0.13281236227463444,0.00986137270919718,-0.10866251209422417
2022-07-22,109.41650104522704,0,350,0.0,38295.77536582946,108062.59685993195,146358.3722257614,-0.003315392027366082,-0.02427751849492421,-0.012553288470299906,-0.1436984188488789,-0.00933246697634671,-0.11698088976488463
2022-07-25,108.74600419998168,0,350,0.0,38061.10146999359,108062.59685993195,146123.69832992554,-0.0016034196900870379,-0.02584201113383,-0.006127931699883238,-0.14894577645267504,0.0013151670479691902,-0.11581957212837635
2022-07-26,107.1349998474121,0,350,0.0,37497.24994659424,108062.59685993195,145559.84680652618,-0.0038587274332891885,-0.02960102128982567,-0.014814377451579541,-0.1615536149520661,-0.01154320266205866,-0.1260258459971242
2022-07-27,111.48300228118896,0,350,0.0,39019.05079841614,108062.59685993195,147081.64765834808,0.010454812128544155,-0.019455682277679687,0.0405843322907502,-0.1275258282533025,0.026156273782937722,-0.10316593874581359
2022-07-28,113.13599557876586,0,350,0.0,39597.59845256805,108062.59685993195,147660.1953125,0.003933513550893997,-0.015598697916666793,0.01482731235931034,-0.11458938118338369,0.012133338697180918,-0.09228434732544821
2022-07-29,114.71100115776062,0,350,0.0,40148.85040521622,108062.59685993195,148211.44726514816,0.003733246806842727,-0.01192368489901241,0.013921348116817889,-0.10226327173251037,0.014207760082581844,-0.07938774110904401
2022-08-01,114.2805028438568,0,350,0.0,39998.17599534988,108062.59685993195,148060.77285528183,-0.0010166178972450535,-0.012928180964787983,-0.003752894749055158,-0.10563238318605939,-0.0028230841271976725,-0.08198670696442267
2022-08-02,113.44949951171874,0,350,0.0,39707.32482910156,108062.59685993195,147769.9216890335,-0.001964403944673454,-0.014867188739776771,-0.007271610742503154,-0.11213587635623057,-0.006662395550704803,-0.0881028746434308
2022-08-03,116.16550159454344,0,350,0.0,40657.9255580902,108062.59685993195,148720.52241802216,0.006432978498757569,-0.008529850546519113,0.02394018567304612,-0.0908802443837623,0.015638477163140152,-0.07384219227340894
2022-08-04,116.59850072860718,0,350,0.0,40809.47525501251,108062.59685993195,148872.07211494446,0.0010190234303799617,-0.007519519233703642,0.0037274330857284266,-0.08749156132778901,-0.0007773401640558397,-0.07456213193560868
2022-08-05,116.31000270843506,0,350,0.0,40708.50094795227,108062.59685993195,148771.09780788422,-0.0006782622531261717,-0.008192681280771885,-0.0024742858473250084,-0.08974936804316036,-0.0016257460597355333,-0.07606665890314446
2022-08-08,115.61150298118592,0,350,0.0,40464.02604341507,108062.59685993195,148526.62290334702,-0.0016432956947921573,-0.00982251397768652,-0.0060055000514456225,-0.09521587826020561,-0.0012375507238541195,-0.07721007327821183
2022-08-09,114.5329981803894,0,350,0.0,40086.54936313629,108062.59685993195,148149.14622306824,-0.0025414748743356474,-0.012339025179545104,-0.00932869803597336,-0.10365633611965952,-0.004248692893594086,-0.08113072428215495
2022-08-10,117.48150000572204,0,350,0.0,41118.525002002716,108062.59685993195,149181.12186193466,0.006965788633790604,-0.005459187587102177,0.025743688475602156,-0.08058114406964423,0.021290637641290244,-0.061567411493131496
2022-08-11,117.2094985961914,0,350,0.0,41023.324508666985,108062.59685993195,149085.92136859894,-0.0006381537566384488,-0.006093857542673775,-0.002315270144809145,-0.0827098470973544,-0.0007054739583503,-0.06222945124599033
2022-08-12,119.303000497818,0,350,0.0,41756.050174236305,108062.59685993195,149818.64703416824,0.004914787787088981,-0.0012090197722117724,0.017861196632528165,-0.06632594730727848,0.017322368774566943,-0.04598504397454539
2022-08-15,119.89849858283996,0,350,0.0,41964.47450399399,108062.59685993195,150027.07136392593,0.001391177492813478,0.00018047575950630446,0.0049914761786133965,-0.06166553551467335,0.0039695418998517695,-0.04219804163351715
2022-08-16,119.53799548149108,0,350,0.0,41838.29841852188,108062.59685993195,149900.89527845383,-0.00084102211904169,-0.0006606981436411141,-0.003006735744066069,-0.0644868592889305,0.0018756797165810912,-0.04040151192770747
2022-08-17,118.67550539970397,0,350,0.0,41536.426889896386,108062.59685993195,149599.02374982834,-0.0020138073762984154,-0.00267317500114439,-0.007215196124989887,-0.07123677007666618,-0.007237794954094601,-0.04734688902263395
2022-08-18,119.26350421905516,0,350,0.0,41742.226476669304,108062.59685993195,149804.82333660126,0.0013756746642750173,-0.0013011777559915894,0.004954677187771761,-0.06663504808852383,0.002269561170191503,-0.04518478451329755
2022-08-19,117.15800008773805,0,350,0.0,41005.30003070831,108062.59685993195,149067.89689064026,-0.0049192437836609315,-0.006214020729064962,-0.017654219915003266,-0.08311287821052549,-0.012900001139847905,-0.057501901881420125
2022-08-22,114.26249690055846,0,350,0.0,39991.87391519546,108062.59685993195,148054.4707751274,-0.00679841962388672,-0.012970194832483961,-0.02471451531275015,-0.1057732990220549,-0.0214000649197158,-0.0776714223678664
2022-08-23,114.13550429344178,0,350,0.0,39947.42650270463,108062.59685993195,148010.02336263657,-0.00030020986369505565,-0.013266510915756258,-0.0011114110977917813,-0.10676715250146351,-0.0022378626777133093,-0.07973546706833778
2022-08-24,114.26250171661376,0,350,0.0,39991.87560081481,108062.59685993195,148054.47246074677,0.00030031140527086997,-0.012970183595021556,0.0011126899027444903,-0.1057732613312522,0.0029161604463010526,-0.07705182803726873
2022-08-25,115.90599641799928,0,350,0.0,40567.098746299744,108062.59685993195,148629.6956062317,0.0038852128944462105,-0.009135362625122045,0.014383500069529376,-0.09291115097343527,0.014091605518061545,-0.06404600648435388
2022-08-26,111.45455322265624,1,700,350.0,78018.18725585938,69053.50323200226,147071.69048786163,-0.010482461879607996,-0.019522063414255775,-0.03840563329691338,-0.12774847267686873,-0.03368805871951874,-0.09557647957667703
2022-08-29,110.14599933624268,1,700,0.0,77102.19953536987,69053.50323200226,146155.70276737213,-0.0062281715634804335,-0.02562864821751909,-0.011740694736799395,-0.13798931159287664,-0.006666355799502699,-0.10160568855725771
2022-08-30,108.97249736785888,1,700,0.0,76280.74815750122,69053.50323200226,145334.25138950348,-0.005620385399371708,-0.031104990736643412,-0.010654058935009147,-0.14717322426977397,-0.011028155571448206,-0.11151332078835241
2022-08-31,107.98249611854554,1,700,0.0,75587.74728298187,69053.50323200226,144641.25051498413,-0.004768324520157852,-0.035724996566772416,-0.009084872543311473,-0.15492104682880636,-0.007817025105971265,-0.11845864346607093
2022-09-01,107.30450415611269,0,350,-350.0,37556.57645463944,106610.0796866417,144166.65614128113,-0.003281182733233079,-0.03888895905812584,-0.006278720966855,-0.1602270617707302,0.0029962320243361873,-0.11581734102284724
2022-09-02,106.1240044116974,0,350,0.0,37143.40154409409,106610.0796866417,143753.48123073578,-0.0028659533459696185,-0.04164345846176154,-0.011001399742715634,-0.16946573955730526,-0.010736500458081055,-0.12531036854598276
2022-09-06,105.37250084877012,0,350,0.0,36880.37529706954,106610.0796866417,143490.45498371124,-0.0018297034949877888,-0.043396966775258505,-0.007081372090068316,-0.17534706168904968,-0.004095056983834944,-0.1288922724299566
2022-09-07,106.85200119018556,0,350,0.0,37398.20041656495,106610.0796866417,144008.28010320663,0.003608777458780521,-0.039944799311955936,0.01404066838594642,-0.16376838324872933,0.018341016392734,-0.11291527131875723
2022-09-08,107.17399544715882,0,350,0.0,37510.898406505585,106610.0796866417,144120.97809314728,0.0007825799312364268,-0.03919347937901829,0.003013460238336041,-0.16124843252160992,0.006610721877456038,-0.10705100089570696
2022-09-09,109.35199780464173,0,350,0.0,38273.1992316246,106610.0796866417,144883.2789182663,0.0052893120432913054,-0.034111473878224885,0.02032211590503552,-0.1442032259517838,0.015271449816332883,-0.09341437506734107
2022-09-12,111.07799577713013,0,350,0.0,38877.298521995544,106610.0796866417,145487.37820863724,0.004169558384385708,-0.030084145275751872,0.015783872331001314,-0.130695438928924,0.0105842727693497,-0.08381882552428244
2022-09-13,105.60999994277954,0,350,0.0,36963.49997997284,106610.0796866417,143573.57966661453,-0.01315439569801169,-0.042842802222569865,-0.04922663391696158,-0.17348837631911485,-0.0432366134006168,-0.12343139677001214
2022-09-14,105.85499672889708,0,350,0.0,37049.248855113976,106610.0796866417,143659.32854175568,0.0005972468983517221,-0.04227114305496227,0.0023198256438810017,-0.17157101345953418,0.0033870120853238816,-0.12046244831725672
2022-09-15,103.5834948539734,0,350,0.0,36254.22319889069,106610.0796866417,142864.30288553238,-0.005534103940853519,-0.04757131409645099,-0.0214586174022674,-0.18934795412665417,-0.011317739184353415,-0.1304168249300468
2022-09-16,103.05850467681884,0,350,0.0,36070.4766368866,106610.0796866417,142680.5563235283,-0.00128616147136007,-0.04879629117647821,-0.005068280210999476,-0.19345656584876025,-0.007182134089448455,-0.13666228789532753
2022-09-19,103.6195016860962,0,350,0.0,36266.82559013367,106610.0796866417,142876.90527677536,0.0013761437318891012,-0.047487298154831104,0.005443480972643577,-0.1890661620113474,0.006857100716286535,-0.13074229425125738
2022-09-20,103.01149501800538,0,350,0.0,36054.02325630188,106610.0796866417,142664.10294294357,-0.0014894102963635136,-0.0489059803803763,-0.0058676856981295655,-0.19382446689464272,-0.011272103097361819,-0.14054065672863336
2022-09-21,101.56649875640868,0,350,0.0,35548.274564743035,106610.0796866417,142158.35425138474,-0.0035450311685000235,-0.052277638324101816,-0.014027524416999615,-0.20513311386966582,-0.017116493600784488,-0.15525158707787212
2022-09-22,100.64449796676634,0,350,0.0,35225.57428836822,106610.0796866417,141835.65397500992,-0.002270005713516987,-0.05442897349993392,-0.00907780420642057,-0.2123487598321242,-0.00842758097968943,-0.16237077273523748
2022-09-23,99.23024864196778,0,350,0.0,34730.58702468872,106610.0796866417,141340.6667113304,-0.003489864852787461,-0.05772888859113068,-0.014051928852241491,-0.22341677901934298,-0.017232619015461026,-0.17680531808490618
2022-09-26,98.49049849510192,0,350,0.0,34471.67447328567,106610.0796866417,141081.75415992737,-0.0018318333812011867,-0.05945497226715102,-0.007454885551430479,-0.22920611805291502,-0.010340526208282075,-0.18531758426776768
2022-09-27,98.61650032997132,0,350,0.0,34515.77511548996,106610.0796866417,141125.85480213165,0.00031258926759791805,-0.05916096798578918,0.001279329852063471,-0.2282200184299522,-0.0021203598092424114,-0.18704500411938285
2022-09-28,99.75699768066406,0,350,0.0,34914.94918823242,106610.0796866417,141525.02887487411,0.002828497112043138,-0.056499807500839494,0.011564974896458802,-0.2192944023175052,0.019672139926234733,-0.17105243968668782
2022-09-29,97.3859990119934,0,350,0.0,34085.09965419769,106610.0796866417,140695.1793408394,-0.005863623845421828,-0.062032137727737635,-0.023767742853093354,-0.23785001220719326,-0.021126437880238824,-0.18856514882562259
2022-09-30,95.70649890899656,0,350,0.0,33497.2746181488,106610.0796866417,140107.3543047905,-0.0041780040993789624,-0.06595097130139682,-0.017245806584476275,-0.2509939034850289,-0.015066695771983274,-0.20079079086705143
2022-10-03,98.44899959564208,0,350,0.0,34457.149858474724,106610.0796866417,141067.22954511642,0.006850998258362662,-0.05955180303255736,0.028655323493269158,-0.22953089149096162,0.025883894952576147,-0.18010414365272276
2022-10-04,101.5350001335144,0,350,0.0,35537.25004673004,106610.0796866417,142147.32973337173,0.007656634299391785,-0.05235113511085532,0.031346184832221846,-0.20537962440812008,0.030583700679551518,-0.15502869419379306
2022-10-05,101.85499868392944,0,350,0.0,35649.249539375305,106610.0796866417,142259.329226017,0.000787911337169378,-0.05160447182655348,0.0031516083123479532,-0.20287529222724365,-0.002017948757084831,-0.15673380299011708
2022-10-06,101.15549817085268,0,350,0.0,35404.42435979844,106610.0796866417,142014.50404644012,-0.001720978025897324,-0.05323663969039927,-0.006867611036424526,-0.20834963466775047,-0.010245080846639998,-0.16537313335372195
2022-10-07,97.44799757003784,0,350,0.0,34106.799149513245,106610.0796866417,140716.87883615494,-0.009137272414519337,-0.061887474425633804,-0.03665149861209549,-0.2373648069339903,-0.028003617786773516,-0.18874570512185673
2022-10-10,95.97849855422972,0,350,0.0,33592.4744939804,106610.0796866417,140202.5541806221,-0.003655031718914792,-0.06531630546251943,-0.01507982772813743,-0.24886521426484054,-0.00749246363390188,-0.19482399842407794
2022-10-11,94.60849857330322,0,350,0.0,33112.97450065613,106610.0796866417,139723.05418729782,-0.003420051768147858,-0.06851297208468132,-0.014274030137618965,-0.2595869348338382,-0.006519175777754405,-0.2000730823103808
2022-10-12,94.35399832725524,0,350,0.0,33023.89941453934,106610.0796866417,139633.97910118103,-0.0006375117308656808,-0.0691068059921266,-0.002690035777819566,-0.2615786724695003,-0.0032907731480149582,-0.20270546033148817
2022-10-13,96.92000007629392,0,350,0.0,33922.00002670287,106610.0796866417,140532.07971334457,0.006431819947727568,-0.0631194685777029,0.027195474431711997,-0.2414969541368137,0.02596564246086497,-0.18200319537845566
2022-10-14,94.44100208282472,0,350,0.0,33054.350728988655,106610.0796866417,139664.43041563034,-0.006174030153713317,-0.06890379722913109,-0.025577775397418123,-0.2608977746821598,-0.02366266361565439,-0.20135917860489538
2022-10-17,97.00500044822694,0,350,0.0,33951.750156879425,106610.0796866417,140561.82984352112,0.00642539711235135,-0.0629211343765258,0.02714920753544714,-0.24083173497709498,0.026480052302171098,-0.18021112788370408
2022-10-18,97.69249806404112,0,350,0.0,34192.37432241439,106610.0796866417,140802.4540090561,0.0017118741681354521,-0.06131697327295926,0.007087238932400375,-0.23545132809298175,0.011427569666488724,-0.17084293343578294
2022-10-19,97.3834991455078,0,350,0.0,34084.22470092773,106610.0796866417,140694.30438756943,-0.0007680947199947274,-0.062037970749536986,-0.0031629748922047396,-0.23786957634609218,-0.0066720972934503076,-0.17637515005545124
2022-10-20,97.41199893951416,0,350,0.0,34094.199628829956,106610.0796866417,140704.27931547165,7.089787995062657e-05,-0.06197147123018898,0.00029265526764232774,-0.23764653486297938,-0.007950909706564868,-0.18292371686944342
2022-10-21,99.78949766159056,0,350,0.0,34926.324181556694,106610.0796866417,141536.4038681984,0.0059139960545269155,-0.05642397421201062,0.0244066310922606,-0.2190400550774736,0.02372481982226482,-0.16353872927112512
2022-10-24,101.001998090744,0,350,0.0,35350.6993317604,106610.0796866417,141960.7790184021,0.0029983462812781525,-0.05359480654398596,0.012150581549827066,-0.20955093757954402,0.011881976654619875,-0.15359991597983091
2022-10-25,102.81900086402894,0,350,0.0,35986.650302410126,106610.0796866417,142596.72998905182,0.004479765291843574,-0.04935513340632125,0.01798977057515705,-0.195330940295252,0.016266654579669915,-0.13983181817687118
2022-10-26,100.93350048065184,0,350,0.0,35326.72516822814,106610.0796866417,141936.80485486984,-0.004627912114342658,-0.0537546343008678,-0.018338053934899956,-0.21008700491186294,-0.007387716072364547,-0.14618649647866255
2022-10-27,99.89000024795531,0,350,0.0,34961.50008678436,106610.0796866417,141571.57977342606,-0.002573152762014308,-0.05618946817715975,-0.010338492450250092,-0.21825351444793606,-0.006082610618211248,-0.1513799115611536
2022-10-28,103.58700146675108,0,350,0.0,36255.45051336288,106610.0796866417,142865.53020000458,0.009139902434156522,-0.04756313199996964,0.03701072389246929,-0.18932051111726034,0.024626377895927698,-0.130481472573183
2022-10-31,102.31400184631346,0,350,0.0,35809.90064620971,106610.0796866417,142419.9803328514,-0.003118665968826928,-0.050533464447657495,-0.012289183028878603,-0.19928309973389813,-0.00745440410765752,-0.13696321505571774
2022-11-01,101.63700194358826,0,350,0.0,35572.95068025589,106610.0796866417,142183.03036689758,-0.0016637410383012474,-0.05211313088734959,-0.0066168842045893905,-0.20458135074361672,-0.004101230608784645,-0.14050272793463836
2022-11-02,98.59999871253966,0,350,0.0,34509.99954938888,106610.0796866417,141120.07923603058,-0.007475935265439881,-0.05919947175979623,-0.029880881696355388,-0.22834916130112148,-0.02500198485734284,-0.16199186571574398
2022-11-03,96.06849975585938,0,350,0.0,33623.97491455078,106610.0796866417,140234.05460119247,-0.006278515712538568,-0.06510630265871697,-0.02567443194457497,-0.24816085824427003,-0.010585992315429671,-0.17086301338554466
2022-11-04,97.8280982017517,0,350,0.0,34239.8343706131,106610.0796866417,140849.9140572548,0.004391654065866835,-0.06100057295163486,0.018316081237492288,-0.23439011144634558,0.013618724670070526,-0.15957122505107046
2022-11-07,99.15650143623353,0,350,0.0,34704.77550268173,106610.0796866417,141314.85518932343,0.0033009685180187542,-0.05790096540451051,0.013578953888506051,-0.2239939300730912,0.009613981920559844,-0.15149135800319324
2022-11-08,99.77410197257994,0,350,0.0,34920.93569040298,106610.0796866417,141531.01537704468,0.0015296352774212263,-0.056459897486368815,0.0062285430345037085,-0.21916054287151532,0.005597892802462701,-0.14674149758333188
2022-11-09,97.17274947166442,0,350,0.0,34010.46231508254,106610.0796866417,140620.54200172424,-0.00643303075933499,-0.0625297199885051,-0.026072422096371617,-0.23951891878727083,-0.02077788695478977,-0.16447040628975862
2022-11-10,104.3939953804016,0,350,0.0,36537.898383140564,106610.0796866417,143147.97806978226,0.017973448488251664,-0.045680146201451666,0.07431348755695044,-0.18300491742127245,0.05543448436034493,-0.11815325409462285
2022-11-11,105.94499964714048,0,350,0.0,37080.74987649917,106610.0796866417,143690.82956314087,0.0037922400349517105,-0.04206113624572749,0.014857217228703368,-0.17086664400461782,0.009240746788147902,-0.11000433160975909
2022-11-14,105.090749835968,0,350,0.0,36781.7624425888,106610.0796866417,143391.8421292305,-0.0020807690707845827,-0.04405438580512988,-0.008063144216505114,-0.1775520658287234,-0.008935777048800997,-0.11795713447689293
2022-11-15,106.3870044708252,0,350,0.0,37235.45156478882,106610.0796866417,143845.5312514305,0.0031639814055191007,-0.04102979165712972,0.01233462161874832,-0.16740748175959952,0.008713116550319144,-0.11027179218721261
2022-11-16,104.9875027179718,0,350,0.0,36745.62595129013,106610.0796866417,143355.70563793182,-0.003405219538189952,-0.04429529574712099,-0.0131548186718351,-0.1783600853645786,-0.008252046497990273,-0.11761387072865725
2022-11-17,104.90100173950196,0,350,0.0,36715.35060882569,106610.0796866417,143325.43029546738,-0.00021119035569405753,-0.0444971313635506,-0.00082391690658834,-0.17903704838137446,-0.0030893228355314273,-0.12033984634757144
2022-11-18,104.91899747848512,0,350,0.0,36721.649117469795,106610.0796866417,143331.72880411148,4.394550660768992e-05,-0.04445514130592332,0.00017154973436617205,-0.17889621240509979,0.00475858190881473,-0.11615391145449583
2022-11-21,103.86249899864195,0,350,0.0,36351.87464952468,106610.0796866417,142961.95433616638,-0.0025798507492396094,-0.04692030442555728,-0.010069658548346516,-0.18716444717893443,-0.003883688698329779,-0.11958649451964298
2022-11-22,105.70959815979003,0,350,0.0,36998.359355926514,106610.0796866417,143608.4390425682,0.004522075187092467,-0.042610406382878496,0.017784081636358806,-0.17270891335062977,0.013579987927526016,-0.10763048974398892
2022-11-23,106.64050312042237,0,350,0.0,37324.17609214783,106610.0796866417,143934.25577878952,0.002268785444598631,-0.04043829480806982,0.008806248220007307,-0.1654235826913958,0.0059146891478476515,-0.1023524014858076
2022-11-25,106.0085042476654,0,350,0.0,37102.97648668289,106610.0796866417,143713.05617332458,-0.0015368100127942652,-0.041912958844502746,-0.005926443089295019,-0.170369652332243,-0.0002830441976333642,-0.10260647543008661
2022-11-28,103.95250377655027,0,350,0.0,36383.376321792595,106610.0796866417,142993.4560084343,-0.005007201043880194,-0.04671029327710463,-0.019394674849026572,-0.18646006317014396,-0.015444192913123267,-0.116465994142532
2022-11-29,103.10000452995298,0,350,0.0,36085.001585483544,106610.0796866417,142695.08127212524,-0.002086632106377273,-0.048699458185831546,-0.008200853424654042,-0.19313178494718797,-0.0015918653377758885,-0.11787246130120277
2022-11-30,107.87800478935245,0,350,0.0,37757.30167627335,106610.0796866417,144367.38136291504,0.011719395482179706,-0.03755079091389946,0.04634335644487142,-0.15573880365295834,0.030947872397389053,-0.09057249079532947
2022-12-01,108.00299582481384,0,350,0.0,37801.048538684845,106610.0796866417,144411.12822532654,0.00030302456135511413,-0.03725914516448958,0.0011586331774067204,-0.15476061462047352,-0.0008676332180498347,-0.09136154031172372
2022-12-02,107.44750041961667,0,350,0.0,37606.62514686584,106610.0796866417,144216.70483350754,-0.001346318626606391,-0.038555301109949536,-0.005143333302515041,-0.15910796249989334,-0.001194660488065602,-0.09244705477745008
2022-12-05,105.73600044250487,0,350,0.0,37007.60015487671,106610.0796866417,143617.6798415184,-0.004153644979482007,-0.042548801056543795,-0.015928709094467974,-0.17250228714508697,-0.017894212283564803,-0.1086869998378368
2022-12-06,103.72399606704712,0,350,0.0,36303.39862346649,106610.0796866417,142913.47831010818,-0.004903306697248588,-0.047243477932611966,-0.019028565172103273,-0.18824838130391308,-0.014399194981406072,-0.12152118951663382
2022-12-07,103.1705042362213,0,350,0.0,36109.67648267746,106610.0796866417,142719.75616931915,-0.001355520438517832,-0.048534958871205514,-0.0053361984864914724,-0.1925800490630062,-0.0018623708845491027,-0.1231572428759714
2022-12-08,104.6580008983612,0,350,0.0,36630.300314426415,106610.0796866417,143240.38000106812,0.003647875008497836,-0.0450641333262124,0.014417848135491296,-0.1809387908288308,0.00752178195750397,-0.1165618228458678
2022-12-09,104.05950255393982,0,350,0.0,36420.82589387894,106610.0796866417,143030.90558052063,-0.0014623978276651073,-0.046460629463195624,-0.005718610515048961,-0.18562268287206574,-0.007349578247904498,-0.12305472085604818
2022-12-12,106.06700315475464,0,350,0.0,37123.45110416412,106610.0796866417,143733.53079080582,0.004912401326366833,-0.04177646139462765,0.01929185275294021,-0.16991183558469913,0.014279296218109305,-0.11053255944807916
2022-12-13,107.34250435829162,0,350,0.0,37569.87652540207,106610.0796866417,144179.95621204376,0.00310592398852072,-0.03880029191970802,0.012025428885512834,-0.159929669394817,0.0072896644387934195,-0.10404864027722327
2022-12-14,106.62900476455688,0,350,0.0,37320.15166759491,106610.0796866417,143930.2313542366,-0.0017320358832672023,-0.040465124305089084,-0.006646943799198057,-0.16551356966972341,-0.006052724634100337,-0.10947158714317307
2022-12-15,102.9855014324188,0,350,0.0,36044.92550134658,106610.0796866417,142655.00518798828,-0.008860029989876006,-0.0489666320800779,-0.03416990846142798,-0.1940278946064128,-0.024921675023714007,-0.1316650468477747
2022-12-16,101.68900215625764,0,350,0.0,35591.15075469018,106610.0796866417,142201.23044133186,-0.003180924118704742,-0.05199179705778734,-0.01258914369623132,-0.20417439325636677,-0.011137750774080746,-0.1413363451444073
2022-12-19,100.25649876594544,1,700,350.0,70179.5491361618,71520.30511856079,141699.8542547226,-0.0035258217179500173,-0.05533430496851577,-0.014087102439170218,-0.21538527010227915,-0.009007516001852345,-0.14907077175572803
2022-12-20,100.47050027847288,0,350,-350.0,35164.67509746551,106684.9802160263,141849.65531349182,0.001057171579724736,-0.05433563124338758,0.002134540056371259,-0.2137104785324936,0.0010373383615349674,-0.1481880702243189
2022-12-21,101.96100153923034,0,350,0.0,35686.35053873062,106684.9802160263,142371.33075475693,0.0036776644970493155,-0.050857794968286796,0.014835212889616756,-0.20204570608864825,0.014867993802734736,-0.13552333573131858
2022-12-22,99.63400049209594,0,350,0.0,34871.900172233574,106684.9802160263,141556.8803882599,-0.00572060654472617,-0.05628746407826701,-0.02282246164715307,-0.22025698735762123,-0.01445169956861636,-0.14801649276740925
2022-12-23,99.83949861526489,0,350,0.0,34943.82451534271,106684.9802160263,141628.80473136902,0.0005080949997757767,-0.055807968457539436,0.0020625300816385916,-0.21864874393809886,0.005868102525282026,-0.143016966197119
2022-12-27,98.95999863147736,0,350,0.0,34635.999521017075,106684.9802160263,141320.97973704338,-0.002173463194224512,-0.057860135086376996,-0.00880913862735544,-0.2255317754694064,-0.004049622110409712,-0.1464874236390532
2022-12-28,97.51600031852723,0,350,0.0,34130.600111484535,106684.9802160263,140815.58032751083,-0.003576251809695563,-0.06122946448326072,-0.014591737398133131,-0.23683261242495524,-0.012020638322615351,-0.15674718962329182
2022-12-29,99.79650065898896,0,350,0.0,34928.77523064613,106684.9802160263,141613.75544667244,0.005668230158233811,-0.05590829702218347,0.02338590931757545,-0.21898524910499428,0.01746133164481911,-0.14202287264087832
2022-12-30,99.72400155067444,0,350,0.0,34903.40054273605,106684.9802160263,141588.38075876236,-0.00017918236706626622,-0.05607746160825067,-0.0007264694436757146,-0.21955263245657952,-0.0025407424823445934,-0.1442027715772396
2023-01-03,98.80250172615052,0,350,0.0,34580.87560415269,106684.9802160263,141265.855820179,-0.0022779054104227203,-0.0582276278654732,-0.009240501887157637,-0.2267643578291917,-0.004000548879248611,-0.14762643022027033
2023-01-04,99.01800122261048,0,350,0.0,34656.300427913666,106684.9802160263,141341.28064393997,0.0005339211186106141,-0.05772479570706657,0.0021811137642775424,-0.22507784292702293,0.007538970575044379,-0.14120041095875546
2023-01-05,97.30400013923644,0,350,0.0,34056.40004873275,106684.9802160263,140741.38026475906,-0.0042443394912499155,-0.06172413156827261,-0.017309994770755455,-0.23849174141369867,-0.011645528874622113,-0.1512015863704489
2023-01-06,99.91300210952758,0,350,0.0,34969.550738334656,106684.9802160263,141654.53095436096,0.006488146470384981,-0.05563646030425995,0.02681289532349962,-0.21807350018824367,0.02284078102943865,-0.13181436766660137
2023-01-09,101.13649988174438,0,350,0.0,35397.774958610535,106684.9802160263,142082.75517463684,0.0030230181653267962,-0.05278163216908738,0.012245631162954851,-0.20849831667500862,-0.0007676325452631305,-0.13248081521331034
2023-01-10,101.64949917793274,0,350,0.0,35577.32471227646,106684.9802160263,142262.30492830276,0.0012636984231142456,-0.05158463381131462,0.00507234575833837,-0.20448354646887745,0.006978233159061986,-0.1264270640719094
2023-01-11,103.22800288200378,0,350,0.0,36129.801008701324,106684.9802160263,142814.78122472763,0.003883504465243215,-0.0479014585018156,0.01552888815819875,-0.19213006043398573,0.012849424614881588,-0.1152021544861006
2023-01-12,104.08249654769897,0,350,0.0,36428.87379169464,106684.9802160263,143113.85400772095,0.0020941304564456864,-0.04590763994852676,0.008277731253523601,-0.18544273018645796,0.0034159058663651987,-0.11217976833506238
2023-01-13,104.47850379943849,0,350,0.0,36567.47632980347,106684.9802160263,143252.45654582977,0.0009684774340670277,-0.04498362302780112,0.0038047439759290036,-0.18234354832108568,0.003996858363534361,-0.10863127661681737
2023-01-17,104.9705011844635,0,350,0.0,36739.675414562225,106684.9802160263,143424.65563058853,0.0012020672378743047,-0.043835629129409415,0.004709077629686087,-0.17849314061571597,-0.0020304911890052235,-0.11044119295580179
2023-01-18,103.67349977493286,0,350,0.0,36285.7249212265,106684.9802160263,142970.7051372528,-0.003165079890482314,-0.04686196575164758,-0.012355865646972886,-0.1886435689983348,-0.015562598500411085,-0.12428503951233527
2023-01-19,102.7089982509613,0,350,0.0,35948.149387836456,106684.9802160263,142633.12960386276,-0.00236115176928009,-0.049112469307581175,-0.009303260004392855,-0.19619182883217956,-0.007638350296294338,-0.13097405714024557
2023-01-20,105.214497756958,0,350,0.0,36825.074214935295,106684.9802160263,143510.0544309616,0.006148114603769406,-0.04326630379358887,0.024394157753098833,-0.1765836055014819,0.018918401045981525,-0.11453347583386253
2023-01-23,107.3460011959076,0,350,0.0,37571.100418567665,106684.9802160263,144256.08063459396,0.005198424644116129,-0.03829279576937317,0.020258647661592244,-0.1599023028865577,0.01188134498366522,-0.1040129425887577
2023-01-24,107.2600031375885,0,350,0.0,37541.001098155975,106684.9802160263,144225.98131418228,-0.00020865200468001,-0.03849345790545111,-0.0008011295936600771,-0.16057533001328095,-0.0007115031258156934,-0.10465044018079617
2023-01-25,107.08000359535215,0,350,0.0,37478.00125837325,106684.9802160263,144162.98147439957,-0.0004368133897142412,-0.038913456837335825,-0.0016781608891568434,-0.161984019663846,-0.0001817250594663422,-0.10481314763279748
2023-01-26,108.63600339889526,0,350,0.0,38022.60118961334,106684.9802160263,144707.58140563965,0.0037776683422490187,-0.035282790629068694,0.014531189309846537,-0.14980665080890476,0.011007853469181317,-0.09495906193440162
2023-01-27,109.01199784278867,0,350,0.0,38154.19924497604,106684.9802160263,144839.17946100235,0.0009094067780306414,-0.03440547025998397,0.0034610481988446296,-0.1468640906490173,0.002494840970949097,-0.09270112872172931
2023-01-30,107.06549735069272,0,350,0.0,37472.924072742455,106684.9802160263,144157.90428876877,-0.004703666333714773,-0.03894730474154129,-0.017855837252914952,-0.16209754660100606,-0.012968740984683369,-0.1044676527790328
2023-01-31,108.501504611969,0,350,0.0,37975.52661418915,106684.9802160263,144660.50683021545,0.003486472309141675,-0.035596621131896655,0.013412418536408843,-0.15085924820333496,0.014642470285510134,-0.09135484699513663
2023-02-01,110.73600282669068,0,350,0.0,38757.600989341736,106684.9802160263,145442.58120536804,0.0054062742644092054,-0.030382791964212785,0.0205941680045163,-0.1333719009013532,0.010452303944590291,-0.08185741167815108
2023-02-02,113.4300048828125,0,350,0.0,39700.501708984375,106684.9802160263,146385.48192501068,0.0064829756996078736,-0.024096787166595135,0.02432814971963637,-0.11228844275523742,0.014699373244309921,-0.06836129108091149
2023-02-03,112.33900299072266,0,350,0.0,39318.65104675293,106684.9802160263,146003.63126277924,-0.0026085282311469893,-0.026642458248138157,-0.009618283039103948,-0.12082670376990123,-0.010354610691310495,-0.07800804721672383
2023-02-06,111.00049552917478,0,350,0.0,38850.173435211174,106684.9802160263,145535.1536512375,-0.0032086709590022355,-0.029765642325083164,-0.01191489532498713,-0.1313019615670068,-0.006140463017754394,-0.08366950470545664
2023-02-07,113.5564953804016,0,350,0.0,39744.77338314056,106684.9802160263,146429.75359916687,0.006146968106916617,-0.023801642672220735,0.023026922889321844,-0.11129851882190511,0.01287251059802652,-0.07187403069348275
2023-02-08,112.30149841308594,0,350,0.0,39305.52444458008,106684.9802160263,145990.50466060638,-0.0029997246308484105,-0.026729968929290582,-0.011051740925180575,-0.12112021735170964,-0.011080724476164705,-0.08215833883854151
2023-02-09,111.53149914741516,0,350,0.0,39036.02470159531,106684.9802160263,145721.0049176216,-0.0018460087086574761,-0.028526633882522412,-0.0068565359906279655,-0.12714628821287288,-0.00882979617773516,-0.09026269363003103
2023-02-10,111.0930037498474,0,350,0.0,38882.55131244659,106684.9802160263,145567.5315284729,-0.0010532001837035843,-0.029549789810180527,-0.0039315834622485335,-0.13057798543109744,0.0021952617756952897,-0.088265582095433
2023-02-13,112.7864984035492,0,350,0.0,39475.27444124222,106684.9802160263,146160.25465726852,0.004071808613995032,-0.025598302284876362,0.015243936130443503,-0.11732457177060762,0.011448609342766147,-0.07782749092048935
2023-02-14,113.2619990348816,0,350,0.0,39641.69966220856,106684.9802160263,146326.67987823486,0.0011386489532094757,-0.02448880081176752,0.004215935755280453,-0.11360326887242789,-0.0002804145319874607,-0.07808608149303453
2023-02-15,113.8439974784851,0,350,0.0,39845.39911746978,106684.9802160263,146530.3793334961,0.0013920869073960063,-0.023130804443359354,0.005138514670081529,-0.10904850626601659,0.002773175690496066,-0.075529452225501
2023-02-16,112.06599745750424,0,350,0.0,39223.09911012648,106684.9802160263,145908.0793261528,-0.004246900951010102,-0.027279471158981328,-0.01561786357086481,-0.12296326514341216,-0.013788741489130674,-0.08827673762307864
2023-02-17,110.872505235672,0,350,0.0,38805.3768324852,106684.9802160263,145490.3570485115,-0.002862913963164071,-0.03006428634325664,-0.010649904956985923,-0.13230362301342014,-0.002767405825327751,-0.0907998458904673
2023-02-21,108.57350010871886,0,350,0.0,38000.7250380516,106684.9802160263,144685.7052540779,-0.005530619422188243,-0.03542863163948062,-0.020735574812405844,-0.15029580615287885,-0.020041234255327334,-0.10902133916395618
2023-02-22,108.34100198745726,0,350,0.0,37919.35069561004,106684.9802160263,144604.33091163635,-0.0005624214382385917,-0.035971127255757684,-0.0021413892066552975,-0.15211535354243277,-0.0015735561458868341,-0.11042334411156873
2023-02-23,109.94249854087828,0,350,0.0,38479.874489307396,106684.9802160263,145164.8547053337,0.0038762586857781223,-0.03223430196444188,0.014781998726635548,-0.13958192377816314,0.005329429416074394,-0.10568240811382379
2023-02-24,108.0754975795746,0,350,0.0,37826.42415285111,106684.9802160263,144511.4043688774,-0.004501436231122979,-0.03659063754081715,-0.016981612989352746,-0.15419321055760582,-0.010537551485558128,-0.1151063257827647
2023-02-27,108.62900495529172,0,350,0.0,38020.151734352105,106684.9802160263,144705.13195037842,0.0013405695027812747,-0.035299120330810396,0.005121488108898786,-0.1498614211430508,0.0030730045671669703,-0.11238704348043793
2023-02-28,108.4200029850006,0,350,0.0,37947.001044750206,106684.9802160263,144631.98126077652,-0.0005055155170791137,-0.03578679159482301,-0.0019239978344378628,-0.1514970859277437,-0.0030360018281855305,-0.1150818380391525
2023-03-01,107.77600297927856,0,350,0.0,37721.6010427475,106684.9802160263,144406.5812587738,-0.001558438182467481,-0.03728945827484109,-0.005939863383061628,-0.15653707731746258,-0.004725264845680033,-0.11926331072116991
2023-03-02,108.88550195693968,0,350,0.0,38109.92568492889,106684.9802160263,144794.9059009552,0.0026891062636924534,-0.03470062732696522,0.010294489932739737,-0.14785405675126795,0.0075821940867943916,-0.11258539420369706
2023-03-03,110.9794994354248,0,350,0.0,38842.82480239868,106684.9802160263,145527.805018425,0.005061636063157682,-0.02981463321049993,0.019231187264152183,-0.13146627854026394,0.0161477371607488,-0.09825565639668887
2023-03-06,111.52949810028076,0,350,0.0,39035.32433509827,106684.9802160263,145720.30455112457,0.0013227680626064497,-0.028531302992502616,0.0049558582229503045,-0.12716194855485807,0.0006871667698291617,-0.09763600764888325
2023-03-07,110.36999826431273,0,350,0.0,38629.49939250945,106684.9802160263,145314.47960853577,-0.002784958100649826,-0.03123680260976136,-0.01039635124086613,-0.1362362795140749,-0.015326919115337678,-0.11146646757224199
2023-03-08,111.19750471115113,0,350,0.0,38919.12664890289,106684.9802160263,145604.1068649292,0.001993106655122423,-0.02930595423380522,0.007497566909955955,-0.12976015322533918,0.0014147940136839399,-0.11020937564960576
2023-03-09,109.56649813652038,0,350,0.0,38348.274347782135,106684.9802160263,145033.25456380844,-0.003920578295571797,-0.03311163624127689,-0.014667654448429213,-0.14252453058508385,-0.01845935787384867,-0.12663433921728495
2023-03-10,107.87550296783446,0,350,0.0,37756.426038742065,106684.9802160263,144441.40625476837,-0.004080776583412327,-0.037057291634877365,-0.015433505655888746,-0.15575838309208478,-0.01447813845705137,-0.1392790481777313
2023-03-13,108.6699959754944,0,350,0.0,38034.49859142304,106684.9802160263,144719.47880744934,0.0019251581654535777,-0.03520347461700424,0.007364906635910051,-0.14954062240540822,-0.001509761003189447,-0.14057853110542062
2023-03-14,110.91550245285036,0,350,0.0,38820.42585849763,106684.9802160263,145505.40607452393,0.00543069442725308,-0.029963959503173654,0.020663536951472272,-0.13196712363075624,0.016476655480623936,-0.12641813964979287
2023-03-15,110.91250400543213,0,350,0.0,38819.376401901245,106684.9802160263,145504.35661792755,-7.212492131314363e-06,-0.02997095588048282,-2.703361885336708e-05,-0.13199058970068822,-0.00698088356543769,-0.13251651290177613
2023-03-16,113.76400294303892,0,350,0.0,39817.40103006362,106684.9802160263,146502.38124608994,0.0068590704179603,-0.023317458359400356,0.025709445144860732,-0.10967454938137511,0.017562006217166637,-0.11728176250806777
2023-03-17,113.8800048828125,0,350,0.0,39858.001708984375,106684.9802160263,146542.98192501068,0.0002771332354833955,-0.02304678716659536,0.0010196717482915396,-0.10876670967259439,-0.011019457310067593,-0.1270088384429282
2023-03-20,114.02899932861328,0,350,0.0,39910.14976501465,106684.9802160263,146595.12998104095,0.000355855021818563,-0.02269913345972685,0.00130834597306273,-0.10760066818613512,0.008918403718310097,-0.1192231508216458
2023-03-21,114.82150154113768,0,350,0.0,40187.525539398186,106684.9802160263,146872.5057554245,0.0018921213441360774,-0.020849961630503344,0.006950005851060093,-0.10139848760854664,0.012982193897784988,-0.10778873498493224
2023-03-22,113.74600000381469,0,350,0.0,39811.10000133514,106684.9802160263,146496.08021736145,-0.0025629408045225732,-0.02335946521759036,-0.009366725943203869,-0.10981544170726587,-0.01646322377571363,-0.12247740869608781
2023-03-23,115.52850141525268,0,350,0.0,40434.97549533844,106684.9802160263,147119.95571136475,0.004258649740509268,-0.01920029525756839,0.015670893142424536,-0.09586545461722407,0.0029845287333754023,-0.11985841730815527
2023-03-24,115.8030044555664,0,350,0.0,40531.051559448235,106684.9802160263,147216.03177547455,0.0006530457655811173,-0.01855978816350312,0.0023760633692204713,-0.09371717364309329,0.005639807253104534,-0.11489458842633093
2023-03-27,114.90100154876708,0,350,0.0,40215.35054206848,106684.9802160263,146900.3307580948,-0.002144474440536781,-0.020664461612701523,-0.007789114894211635,-0.10077631470423809,0.0016469543057482383,-0.11343686025769861
2023-03-28,114.47999596595764,0,350,0.0,40067.998588085175,106684.9802160263,146752.97880411148,-0.001003074351316191,-0.02164680797259022,-0.0036640723504116623,-0.10407113534636558,-0.0015738434957162095,-0.11483217188872374
2023-03-29,116.59399890899655,0,350,0.0,40807.8996181488,106684.9802160263,147492.8798341751,0.005041812684778657,-0.01671413443883274,0.018466133975647114,-0.08752679289902221,0.014237268879836451,-0.10222979951612265
2023-03-30,117.83250350952147,0,350,0.0,41241.37622833251,106684.9802160263,147926.35644435883,0.002938966346518246,-0.01382429037094135,0.01062237003717148,-0.07783416484419103,0.005715269388667954,-0.09709880097123891
2023-03-31,119.46949615478516,0,350,0.0,41814.323654174805,106684.9802160263,148499.3038702011,0.0038731936594260663,-0.010004640865326042,0.013892538955784905,-0.06502294005559506,0.014436542471763847,-0.08406402946365366
2023-04-03,119.31950321197507,0,350,0.0,41761.82612419128,106684.9802160263,148446.8063402176,-0.0003535203776403595,-0.010354624398549506,-0.0012554915492047902,-0.0661967958530556,0.0036988464765423945,-0.08067612292629689
2023-04-04,118.75900168418885,0,350,0.0,41565.650589466095,106684.9802160263,148250.6308054924,-0.0013215207491603653,-0.011662461296717441,-0.004697484591353662,-0.07058332201589257,-0.005796972083329965,-0.08600541777723181
2023-04-05,117.61999711990356,0,350,0.0,41166.99899196625,106684.9802160263,147851.97920799255,-0.002689038119661591,-0.014320138613383104,-0.009590890358898374,-0.07949725547216968,-0.002492370531228194,-0.08828343093966606
2023-04-06,118.22250480651854,0,350,0.0,41377.87668228149,106684.9802160263,148062.8568983078,0.00142627573499432,-0.012914287344614861,0.00512249363516637,-0.07478198602217268,0.0035791630944272956,-0.08502024864310742
2023-04-10,118.25350379943846,0,350,0.0,41388.72632980346,106684.9802160263,148073.70654582977,7.327730768702523e-05,-0.012841956361135165,0.0002622088998254224,-0.07453938562462892,0.0009963029974375814,-0.08410865157423586
2023-04-11,117.40249719619752,0,350,0.0,41090.87401866913,106684.9802160263,147775.85423469543,-0.0020115138472754923,-0.014827638435364165,-0.007196459943244249,-0.08119942586503148,-4.1352477946232646e-05,-0.08414652595102279
2023-04-12,116.76149978637694,0,350,0.0,40866.52492523193,106684.9802160263,147551.50514125824,-0.0015181715213156144,-0.016323299058278895,-0.00545982773049003,-0.08621591871848377,-0.004134884052006904,-0.08793347387484307
2023-04-13,118.80199680328369,0,350,0.0,41580.69888114929,106684.9802160263,148265.6790971756,0.004840167202860179,-0.011562139352163103,0.017475769158840526,-0.07024683905298479,0.01326268999363811,-0.07583701828527067
2023-04-14,118.14699554443358,0,350,0.0,41351.44844055175,106684.9802160263,148036.42865657806,-0.001546213810191932,-0.013090475622813402,-0.005513385940260629,-0.07537292705846299,-0.0020693734728036706,-0.07774945664417832
