index,close,SMA_signal,Position,Entry/Exit Position,Portfolio Holdings,Portfolio Cash,Portfolio Total,Portfolio Daily Returns,Portfolio Cumulative Returns,Base Daily Returns,Base Cumulative Returns,Market Daily Returns,Market Cumulative Returns
2022-06-03,61.77400131225586,0,650,650.0,40153.10085296631,109846.89914703369,150000.0,,,,,,
2022-06-06,61.77799949645996,0,650,0.0,40155.699672698975,109846.89914703369,150002.59881973267,1.7325464884532238e-05,1.7325464884532238e-05,6.472276555125056e-05,6.472276555125056e-05,0.003137400778913113,0.003137400778913113
2022-06-07,62.1859992980957,0,650,0.0,40420.89954376221,109846.89914703369,150267.7986907959,0.0017679685095453035,0.0017853246053061156,0.006604289633223237,0.006669439846664016,0.009523393173235029,0.01269067265330781
2022-06-08,61.66300048828125,0,650,0.0,40080.95031738281,109846.89914703369,149927.8494644165,-0.002262289255191008,-0.0004810035705564708,-0.008410234067436906,-0.0017968857709820263,-0.010793945785935621,0.0017597444347652313
2022-06-09,60.724001121521,0,650,0.0,39470.60072898865,109846.89914703369,149317.49987602234,-0.004070955400044096,-0.004550000826517575,-0.015227922081714196,-0.01699744501618594,-0.02379869397635359,-0.022080829160867954
2022-06-10,59.45999851226807,0,650,0.0,38648.99903297425,109846.89914703369,148495.89818000793,-0.005502380475808755,-0.010027345466613546,-0.02081553563513383,-0.03745916972887908,-0.029110303335524668,-0.05054835286161985
2022-06-13,57.44740056991577,0,650,0.0,37340.81037044525,109846.89914703369,147187.70951747894,-0.008809594598654824,-0.018748603216806825,-0.033847931259820885,-0.07003918558666689,-0.038768430665237275,-0.0873571032136995
2022-06-14,57.45599889755249,0,650,0.0,37346.39928340912,109846.89914703369,147193.2984304428,3.79713291427386e-05,-0.018711343797047753,0.00014967304963175998,-0.0698999955155356,-0.0037736797459957394,-0.09080112522862882
2022-06-15,58.316999149322506,0,650,0.0,37906.04944705963,109846.89914703369,147752.94859409332,0.0038021443205511485,-0.014980342706044425,0.014985384786456057,-0.05596208905845146,0.014592504858983224,-0.0775336362307455
2022-06-16,56.97149858474731,0,650,0.0,37031.47408008575,109846.89914703369,146878.37322711945,-0.005919173697010338,-0.02081084515253695,-0.02307218451227233,-0.07774310592627498,-0.03251195148816344,-0.10752481789907398
2022-06-17,57.288000392913816,0,650,0.0,37237.20025539398,109846.89914703369,147084.09940242767,0.0014006566847666324,-0.019439337317148864,0.005555441159682539,-0.07261956201713682,0.002200865698254617,-0.10556059988424449
2022-06-21,57.74300060272218,0,650,0.0,37532.95039176942,109846.89914703369,147379.8495388031,0.002010755326897984,-0.017467669741312752,0.007942330098584582,-0.06525400045170693,0.024477242280086964,-0.08366718998275546
2022-06-22,57.77900018692017,0,650,0.0,37556.350121498115,109846.89914703369,147403.2492685318,0.00015877156749666277,-0.01731167154312141,0.0006234449859243707,-0.06467123774517569,-0.0013015723144006452,-0.08485986339905083
2022-06-23,58.509001636505126,0,650,0.0,38030.85106372833,109846.89914703369,147877.75021076202,0.003219067046248192,-0.014148331928253155,0.012634373167125235,-0.052853945128902846,0.009532217409177868,-0.07613654865710584
2022-06-24,59.41900024414062,0,650,0.0,38622.3501586914,109846.89914703369,148469.2493057251,0.003999919488361536,-0.01020500462849927,0.015553138528819455,-0.03812285133046789,0.03056329358583576,-0.04790023876048943
2022-06-27,59.02900085449219,0,650,0.0,38368.85055541992,109846.89914703369,148215.7497024536,-0.0017074216004788756,-0.011895001983642461,-0.006563546812400123,-0.044436177023538304,-0.0029730715337762392,-0.05073089945794573
2022-06-28,58.1709997177124,0,650,0.0,37811.14981651306,109846.89914703369,147658.04896354675,-0.0037627629993873812,-0.015613006909688143,-0.014535247494613435,-0.05832553368740012,-0.020143036075892073,-0.06985206119589393
2022-06-29,58.43299865722656,0,650,0.0,37981.449127197266,109846.89914703369,147828.34827423096,0.0011533357773556574,-0.014477678171793573,0.004503944246885494,-0.05408428439241253,-0.0007117454091590814,-0.07051408972117656
2022-06-30,58.14800119400024,0,650,0.0,37796.20077610015,109846.89914703369,147643.09992313385,-0.0012531314410241245,-0.015712667179107576,-0.0048773376307135186,-0.05869783470762868,-0.008759278267998716,-0.07865571545549288
2022-07-01,58.38600158691406,0,650,0.0,37950.90103149414,109846.89914703369,147797.80017852783,0.0010477987489732055,-0.014681332143147707,0.004093010731697877,-0.05484507484331658,0.010553814029047315,-0.0689320192196845
2022-07-05,58.69399986267089,0,650,0.0,38151.09991073608,109846.89914703369,147997.99905776978,0.0013545457307220232,-0.013346672948201466,0.005275207539230831,-0.04985918645638887,0.0015841285142366157,-0.06745708788263771
2022-07-06,58.85899906158447,0,650,0.0,38258.34939002991,109846.89914703369,148105.2485370636,0.0007246684413075855,-0.012631676419575855,0.002811176598964682,-0.04718817283563381,0.0035731642904301975,-0.06412495884976621
2022-07-07,59.43799896240235,0,650,0.0,38634.69932556152,109846.89914703369,148481.59847259521,0.0025410978965909603,-0.010122676849365075,0.009837066719603271,-0.0378152993205908,0.014964587965241805,-0.05011997447199923
2022-07-08,59.42800025939942,0,650,0.0,38628.20016860962,109846.89914703369,148475.0993156433,-4.377079058115463e-05,-0.010166004562377706,-0.0001682207203720365,-0.03797715872407004,-0.000830271529819071,-0.05090863281393898
2022-07-11,59.04399948120118,0,650,0.0,38378.59966278077,109846.89914703369,148225.49880981445,-0.0016810933751135737,-0.01183000793457012,-0.006461613658916621,-0.04419337865544837,-0.011527461422777274,-0.06184924693586724
2022-07-12,58.718999576568606,0,650,0.0,38167.34972476959,109846.89914703369,148014.24887180328,-0.0014251929641486694,-0.013238340854644592,-0.005504368055826769,-0.04945449008952507,-0.009243878717321574,-0.07052139871575602
2022-07-13,58.70899982452392,0,650,0.0,38160.84988594055,109846.89914703369,148007.74903297424,-4.391360209288209e-05,-0.01328167311350481,-0.00017029840625337744,-0.04961636647493417,-0.0044569025122100925,-0.07466399422886527
2022-07-14,59.04599847793579,0,650,0.0,38379.899010658264,109846.89914703369,148226.79815769196,0.0014799841639974165,-0.011821345615386725,0.005740153203412257,-0.04416101881648471,-0.00299863390215227,-0.07743873814665281
2022-07-15,59.61200037002563,0,650,0.0,38747.80024051666,109846.89914703369,148594.69938755035,0.0024820156303113627,-0.009368670749664076,0.009585778997392103,-0.03499855758576709,0.01920124935943668,-0.05972440930845013
2022-07-18,59.26900119781494,0,650,0.0,38524.85077857971,109846.89914703369,148371.7499256134,-0.0015003863721644306,-0.010855000495910372,-0.005753861136711058,-0.04055104188214442,-0.008363571580831342,-0.06758847151690739
2022-07-19,60.18600187301636,0,650,0.0,39120.90121746063,109846.89914703369,148967.80036449432,0.004017277137863262,-0.006881330903370841,0.015471842897113453,-0.025706598334345743,0.02762829164595959,-0.041827533873921574
2022-07-20,60.62500228881836,0,650,0.0,39406.25148773193,109846.89914703369,149253.15063476562,0.0019155164375999068,-0.004978995768228911,0.0072940617774914784,-0.0186000420731941,0.005895806193263242,-0.03617833471392118
2022-07-21,61.03999986648559,0,650,0.0,39675.99991321563,109846.89914703369,149522.89906024933,0.0018073214825715667,-0.0031806729316709026,0.006845320610301631,-0.011882044714248585,0.00986137270919718,-0.026673730047336086
2022-07-22,60.85599918365479,0,650,0.0,39556.39946937561,109846.89914703369,149403.2986164093,-0.0007998804503639434,-0.003978009223937762,-0.0030144279690902387,-0.014860655115422228,-0.00933246697634671,-0.035757265318880016
2022-07-25,60.63500194549561,0,650,0.0,39412.75126457214,109846.89914703369,149259.65041160583,-0.0009614794729015941,-0.0049356639226275645,-0.003631478262188126,-0.018438167231596858,0.0013151670479691902,-0.03448912504798374
2022-07-26,60.17000064849854,0,650,0.0,39110.50042152405,109846.89914703369,148957.39956855774,-0.0020250003414492568,-0.006950669542948207,-0.007668859273972761,-0.0259656267958005,-0.01154320266205866,-0.04563421274997648
2022-07-27,61.45100116729736,0,650,0.0,39943.150758743286,109846.89914703369,149790.04990577698,0.005589855486407114,-0.001399667294819995,0.02128968763490935,-0.005228739244618419,0.026156273782937722,-0.020671559929596017
2022-07-28,62.21599941253663,0,650,0.0,40440.39961814881,109846.89914703369,150287.2987651825,0.0033196387858760446,0.001915325101216947,0.012448914268403888,0.007155082897197351,0.012133338697180918,-0.00878903627043992
2022-07-29,62.72700033187866,0,650,0.0,40772.55021572113,109846.89914703369,150619.44936275482,0.002210104249004363,0.004129662418365765,0.00821333618630371,0.015427186184776565,0.014207760082581844,0.005293851293454388
2022-08-01,62.7289999961853,0,650,0.0,40773.84999752045,109846.89914703369,150620.74914455414,8.629574764773551e-06,0.004138327630361038,3.1878844772625925e-05,0.015459556830422772,-0.0028230841271976725,0.0024558221786983303
2022-08-02,62.34899997711181,0,650,0.0,40526.84998512267,109846.89914703369,150373.74913215637,-0.001639880387002468,0.002491660881042579,-0.006057804509821629,0.00930810134751403,-0.006662395550704803,-0.0042229350307632085
2022-08-03,63.1900016784668,0,650,0.0,41073.50109100342,109846.89914703369,150920.4002380371,0.003635282813892582,0.006136001586914075,0.013488615722204278,0.02292227047189832,0.015638477163140152,0.01134950185933703
2022-08-04,63.46199913024901,0,650,0.0,41250.29943466186,109846.89914703369,151097.19858169556,0.0011714674979630413,0.0073146572113036434,0.004304438116115694,0.027325376082741215,-0.0007773401640558397,0.01056333927164399
2022-08-05,63.16900157928467,0,650,0.0,41059.851026535034,109846.89914703369,150906.75017356873,-0.0012604363940199592,0.0060450011571246964,-0.00461689759194317,0.022582320027762615,-0.0016257460597355333,0.00892041990470993
2022-08-08,63.04899988174439,0,650,0.0,40981.84992313386,109846.89914703369,150828.74907016754,-0.0005168827988905056,0.005524993801116818,-0.001899692800901076,0.020639727756077253,-0.0012375507238541195,0.007671829708745692
2022-08-09,62.67200050354004,0,650,0.0,40736.800327301025,109846.89914703369,150583.69947433472,-0.0016246875833918484,0.0038913298288980602,-0.005979466429466895,0.014536846767379652,-0.004248692893594086,0.0033905415667871974
2022-08-10,63.52300004959107,0,650,0.0,41289.95003223419,109846.89914703369,151136.84917926788,0.0036733704037297255,0.007578994528452343,0.013578624253472782,0.028312861400936917,0.021290637641290244,0.02475336599998368
2022-08-11,63.280998611450194,0,650,0.0,41132.64909744263,109846.89914703369,150979.54824447632,-0.001040784796333738,0.006530321629841795,-0.003809666387795785,0.024395332456719654,-0.0007054739583503,0.02403042918653897
2022-08-12,63.9549994468689,0,650,0.0,41570.74964046478,109846.89914703369,151417.64878749847,0.0029017211146555866,0.009450991916656104,0.010650919710624596,0.0353060848946547,0.017322368774566943,0.041769061917286354
2022-08-15,64.2439986228943,0,650,0.0,41758.599104881294,109846.89914703369,151605.49825191498,0.0012406048166824224,0.010703321679432776,0.004518789438274995,0.03998441509645856,0.0039695418998517695,0.04590440785853622
2022-08-16,64.02099828720094,0,650,0.0,41613.64888668061,109846.89914703369,151460.5480337143,-0.0009561013279335562,0.009736986891428323,-0.003471146573586492,0.03637447675741323,0.0018756797165810912,0.0478661895418393
2022-08-17,63.55700159072877,0,650,0.0,41312.0510339737,109846.89914703369,151158.95018100739,-0.0019912634453149725,0.007726334540048896,-0.007247570467281084,0.02886327970662239,-0.007237794954094601,0.04028194892260695
2022-08-18,63.653000831604,0,650,0.0,41374.450540542595,109846.89914703369,151221.3496875763,0.00041280722374814616,0.008142331250508228,0.0015104432001593615,0.03041731925134883,0.002269561170191503,0.04264293243993289
2022-08-19,62.76299972534181,0,650,0.0,40795.949821472175,109846.89914703369,150642.84896850586,-0.0038255227867336483,0.004285659790038698,-0.013982076172916247,0.0160099458036842,-0.012900001139847905,0.029192837423003493
2022-08-22,61.77699823379516,0,650,0.0,40155.04885196686,109846.89914703369,150001.94799900055,-0.004254440047395169,1.2986660003377892e-05,-0.015709916604711438,4.851428555086024e-05,-0.0214000649197158,0.0071680438872447905
2022-08-23,61.68800077438354,1,1300,650.0,80194.4010066986,69749.69864368439,149944.099650383,-0.00038565064913653746,-0.0003726689974470343,-0.0014406245359286363,-0.0013921801412478674,-0.0022378626777133093,0.004914140111643928
2022-08-24,61.59699954986572,1,1300,0.0,80076.09941482544,69749.69864368439,149825.79805850983,-0.0007889713042994462,-0.0011613462766014715,-0.0014751851798641136,-0.002865311597599951,0.0029161604463010526,0.00784463097896615
2022-08-25,62.254998970031735,1,1300,0.0,80931.49866104126,69749.69864368439,150681.19730472565,0.005709292106568897,0.004541315364837484,0.010682329090288434,0.007786409291256735,0.014091605518061545,0.022046779942218153
2022-08-26,60.76270084381104,1,1300,0.0,78991.51109695435,69749.69864368439,148741.20974063873,-0.012874781982012196,-0.00839193506240854,-0.02397073569849484,-0.016370972366399172,-0.03368805871951874,-0.012383991994570298
2022-08-29,60.23000068664551,1,1300,0.0,78299.00089263916,69749.69864368439,148048.69953632355,-0.004655805916347733,-0.013008669757843094,-0.008766893995295288,-0.02499434378235832,-0.006666355799502699,-0.01896779169721896
2022-08-30,59.92699851989746,1,1300,0.0,77905.0980758667,69749.69864368439,147654.7967195511,-0.002660630035968836,-0.015634688536326213,-0.005030751507449915,-0.02989935495714746,-0.011028155571448206,-0.029786767510983414
2022-08-31,59.5229992866516,1,1300,0.0,77379.89907264708,69749.69864368439,147129.59771633148,-0.0035569383107624253,-0.01913601522445696,-0.006741522906603126,-0.03643931067741435,-0.007817025105971265,-0.03737094870749558
2022-09-01,59.24200143814086,1,1300,0.0,77014.60186958312,69749.69864368439,146764.30051326752,-0.0024828260848525074,-0.021571329911550086,-0.004720828114818332,-0.04098811506990219,0.0029962320243361873,-0.03448668871645666
2022-09-02,59.07900171279907,1,1300,0.0,76802.7022266388,69749.69864368439,146552.40087032318,-0.00144380917023601,-0.02298399419784558,-0.0027514216499250344,-0.043626761132634306,-0.010736500458081055,-0.04485292282533582
2022-09-06,58.62999963760377,1,1300,0.0,76218.9995288849,69749.69864368439,145968.69817256927,-0.003982894134026527,-0.026875345516204963,-0.007600028134836068,-0.050895224655430615,-0.004095056983834944,-0.048764304534309466
2022-09-07,59.22299995422363,1,1300,0.0,76989.89994049072,69749.69864368439,146739.5985841751,0.005281272089543876,-0.021736009438832693,0.010114281430756211,-0.04129571185032099,0.018341016392734,-0.03131767505041949
2022-09-08,59.08199796676636,1,1300,0.0,76806.59735679626,69749.69864368439,146556.29600048065,-0.001249169177666154,-0.02295802666346236,-0.002380865332155757,-0.04357825765376566,0.006610721877456038,-0.0249139856125703
2022-09-09,59.71499891281128,1,1300,0.0,77629.49858665466,69749.69864368439,147379.19723033905,0.005614915580670177,-0.01747201846440627,0.010713939403352413,-0.03333121306221942,0.015271449816332883,-0.010023008477244577
2022-09-12,60.36499900817872,1,1300,0.0,78474.49871063234,69749.69864368439,148224.1973543167,0.00573351015514767,-0.011838684304555147,0.01088503905553928,-0.02280898556263089,0.0105842727693497,0.00045517803641237364
2022-09-13,58.64599971771241,1,1300,0.0,76239.79963302612,69749.69864368439,145989.4982767105,-0.015076479532315168,-0.02673667815526315,-0.02847675505193681,-0.050636214719717465,-0.0432366134006168,-0.04280111572099321
2022-09-14,58.760999011993405,1,1300,0.0,76389.29871559143,69749.69864368439,146138.99735927582,0.0010240399777383669,-0.025740017604827692,0.001960906026575282,-0.048774601551749064,0.0033870120853238816,-0.03955907153188165
2022-09-15,58.02799816131592,1,1300,0.0,75436.3976097107,69749.69864368439,145186.09625339508,-0.006520512136388046,-0.03209269164403261,-0.012474274825175713,-0.06064044859267981,-0.011317739184353415,-0.05042909146226204
2022-09-16,57.88700218200683,1,1300,0.0,75253.10283660889,69749.69864368439,145002.80148029327,-0.0012624815862664063,-0.033314656798044684,-0.002429792234381889,-0.06292289713598176,-0.007182134089448455,-0.05724903705481943
2022-09-19,57.990001296997065,1,1300,0.0,75387.00168609618,69749.69864368439,145136.70032978058,0.0009234225002576757,-0.03242199780146271,0.001779313336461641,-0.06125554334956296,0.006857100716286535,-0.05078449875152824
2022-09-20,57.60599746704102,1,1300,0.0,74887.79670715333,69749.69864368439,144637.4953508377,-0.0034395502847217596,-0.035750030994415205,-0.0066218972472402715,-0.06747181268291857,-0.011272103097361819,-0.06148415374321503
2022-09-21,57.259999656677245,0,650,-650.0,37218.99977684021,106968.6984205246,144187.6981973648,-0.003109823993991734,-0.038748678684234594,-0.00600628103977785,-0.07307283905345952,-0.017116493600784488,-0.07754825421990408
2022-09-22,56.88899898529053,0,650,0.0,36977.84934043884,106968.6984205246,143946.54776096344,-0.0016724758035271403,-0.0403563482602437,-0.00647922936799139,-0.07907861273665318,-0.00842758097968943,-0.0853222910073217
2022-09-23,56.33450031280517,0,650,0.0,36617.42520332336,106968.6984205246,143586.12362384796,-0.0025038748252163012,-0.04275917584101352,-0.0097470281139721,-0.08805485938906721,-0.017232619015461026,-0.10108458348832727
2022-09-26,55.84499883651733,0,650,0.0,36299.24924373626,106968.6984205246,143267.94766426086,-0.0022159241544860153,-0.044880348904927536,-0.008689195316720966,-0.09597892883397019,-0.010340526208282075,-0.11037984191179506
2022-09-27,55.75099992752075,0,650,0.0,36238.14995288849,106968.6984205246,143206.8483734131,-0.00042646866828133234,-0.04528767751057938,-0.0016832108685640446,-0.09750058692636776,-0.0021203598092424114,-0.11226615674049722
2022-09-28,56.393998336792,0,650,0.0,36656.0989189148,106968.6984205246,143624.7973394394,0.0029184984571164474,-0.04250135107040398,0.011533396891664438,-0.0870917030008953,0.019672139926234733,-0.09480253235864211
2022-09-29,55.54900074005128,0,650,0.0,36106.85048103333,106968.6984205246,143075.54890155792,-0.003824189471845818,-0.04616300732294709,-0.014983821357980265,-0.10077055783934785,-0.021126437880238824,-0.11392613042811672
2022-09-30,55.18499946594239,0,650,0.0,35870.249652862556,106968.6984205246,142838.94807338715,-0.0016536775849349539,-0.047740346177418846,-0.0065527960766077475,-0.10666302499990832,-0.015066695771983274,-0.12727633585246023
2022-10-03,56.194000816345216,0,650,0.0,36526.10053062439,106968.6984205246,143494.798951149,0.004591540938994276,-0.04336800699234,0.018283978620413643,-0.09032927084818165,0.025883894952576147,-0.104686848207038
2022-10-04,57.16800079345703,0,650,0.0,37159.20051574707,106968.6984205246,144127.89893627167,0.004412006496055776,-0.03914734042485546,0.01733281067306569,-0.07456212032496357,0.030583700679551518,-0.0773048587581362
2022-10-05,57.02800025939941,0,650,0.0,37068.20016860962,106968.6984205246,144036.89858913422,-0.0006313860661889548,-0.039754009405771784,-0.0024489317820196588,-0.07682845456078469,-0.002017948757084831,-0.07916681027157346
2022-10-06,56.74899969100952,0,650,0.0,36886.84979915619,106968.6984205246,143855.5482196808,-0.0012590549451549915,-0.040963011868794696,-0.004892343535119914,-0.08134492690292094,-0.010245080846639998,-0.08860082074661058
2022-10-07,55.45400009155273,0,650,0.0,36045.10005950927,106968.6984205246,143013.79848003387,-0.005851354014941967,-0.04657467679977412,-0.022819778436763416,-0.10230843213080498,-0.028003617786773516,-0.11412329501360152
2022-10-10,54.91200008392335,0,650,0.0,35692.80005455018,106968.6984205246,142661.49847507477,-0.0024633986979115674,-0.04892334349950145,-0.009773866749640314,-0.11108234989743415,-0.00749246363390188,-0.12076069400983291
2022-10-11,54.40799980163574,0,650,0.0,35365.19987106323,106968.6984205246,142333.89829158783,-0.002296346154980089,-0.051107344722747694,-0.009178326805021397,-0.11924112659282715,-0.006519175777754405,-0.1264926095962936
2022-10-12,54.37400007247925,0,650,0.0,35343.10004711151,106968.6984205246,142311.7984676361,-0.00015526746767269284,-0.0512546768824258,-0.0006249031260191495,-0.11979151556608836,-0.0032907731480149582,-0.12936712426122676
2022-10-13,55.16300010681152,0,650,0.0,35855.95006942749,106968.6984205246,142824.6484899521,0.003603706985915167,-0.04783567673365263,0.014510612301477765,-0.10701915150399655,0.02596564246086497,-0.10676058229511909
2022-10-14,54.36699962615966,0,650,0.0,35338.54975700378,106968.6984205246,142307.24817752838,-0.0036226261915855984,-0.05128501214981063,-0.014429970797646519,-0.11990483907065153,-0.02366266361565439,-0.12789700616451272
2022-10-17,55.21500043869019,0,650,0.0,35889.75028514862,106968.6984205246,142858.44870567322,0.0038733130968648943,-0.047610341962178504,0.015597712184994172,-0.10617736805506939,0.026480052302171098,-0.10480367327486906
2022-10-18,55.46199979782105,0,650,0.0,36050.29986858369,106968.6984205246,143018.99828910828,0.0011238368111208263,-0.04654001140594477,0.00447341043499816,-0.1021789325662894,0.011427569666488724,-0.09457375488603281
2022-10-19,55.21899909973145,0,650,0.0,35892.34941482544,106968.6984205246,142861.04783535004,-0.0011044019021790863,-0.047593014430999725,-0.004381390843738564,-0.10611263757045908,-0.0066720972934503076,-0.10061484688547662
2022-10-20,55.14999942779542,0,650,0.0,35847.499628067024,106968.6984205246,142816.1980485916,-0.00031393992580897034,-0.04789201300938917,-0.0012495639736498365,-0.10722960701505191,-0.007950909706564868,-0.10776577702931522
2022-10-21,55.90100040435791,0,650,0.0,36335.65026283264,106968.6984205246,143304.34868335724,0.003418034098621847,-0.044637675444285096,0.013617424920298049,-0.09507237321751438,0.02372481982226482,-0.08659768085007724
2022-10-24,56.38499898910522,0,650,0.0,36650.249342918396,106968.6984205246,143618.947763443,0.002195321237465686,-0.04254034824371333,0.008658138159358897,-0.08723738480061083,0.011881976654619875,-0.07574465581766221
2022-10-25,57.15300016403199,0,650,0.0,37149.45010662079,106968.6984205246,144118.1485271454,0.0034758698032284485,-0.03921234315236399,0.013620664870015453,-0.07480495111310104,0.016266654579669915,-0.060710113390434195
2022-10-26,56.70599975585938,0,650,0.0,36858.8998413086,106968.6984205246,143827.5982618332,-0.002016056050411108,-0.041149344921112,-0.00782111887196979,-0.08204101157020338,-0.007387716072364547,-0.06764932038234917
2022-10-27,56.63899974822998,0,650,0.0,36815.34983634949,106968.6984205246,143784.04825687408,-0.0003027931042818288,-0.04143967828750594,-0.0011815329580266987,-0.08312561036915,-0.006082610618211248,-0.07332044652608793
2022-10-28,57.555000400543214,0,650,0.0,37410.75026035309,106968.6984205246,144379.4486808777,0.004140935181765837,-0.037470342127481904,0.016172613506329814,-0.06829735523179825,0.024626377895927698,-0.0504996856538098
2022-10-31,57.15799980163576,0,650,0.0,37152.69987106325,106968.6984205246,144121.39829158783,-0.0017873069307822176,-0.039190678056080896,-0.00689776033610634,-0.07472401677992568,-0.00745440410765752,-0.057577644697294095
2022-11-01,56.945000553131095,0,650,0.0,37014.25035953521,106968.6984205246,143982.9487800598,-0.0009606450753960605,-0.04011367479960093,-0.0037264993394428014,-0.07817205712019759,-0.004101230608784645,-0.06144273610726447
2022-11-02,55.99699869155885,0,650,0.0,36398.04914951325,106968.6984205246,143366.74757003784,-0.004279681832070614,-0.04422168286641415,-0.016647674991024597,-0.09351834911090529,-0.02500198485734284,-0.08490853060685977
2022-11-03,55.18400039672851,0,650,0.0,35869.60025787353,106968.6984205246,142838.29867839813,-0.0036859934440623965,-0.04774467547734551,-0.014518604815027314,-0.10667919797223757,-0.010585992315429671,-0.09459568186977074
2022-11-04,55.69339847564697,0,650,0.0,36200.70900917053,106968.6984205246,143169.40742969513,0.0023180670335656295,-0.04553728380203226,0.009230901624679433,-0.09843304152943955,0.013618724670070526,-0.08226522974606221
2022-11-07,55.97499952316284,0,650,0.0,36383.74969005585,106968.6984205246,143352.44811058044,0.0012784901758793321,-0.04431701259613008,0.005056273368539532,-0.09387447252736969,0.009613981920559844,-0.07344214425697171
2022-11-08,56.20140066146851,0,650,0.0,36530.910429954536,106968.6984205246,143499.60885047913,0.001026565934787227,-0.0433359409968056,0.004044683166312124,-0.09020948185983546,0.005597892802462701,-0.06825537270524251
2022-11-09,55.53649930953979,0,650,0.0,36098.72455120087,106968.6984205246,143067.42297172546,-0.0030117564933851426,-0.04621718018849663,-0.011830690055818716,-0.10097293149567443,-0.02077788695478977,-0.08761505724190566
2022-11-10,58.047997856140135,0,650,0.0,37731.19860649109,106968.6984205246,144699.8970270157,0.011410522545113988,-0.035334019819895035,0.04522248571344378,-0.06031669273423834,0.05543448436034493,-0.037037468401967866
2022-11-11,58.26700105667114,0,650,0.0,37873.55068683624,106968.6984205246,144842.24910736084,0.0009837745794565311,-0.034385005950927305,0.003772795076821822,-0.056771460178814404,0.009240746788147902,-0.02813897548099653
2022-11-14,57.96150016784668,0,650,0.0,37674.97510910034,106968.6984205246,144643.67352962494,-0.0013709782812659776,-0.035708843135833335,-0.005243120175814964,-0.061716920766355376,-0.008935777048800997,-0.036823308918517705
2022-11-15,58.52900066375733,0,650,0.0,38043.85043144227,106968.6984205246,145012.54885196686,0.002550234748195601,-0.033249674320220635,0.009790990472421601,-0.05253020007714437,0.008713116550319144,-0.028431038150574017
2022-11-16,58.25500135421753,0,650,0.0,37865.750880241394,106968.6984205246,144834.449300766,-0.0012281664767004319,-0.034437004661559745,-0.004681428119948539,-0.05696571184130528,-0.008252046497990273,-0.036448470399759625
2022-11-17,58.21900062561035,0,650,0.0,37842.35040664673,106968.6984205246,144811.04882717133,-0.00016156704228609264,-0.034593007818857435,-0.000617985199043658,-0.05754849307357801,-0.0030893228355314273,-0.03942519214336493
2022-11-18,58.08799934387206,0,650,0.0,37757.19957351684,106968.6984205246,144725.89799404144,-0.0005880133720425063,-0.03516068003972328,-0.0022501465214203042,-0.0596691470534958,0.00475858190881473,-0.03485421824063517
2022-11-21,57.824000453948976,0,650,0.0,37585.60029506683,106968.6984205246,144554.29871559143,-0.001185684668939313,-0.03630467522938996,-0.004544809477087575,-0.06394277162556494,-0.003883688698329779,-0.03860254400549468
2022-11-22,58.413398361206056,0,650,0.0,37968.708934783936,106968.6984205246,144937.40735530853,0.002650274970174893,-0.03375061763127585,0.010192963174979086,-0.0544015747670713,0.013579987927526016,-0.0255467781595351
2022-11-23,58.94299983978272,0,650,0.0,38312.94989585877,106968.6984205246,145281.64831638336,0.002375100861511381,-0.03145567789077708,0.00906643841027388,-0.04582836488384501,0.0059146891478476515,-0.019783190263230166
2022-11-25,58.73900060653687,0,650,0.0,38180.35039424896,106968.6984205246,145149.04881477356,-0.0009127064783918115,-0.03233967456817577,-0.0034609577693764937,-0.04913071261771895,-0.0002830441976333642,-0.020060634943648847
2022-11-28,58.02600040435792,0,650,0.0,37716.90026283265,106968.6984205246,144685.59868335724,-0.003192925721530071,-0.03542934211095117,-0.012138446259155389,-0.06067278836209011,-0.015444192913123267,-0.03519500754074267
2022-11-29,57.84800024032592,0,650,0.0,37601.20015621185,106968.6984205246,144569.89857673645,-0.0007996656728358476,-0.036200676155089706,-0.003067593196008578,-0.06355426212533632,-0.0015918653377758885,-0.03673084716595165
2022-11-30,59.28300085067749,0,650,0.0,38533.95055294037,106968.6984205246,145502.64897346497,0.006451899087647428,-0.02998234017689949,0.024806399605689755,-0.04032441494257244,0.030947872397389053,-0.006919716339702453
2022-12-01,59.4699990272522,0,650,0.0,38655.49936771393,106968.6984205246,145624.19778823853,0.0008353718343350192,-0.02917201474507569,0.003154330480768408,-0.03729728099297658,-0.0008676332180498347,-0.007781345781996518
2022-12-02,59.34000091552735,0,650,0.0,38571.00059509277,106968.6984205246,145539.69901561737,-0.0005802522788419529,-0.029735339895883395,-0.0021859444064440403,-0.039401695616658405,-0.001194660488065602,-0.008966710203712425
2022-12-05,58.74700107574463,0,650,0.0,38185.55069923401,106968.6984205246,145154.2491197586,-0.002648417568991923,-0.032305005868275116,-0.009993256330192435,-0.0490012007027093,-0.017894212283564803,-0.026700470271406762
2022-12-06,58.27199974060059,0,650,0.0,37876.79983139039,106968.6984205246,144845.49825191498,-0.0021270535979204253,-0.03436334498723259,-0.008085541839516153,-0.05669054128375717,-0.014399194981406072,-0.040715199975279615
2022-12-07,58.17400159835816,0,650,0.0,37813.10103893281,106968.6984205246,144781.7994594574,-0.0004397706054128925,-0.034788003603616446,-0.0016817363858915302,-0.05827693912363596,-0.0018623708845491027,-0.042501744056836155
2022-12-08,58.500000476837165,0,650,0.0,38025.00030994416,106968.6984205246,144993.69873046875,0.0014635767189141724,-0.03337534179687407,0.0056038585884077285,-0.052999656261042305,0.00752178195750397,-0.03529965095094134
2022-12-09,58.20800046920776,0,650,0.0,37835.20030498505,106968.6984205246,144803.89872550964,-0.001309022437671059,-0.034640675163268075,-0.004991453081184538,-0.057726564044680906,-0.007349578247904498,-0.04238979165205814
2022-12-12,58.76600170135499,0,650,0.0,38197.901105880745,106968.6984205246,145166.59952640533,0.00250477234444646,-0.03222266982396349,0.009586332250708596,-0.048693617816596424,0.014279296218109305,-0.02871579182557249
2022-12-13,59.13700094223022,0,650,0.0,38439.050612449646,106968.6984205246,145407.74903297424,0.0016611913990933758,-0.030615006446837456,0.006313161183921112,-0.04268786729057972,0.0072896644387934195,-0.02163545587328175
2022-12-14,58.91100215911865,0,650,0.0,38292.151403427124,106968.6984205246,145260.84982395172,-0.0010102570873936623,-0.031594334506987565,-0.0038216138713619285,-0.04634634461616516,-0.006052724634100337,-0.027557227050647892
2022-12-15,57.68699941635132,0,650,0.0,37496.54962062836,106968.6984205246,144465.24804115295,-0.005477055818983501,-0.03689834639231271,-0.0207771502420091,-0.06616054989291631,-0.024921675023714007,-0.0517921298172509
2022-12-16,57.288001203536986,0,650,0.0,37237.20078229904,106968.6984205246,144205.89920282364,-0.0017952333993531688,-0.038627338647841514,-0.006916605419786115,-0.0726195488947371,-0.011137750774080746,-0.062353032757368254
2022-12-19,56.77599859237671,0,650,0.0,36904.39908504486,106968.6984205246,143873.09750556946,-0.002307823043952606,-0.04084601662953602,-0.00893734465165219,-0.08090786760946955,-0.009007516001852345,-0.07079890281889456
2022-12-20,56.624001121521,0,650,0.0,36805.60072898865,106968.6984205246,143774.29914951324,-0.0006867048653927954,-0.0415046723365774,-0.002677143064395482,-0.08336840873723927,0.0010373383615349674,-0.06983500687520827
2022-12-21,57.03300142288208,0,650,0.0,37071.45092487335,106968.6984205246,144040.14934539795,0.0018490801030317527,-0.039732337697346076,0.007223090796486309,-0.07674749552662063,0.014867993802734736,-0.056005319521908126
2022-12-22,56.31100082397462,0,650,0.0,36602.1505355835,106968.6984205246,143570.8489561081,-0.0032581220682055267,-0.042861006959278525,-0.012659347761729278,-0.08843527005263663,-0.01445169956861636,-0.06964764703854953
2022-12-23,56.16900043487549,0,650,0.0,36509.85028266907,106968.6984205246,143478.54870319366,-0.0006428899291571755,-0.04347634197870809,-0.0025217166631971155,-0.09073397802172767,0.005868102525282026,-0.0641882440467344
2022-12-27,55.79300017356873,0,650,0.0,36265.45011281967,106968.6984205246,143234.14853334427,-0.0017033917059962045,-0.04510567644437069,-0.006694088525622144,-0.09682068526619048,-0.004049622110409712,-0.06797792802482405
2022-12-28,55.36800031661987,0,650,0.0,35989.20020580292,106968.6984205246,142957.89862632751,-0.0019286595399591322,-0.04694734249114907,-0.007617440460751523,-0.10370059992155767,-0.012020638322615351,-0.07918142826073227
2022-12-29,56.08700051307678,0,650,0.0,36456.55033349991,106968.6984205246,143425.2487540245,0.0032691451972064467,-0.0438316749731692,0.012985843670447528,-0.09206139603022312,0.01746133164481911,-0.0631027097948843
2022-12-30,55.98400068283081,0,650,0.0,36389.60044384003,106968.6984205246,143358.29886436462,-0.0004667929129738013,-0.04427800757090172,-0.0018364296415165349,-0.09372876139523034,-0.0025407424823445934,-0.06548312454170202
2023-01-03,56.00599946975708,0,650,0.0,36403.8996553421,106968.6984205246,143372.5980758667,9.974456739048065e-05,-0.04418267949422128,0.0003929477468196385,-0.09337264415401314,-0.004000548879248611,-0.06922170498045566
2023-01-04,56.22499990463257,0,650,0.0,36546.24993801117,106968.6984205246,143514.94835853577,0.0009928695202534588,-0.04323367760976071,0.0039103031273237665,-0.08982745636913125,0.007538970575044379,-0.06220459480241336
2023-01-05,55.69400110244751,0,650,0.0,36201.10071659088,106968.6984205246,143169.79913711548,-0.0024049705300246416,-0.04553467241922926,-0.009444176133138749,-0.09842328618272811,-0.011645528874622113,-0.07312571827212977
2023-01-06,56.64300022125244,0,650,0.0,36817.95014381409,106968.6984205246,143786.64856433868,0.004308516397598883,-0.04142234290440794,0.017039521313243045,-0.0830608505521151,0.02284078102943865,-0.05195518576136526
2023-01-09,56.96600017547608,0,650,0.0,37027.900114059456,106968.6984205246,143996.59853458405,0.0014601492721448839,-0.040022676436105464,0.0057023807524667625,-0.07783211439512028,-0.0007676325452631305,-0.05268293581514283
2023-01-10,57.1100001335144,0,650,0.0,37121.500086784356,106968.6984205246,144090.19850730896,0.0006500151647848007,-0.03939867661793939,0.0025278228696896665,-0.07550103732419489,0.006978233159061986,-0.04607233646570286
2023-01-11,57.7620005607605,0,650,0.0,37545.300364494324,106968.6984205246,144513.99878501892,0.0029412151700829448,-0.03657334143320634,0.011416571979019796,-0.06494642837227738,0.012849424614881588,-0.033814914865068824
2023-01-12,58.14099864959717,0,650,0.0,37791.64912223816,106968.6984205246,144760.34754276276,0.0017046705496697179,-0.034931016381580804,0.0065613740029313306,-0.05881119217605113,0.0034159058663651987,-0.030514517564761867
2023-01-13,58.24800128936767,0,650,0.0,37861.20083808899,106968.6984205246,144829.8992586136,0.0004804611002351411,-0.03446733827590864,0.0018403990687427818,-0.0570790291706208,0.003996858363534361,-0.02663962140596543
2023-01-17,58.50799989700317,0,650,0.0,38030.199933052056,106968.6984205246,144998.89835357666,0.001166879876518534,-0.03334067764282145,0.004463648569568157,-0.052870161327962406,-0.0020304911890052235,-0.028616021078427423
2023-01-18,58.24400081634521,0,650,0.0,37858.60053062439,106968.6984205246,144827.298951149,-0.0011834531460317432,-0.03448467365900598,-0.0045121877541993705,-0.05714378898765515,-0.015562598500411085,-0.04373327993211562
2023-01-19,58.00399866104126,0,650,0.0,37702.59912967682,106968.6984205246,144671.29755020142,-0.0010771546668159049,-0.03552468299865652,-0.004120633059887635,-0.06102895346147297,-0.007638350296294338,-0.05103758011668258
2023-01-20,58.62499866485596,0,650,0.0,38106.24913215637,106968.6984205246,145074.94755268097,0.0027901180767351264,-0.03283368298212619,0.01070615850889256,-0.05097618060197073,0.018918401045981525,-0.03308472847976485
2023-01-23,59.164000415802,1,1300,650.0,76913.2005405426,68512.0981502533,145425.2986907959,0.0024149664985244623,-0.03049800872802677,0.009194059927018161,-0.04225079873425763,0.01188134498366522,-0.021596474568858604
2023-01-24,59.25400037765503,1,1300,0.0,77030.20049095154,68512.0981502533,145542.29864120483,0.0008045364284086087,-0.029718009058633754,0.0015211946660218523,-0.040793875757905496,-0.0007115031258156934,-0.022292611735512002
2023-01-25,59.24500112533569,1,1300,0.0,77018.5014629364,68512.0981502533,145530.5996131897,-8.03823226949163e-05,-0.029796002578734715,-0.0001518758609037052,-0.04093955601380883,-0.0001817250594663422,-0.02247028566878506
2023-01-26,59.59000034332275,1,1300,0.0,77467.00044631958,68512.0981502533,145979.09859657288,0.003081819112786377,-0.02680600935618016,0.005823262915586769,-0.035354694896537864,0.011007853469181317,-0.011709781811656383
2023-01-27,59.65399980545044,1,1300,0.0,77550.19974708557,68512.0981502533,146062.29789733887,0.0005699398171783443,-0.026251347351073595,0.0010739966732498107,-0.034318669047990746,0.002494840970949097,-0.009244154884131883
2023-01-30,58.95999917984008,1,1300,0.0,76647.9989337921,68512.0981502533,145160.0970840454,-0.006176821988159942,-0.03226601943969665,-0.011633765177082811,-0.045553178888179224,-0.012968740984683369,-0.02209301081850068
2023-01-31,59.450000762939446,1,1300,0.0,77285.00099182127,68512.0981502533,145797.09914207458,0.004388272471741006,-0.02801933905283549,0.008310746097617061,-0.0376210136942412,0.014642470285510134,-0.007774036787417948
2023-02-01,60.219000244140624,1,1300,0.0,78284.70031738281,68512.0981502533,146796.7984676361,0.006856784747049982,-0.021354676882425427,0.012935230804581588,-0.025172419384896894,0.010452303944590291,0.0025970105617938444
2023-02-02,61.2360013961792,1,1300,0.0,79606.80181503296,68512.0981502533,148118.89996528625,0.009006337409610543,-0.01254066689809119,0.016888376557488982,-0.008709164124843127,0.014699373244309921,0.017334558233671027
2023-02-03,60.704000091552736,1,1300,0.0,78915.20011901855,68512.0981502533,147427.29826927185,-0.0046692332725701835,-0.01715134487152059,-0.008687721152538463,-0.017321222487993282,-0.010354610691310495,0.006800454940345091
2023-02-06,60.20299987792969,1,1300,0.0,78263.8998413086,68512.0981502533,146775.9979915619,-0.004417772592701152,-0.02149334672292036,-0.008253166395417844,-0.025431433952045612,-0.006140463017754394,0.0006182339805256287
2023-02-07,60.85499801635742,1,1300,0.0,79111.49742126465,68512.0981502533,147623.59557151794,0.005774769659578682,-0.01584269618987999,0.010829994182179448,-0.014876862051611317,0.01287251059802652,0.013498702802018592
2023-02-08,60.53300037384033,1,1300,0.0,78692.90048599243,68512.0981502533,147204.99863624573,-0.0028355692980627234,-0.01863334242502812,-0.0052912275575218715,-0.020089372746676215,-0.011080724476164705,0.002268402919319179
2023-02-09,60.19600057601929,1,1300,0.0,78254.80074882507,68512.0981502533,146766.89889907837,-0.0029761199770799163,-0.0215540073394771,-0.005567207898828697,-0.02554473893086706,-0.00882979617773516,-0.006581422793842551
2023-02-10,60.00200004577636,1,1300,0.0,78002.60005950928,68512.0981502533,146514.69820976257,-0.0017183758136718463,-0.023235345268249108,-0.00322281427979465,-0.02868522726126166,0.0021952617756952897,-0.004400608964036268
2023-02-13,60.49699964523315,1,1300,0.0,78646.0995388031,68512.0981502533,147158.1976890564,0.004392047263220844,-0.018945348739623724,0.008249718327374866,-0.02067215397894895,0.011448609342766147,0.006997619525830334
2023-02-14,60.58300018310547,1,1300,0.0,78757.90023803711,68512.0981502533,147269.9983882904,0.0007597313706588782,-0.018200010744730433,0.0014215669930184305,-0.019279973837701636,-0.0002804145319874607,0.006715242759638418
2023-02-15,60.77799968719482,1,1300,0.0,79011.39959335327,68512.0981502533,147523.49774360657,0.0017213238140181275,-0.016510015042622617,0.0032187165293893205,-0.016123314078789974,0.002773175690496066,0.009507040998111282
2023-02-16,60.18799829483032,1,1300,0.0,78244.39778327942,68512.0981502533,146756.49593353271,-0.005199184006651536,-0.02162336044311497,-0.009707482895143782,-0.025674280178300868,-0.013788741489130674,-0.004412790621668883
2023-02-17,59.93100194931031,1,1300,0.0,77910.3025341034,68512.0981502533,146422.4006843567,-0.00227652784328769,-0.023850662104288434,-0.004269893546901549,-0.029834547281947787,-0.002767405825327751,-0.0071679844645242685
2023-02-21,58.99400091171264,1,1300,0.0,76692.20118522643,68512.0981502533,145204.29933547974,-0.008319091499550124,-0.031971337763468166,-0.015634663314826325,-0.04500275749487059,-0.020041234255327334,-0.027065563464059528
2023-02-22,58.9550012588501,1,1300,0.0,76641.50163650514,68512.0981502533,145153.59978675842,-0.00034916010719610036,-0.032309334754943575,-0.0006610782835512197,-0.045634085432742055,-0.0015735561458868341,-0.02859653042621557
2023-02-23,59.534000110626216,1,1300,0.0,77394.20014381409,68512.0981502533,145906.29829406738,0.005185531109216157,-0.027291344706217302,0.0098210302673718,-0.03626122889962902,0.005329429416074394,-0.023419504200592356
2023-02-24,58.89399881362915,1,1300,0.0,76562.1984577179,68512.0981502533,145074.2966079712,-0.005702301379885144,-0.03283802261352531,-0.010750181338526121,-0.046621595451926345,-0.010537551485558128,-0.03371027145487049
2023-02-27,58.98300075531006,1,1300,0.0,76677.90098190308,68512.0981502533,145189.99913215637,0.0007975397909241178,-0.03206667245229078,0.0015112225943860746,-0.0451808284659736,0.0030730045671669703,-0.030740858705844754
2023-02-28,58.92599992752075,1,1300,0.0,76603.79990577698,68512.0981502533,145115.89805603027,-0.0005103731425650793,-0.032560679626464806,-0.000966394165426987,-0.04610356014238193,-0.0030360018281855305,-0.03368353123079937
2023-03-01,58.60100135803223,1,1300,0.0,76181.3017654419,68512.0981502533,144693.3999156952,-0.002911453162574573,-0.03537733389536535,-0.005515367917188874,-0.05136464996309331,-0.004725264845680033,-0.03824963247047619
2023-03-02,58.9220006942749,1,1300,0.0,76598.60090255737,68512.0981502533,145110.69905281067,0.0028840233027809248,-0.032595339647928934,0.005477710769504984,-0.04616829988986304,0.0075821940867943916,-0.030957454520821548
2023-03-03,59.59599876403808,1,1300,0.0,77474.7983932495,68512.0981502533,145986.8965435028,0.006038131553437465,-0.026754023043314645,0.011438818468848533,-0.03525759222247005,0.0161477371607488,-0.015309610198840806
2023-03-06,59.7600004196167,1,1300,0.0,77688.00054550171,68512.0981502533,146200.098695755,0.0014604197862968515,-0.025332675361633306,0.002751890378210886,-0.0326027268730551,0.0006871667698291617,-0.01463296368439937
2023-03-07,59.52099990844727,1,1300,0.0,77377.29988098146,68512.0981502533,145889.39803123474,-0.002125174109265382,-0.027404013125101767,-0.0039993391815803525,-0.036471676691625654,-0.015326919115337678,-0.02973560454892854
2023-03-08,59.8330005645752,1,1300,0.0,77782.90073394777,68512.0981502533,146294.99888420105,0.002780194163797045,-0.024700007438659743,0.0052418584467304186,-0.03142099761142769,0.0014147940136839399,-0.02836288029055367
2023-03-09,59.33400049209595,1,1300,0.0,77134.20063972475,68512.0981502533,145646.29878997803,-0.004434191866917403,-0.029024674733479805,-0.00833988046346934,-0.03949883071077476,-0.01845935787384867,-0.046298677606785854
2023-03-10,59.1120002746582,1,1300,0.0,76845.60035705566,68512.0981502533,145357.69850730896,-0.0019815147042303582,-0.03094867661794032,-0.0037415346276428174,-0.043092579095561856,-0.01447813845705137,-0.060106497399067815
2023-03-13,59.81599769592285,1,1300,0.0,77760.7970046997,68512.0981502533,146272.895154953,0.006296169085244774,-0.024847365633646645,0.011909551664528228,-0.03169624072813004,-0.001509761003189447,-0.061525511956445844
2023-03-14,60.34600143432617,1,1300,0.0,78449.80186462402,68512.0981502533,146961.90001487732,0.004710406936257128,-0.020253999900818,0.008860568390042012,-0.023116519046766815,0.016476655480623936,-0.04606259113959732
2023-03-15,60.56400089263917,1,1300,0.0,78733.20116043092,68512.0981502533,147245.2993106842,0.001928386172050045,-0.018364671262105392,0.0036124921806168775,-0.019587535110449417,-0.00698088356543769,-0.052721917119567085
2023-03-16,61.28600168228149,1,1300,0.0,79671.80218696593,68512.0981502533,148183.90033721924,0.006374404011055157,-0.01210733108520512,0.011921286226155958,-0.007899757496810045,0.017562006217166637,-0.03608581353863527
2023-03-17,61.64900150299072,1,1300,0.0,80143.70195388794,68512.0981502533,148655.80010414124,0.0031845549067617274,-0.008961332639058517,0.00592304622173101,-0.002023501903873126,-0.011019457310067593,-0.04670762476691481
2023-03-20,61.696999359130864,1,1300,0.0,80206.09916687012,68512.0981502533,148718.1973171234,0.0004197428754106891,-0.00854535121917721,0.0007785666429296345,-0.001246510692027747,0.008918403718310097,-0.03820577850299944
2023-03-21,61.74800128936768,1,1300,0.0,80272.40167617798,68512.0981502533,148784.49982643127,0.0004458264725095695,-0.00810333449045808,0.0008266517134802864,-0.00042088940874684955,0.012982193897784988,-0.025719579429756223
2023-03-22,61.478999137878425,1,1300,0.0,79922.69887924196,68512.0981502533,148434.79702949524,-0.002350398041086166,-0.010434686470031651,-0.00435645115424288,-0.004775506978839217,-0.01646322377571363,-0.04175937601390056
2023-03-23,62.24000110626221,1,1300,0.0,80912.00143814088,68512.0981502533,149424.09958839417,0.0066648964979709735,-0.0038393360773721907,0.012378242636596815,0.00754362327366076,0.0029845287333754023,-0.03889947933812643
2023-03-24,62.2900011062622,1,1300,0.0,80977.00143814087,68512.0981502533,149489.09958839417,0.000435003457802674,-0.003406002744038794,0.0008033418880346588,0.008353025270258607,0.005639807253104534,-0.033479057650735
2023-03-27,61.76399993896485,1,1300,0.0,80293.19992065431,68512.0981502533,148805.2980709076,-0.0045742567141642265,-0.007964679527282637,-0.00844439168334632,-0.000161902630210653,0.0016469543057482383,-0.03188724182313707
2023-03-28,61.663999080657966,1,1300,0.0,80163.19880485536,68512.0981502533,148675.29695510864,-0.0008736323066736995,-0.008831353632609007,-0.0016190800208164546,-0.0017807205177131635,-0.0015738434957162095,-0.033410899790713655
2023-03-29,62.26899967193603,1,1300,0.0,80949.69957351683,68512.0981502533,149461.79772377014,0.005290056820259625,-0.003588015174865733,0.009811244815418396,0.008013053212758026,0.014237268879836451,-0.019649310874714887
2023-03-30,62.597001457214354,1,1300,0.0,81376.10189437866,68512.0981502533,149888.20004463196,0.0028529184537835484,-0.0007453330357870547,0.005267497261982612,0.013322759210598889,0.005715269388667954,-0.014046342590997574
2023-03-31,63.14499778747558,1,1300,0.0,82088.49712371826,68512.0981502533,150600.59527397156,0.004752843980563304,0.004003968493143661,0.008754354322160207,0.022193745687437483,0.014436542471763847,0.00018741925937848514
2023-04-03,63.086001014709474,1,1300,0.0,82011.80131912231,68512.0981502533,150523.8994693756,-0.0005092662778418688,0.0034926631291707366,-0.0009343063557413211,0.021238703574042672,0.0036988464765423945,0.003886958970988008
2023-04-04,62.960000896453856,1,1300,0.0,81848.00116539001,68512.0981502533,150360.0993156433,-0.0010882003077897773,0.0024006621042886866,-0.001997275405461796,0.019199008628288494,-0.005796972083329965,-0.0019325457049857997
2023-04-05,62.69899883270264,1,1300,0.0,81508.69848251344,68512.0981502533,150020.79663276672,-0.0022566005504179865,0.00013864421844478336,-0.0041455219192335635,0.014973896797958908,-0.002492370531228194,-0.004420099616248674
2023-04-06,62.83000030517579,1,1300,0.0,81679.00039672853,68512.0981502533,150191.0985469818,0.0011351887074160238,0.001273990313211959,0.002089371041197774,0.017094553865500295,0.0035791630944272956,-0.0008567567792415742
2023-04-10,62.78500213623047,1,1300,0.0,81620.50277709961,68512.0981502533,150132.6009273529,-0.0003894879270132101,0.0008840061823525147,-0.0007161892205436171,0.01636612170974816,0.0009963029974375814,0.00013869262884869116
2023-04-11,62.53999938964844,1,1300,0.0,81301.99920654298,68512.0981502533,149814.09735679626,-0.0021214817340755587,-0.0012393509546917425,-0.003902249553968673,0.01240000746463732,-4.1352477946232646e-05,9.733441561854406e-05
2023-04-12,62.32299919128418,1,1300,0.0,81019.89894866943,68512.0981502533,149531.99709892273,-0.001883002086256802,-0.003120019340515201,-0.0034697825468827936,0.008887199588272443,-0.004134884052006904,-0.004037952102911246
2023-04-13,62.9509994506836,1,1300,0.0,81836.29928588867,68512.0981502533,150348.39743614197,0.005459703294667717,0.002322649574279634,0.010076541045014986,0.0190532928647138,0.01326268999363811,0.009171183783776904
2023-04-14,62.59199829101563,1,1300,0.0,81369.59777832031,68512.0981502533,149881.6959285736,-0.0031041335692758576,-0.0007886938095094109,-0.005702866718569122,0.013241767756387413,-0.0020693734728036706,0.007082831706536785
