index,close,BB_signal,Position,Entry/Exit Position,Portfolio Holdings,Portfolio Cash,Portfolio Total,Portfolio Daily Returns,Portfolio Cumulative Returns,Base Daily Returns,Base Cumulative Returns
2022-01-10,242.5840009689331,0,200,200.0,48516.80019378662,101483.19980621338,150000.0,,,,
2022-01-11,244.59199523925778,0,200,0.0,48918.399047851555,101483.19980621338,150401.59885406494,0.0026773256937662193,0.0026773256937662193,0.008277521445372749,0.008277521445372749
2022-01-12,245.19999446868897,0,200,0.0,49039.99889373779,101483.19980621338,150523.19869995117,0.0008085010186906771,0.0034879913330077006,0.002485769122724024,0.01078386657531838
2022-01-13,242.53299713134766,0,200,0.0,48506.59942626953,101483.19980621338,149989.7992324829,-0.003543636277166362,-6.800511678073384e-05,-0.01087682462277495,-0.00021025227295168314
2022-01-14,242.40200023651124,0,200,0.0,48480.400047302246,101483.19980621338,149963.59985351562,-0.00017467440520191335,-0.00024266764322933287,-0.0005401198863075329,-0.0007502585978254039
2022-01-18,238.663000869751,1,400,200.0,95465.20034790039,53750.59963226318,149215.79998016357,-0.00498654256154496,-0.005228000132243005,-0.015424787597099532,-0.016163473615410595
2022-01-19,236.8130048751831,1,400,0.0,94725.20195007324,53750.59963226318,148475.80158233643,-0.0049592496097968786,-0.010161322784424054,-0.007751498924533751,-0.02378968139159776
2022-01-20,234.93400096893313,1,400,0.0,93973.60038757326,53750.59963226318,147724.20001983643,-0.005062114866463352,-0.015171999867757413,-0.007934546952944377,-0.031535468000544964
2022-01-21,231.2280040740967,1,400,0.0,92491.20162963869,53750.59963226318,146241.80126190186,-0.010034908009219246,-0.025054658253987783,-0.015774629809018115,-0.046812637476000396
2022-01-24,231.89969558715822,1,400,0.0,92759.87823486328,53750.59963226318,146510.47786712646,0.001837207986404854,-0.02326348088582375,0.0029048882541331533,-0.044043734702616244
2022-01-25,229.79199962615968,1,400,0.0,91916.79985046387,53750.59963226318,145667.39948272705,-0.0057543896973977215,-0.028884003448486517,-0.009088825906657494,-0.052732254772282605
2022-01-26,229.1199962615967,0,200,-200.0,45823.999252319336,99574.59888458252,145398.59813690186,-0.001845308880228047,-0.03067601242065454,-0.002924398437092024,-0.05550244308593422
2022-01-27,228.08300056457523,0,200,0.0,45616.600112915046,99574.59888458252,145191.19899749756,-0.0014264177375975517,-0.03205867335001655,-0.004525993863222166,-0.05977723323235562
2022-01-28,232.56650047302247,0,200,0.0,46513.30009460449,99574.59888458252,146087.898979187,0.00617599405391589,-0.026080673472086757,0.019657317280767028,-0.041294975991403415
2022-01-31,235.85299625396732,0,200,0.0,47170.599250793464,99574.59888458252,146745.19813537598,0.004499340197113844,-0.02169867909749368,0.014131423804633725,-0.02774710899350641
2022-02-01,237.03800735473632,0,200,0.0,47407.601470947266,99574.59888458252,146982.20035552979,0.0016150594579262822,-0.020118664296468358,0.005024363139711774,-0.022862157405455164
2022-02-02,238.77900276184084,0,200,0.0,47755.80055236817,99574.59888458252,147330.39943695068,0.0023689880854869116,-0.017797337086995713,0.007344794307602598,-0.01568528094142363
2022-02-03,234.30100326538087,0,200,0.0,46860.20065307617,99574.59888458252,146434.7995376587,-0.006078853398312156,-0.02376800308227567,-0.0187537406751227,-0.03414486392535443
2022-02-04,235.26100215911868,0,200,0.0,47052.20043182374,99574.59888458252,146626.79931640625,0.0013111622329784467,-0.02248800455729205,0.004097288873537108,-0.03018747642286712
2022-02-07,234.9189989089966,0,200,0.0,46983.79978179932,99574.59888458252,146558.39866638184,-0.0004664948723105411,-0.02294400889078807,-0.0014537184105454237,-0.03159731074316874
2022-02-08,236.31800231933596,0,200,0.0,47263.600463867195,99574.59888458252,146838.1993484497,0.0019091412338967384,-0.02107867101033567,0.005955258692726284,-0.02583022220991249
2022-02-09,239.0689994812012,0,200,0.0,47813.799896240234,99574.59888458252,147388.39878082275,0.0037469775222958024,-0.017410674794515413,0.01164108165635147,-0.014489832279508286
2022-02-10,235.3200008392334,0,200,0.0,47064.00016784668,99574.59888458252,146638.5990524292,-0.005087237086472185,-0.022409339650472426,-0.01568165947949518,-0.029944267143281245
2022-02-11,231.93400211334227,0,200,0.0,46386.80042266846,99574.59888458252,145961.39930725098,-0.004618154766577454,-0.026924004618327224,-0.014388911753422828,-0.04390231347925844
2022-02-14,231.13700084686283,0,200,0.0,46227.400169372566,99574.59888458252,145801.99905395508,-0.0010920712876995031,-0.02798667297363311,-0.0034363278312680157,-0.04718777856886058
2022-02-15,234.09799995422367,0,200,0.0,46819.599990844734,99574.59888458252,146394.19887542725,0.004061671481287554,-0.024038674163818663,0.012810580290096407,-0.0349817011048319
2022-02-16,234.40400390625,0,200,0.0,46880.80078125,99574.59888458252,146455.39966583252,0.00041805475131795333,-0.023630668894450313,0.0013071617531383861,-0.03372026609343748
2022-02-17,230.52600383758548,0,200,0.0,46105.2007675171,99574.59888458252,145679.7996520996,-0.00529581029789683,-0.028801335652669735,-0.016544086295622873,-0.04970648139689915
2022-02-18,229.27200279235842,0,200,0.0,45854.40055847169,99574.59888458252,145428.9994430542,-0.00172158535119038,-0.030473337046305726,-0.005439737922627419,-0.054875829087671524
2022-02-22,227.20199813842774,0,200,0.0,45440.39962768555,99574.59888458252,145014.99851226807,-0.002846756371642667,-0.03323334325154659,-0.009028597599007315,-0.0634089749079344
2022-02-23,223.91200485229493,1,400,200.0,89564.80194091797,54792.197914123535,144356.9998550415,-0.004537452428901023,-0.0376200009663904,-0.014480476902004713,-0.07697125961340501
2022-02-24,226.75700569152832,0,200,-200.0,45351.401138305664,100143.5990524292,145495.00019073486,0.007883236260355142,-0.03003333206176806,0.012705887927313864,-0.06524335988436325
2022-02-25,230.5844944000244,0,200,0.0,46116.89888000488,100143.5990524292,146260.49793243408,0.005261333658859169,-0.02493001378377313,0.01687925229398579,-0.049465366722372894
2022-02-28,230.79000186920172,0,200,0.0,46158.00037384035,100143.5990524292,146301.59942626953,0.00028101568377292274,-0.0246560038248701,0.0008912458303498294,-0.04861820669386108
2022-03-01,228.54500465393065,0,200,0.0,45709.00093078613,100143.5990524292,145852.59998321533,-0.003068998868194006,-0.02764933344523135,-0.009727445717269023,-0.057872721444644615
2022-03-02,231.15969371795657,0,200,0.0,46231.938743591316,100143.5990524292,146375.5377960205,0.0035853856075609425,-0.02416308135986356,0.011440587240071798,-0.047094232123080615
2022-03-03,230.21200103759767,0,200,0.0,46042.40020751953,100143.5990524292,146185.99925994873,-0.001294878494901952,-0.025426671600342066,-0.00409973151078491,-0.05100088992645435
2022-03-04,228.78900413513185,0,200,0.0,45757.80082702637,100143.5990524292,145901.39987945557,-0.0019468306262837576,-0.027324000803629844,-0.006181245530433643,-0.05686688643398197
2022-03-07,223.40000419616703,0,200,0.0,44680.000839233406,100143.5990524292,144823.5998916626,-0.007387180580059272,-0.034509334055582985,-0.02355445341150164,-0.07908187141831724
2022-03-08,222.0770004272461,0,200,0.0,44415.40008544922,100143.5990524292,144558.99913787842,-0.0018270554935944094,-0.036273339080810874,-0.005922129561641398,-0.08453566789144229
2022-03-09,226.62099781036378,0,200,0.0,45324.199562072754,100143.5990524292,145467.79861450195,0.006286702882860595,-0.03021467590332061,0.020461359683243252,-0.06580402291498899
2022-03-10,225.55599956512452,0,200,0.0,45111.1999130249,100143.5990524292,145254.7989654541,-0.0014642391723567183,-0.03163467356363958,-0.004699468520257932,-0.07019424750105163
2022-03-11,223.25700473785403,0,200,0.0,44651.40094757081,100143.5990524292,144795.0,-0.003165464884664182,-0.034700000000000286,-0.010192567839928834,-0.0796713557113532
2022-03-14,221.5770021438599,0,200,0.0,44315.40042877198,100143.5990524292,144458.99948120117,-0.002320525700465037,-0.03694000345865922,-0.007524971482828935,-0.0865968025144559
2022-03-15,225.31000328063965,0,200,0.0,45062.00065612793,100143.5990524292,145205.59970855713,0.0051682500227554495,-0.031962668609619604,0.01684742144113005,-0.07120831390074123
2022-03-16,229.14299488067627,0,200,0.0,45828.598976135254,100143.5990524292,145972.19802856445,0.005279399152277708,-0.026852013142904085,0.01701207910978697,-0.0554076362603082
2022-03-17,231.30299644470216,0,200,0.0,46260.59928894043,100143.5990524292,146404.19834136963,0.0029594698075359194,-0.023972011057536102,0.009426435074529227,-0.046503497671619876
2022-03-18,233.31400470733644,0,200,0.0,46662.800941467285,100143.5990524292,146806.39999389648,0.002747200265316385,-0.02129066670735713,0.008694259449920416,-0.03821355169578533
2022-03-21,232.77599353790285,0,200,0.0,46555.19870758057,100143.5990524292,146698.79776000977,-0.0007329532901235725,-0.02200801493326865,-0.002305953172885844,-0.040431386207890996
2022-03-22,234.90500431060792,0,200,0.0,46981.00086212158,100143.5990524292,147124.59991455078,0.0029025606279173832,-0.019169333902995245,0.009146178436817198,-0.031655000443779
2022-03-23,232.82300605773926,0,200,0.0,46564.60121154785,100143.5990524292,146708.20026397705,-0.0028302517105608382,-0.02194533157348677,-0.008863149846376595,-0.04023758727783522
2022-03-24,234.88499355316165,0,200,0.0,46976.99871063233,100143.5990524292,147120.59776306152,0.002811005099527142,-0.019196014912923554,0.008856459378035142,-0.031737490456996365
2022-03-25,235.38300514221194,0,200,0.0,47076.60102844239,100143.5990524292,147220.20008087158,0.0006770113724692273,-0.018531999460856485,0.002120235871678089,-0.029684545551062258
2022-03-28,236.91199607849123,0,200,0.0,47382.39921569824,100143.5990524292,147525.99826812744,0.0020771482927470775,-0.016493344879150662,0.006495757564805915,-0.023381611597577456
2022-03-29,239.37000484466552,0,200,0.0,47874.000968933105,100143.5990524292,148017.6000213623,0.0033323058918834914,-0.013215999857584815,0.010375197570662076,-0.013249002866760784
2022-03-30,238.26400470733645,0,200,0.0,47652.80094146729,100143.5990524292,147796.39999389648,-0.0014944170654969113,-0.01469066670735697,-0.00462046252640036,-0.017808248871903132
2022-03-31,235.273002243042,0,200,0.0,47054.6004486084,100143.5990524292,147198.1995010376,-0.004047463218884828,-0.018678669993082875,-0.012553312314079301,-0.030138008676126593
2022-04-01,235.56400413513188,0,200,0.0,47112.800827026374,100143.5990524292,147256.39987945557,0.00039538784180281894,-0.018290667470296396,0.0012368690385873293,-0.028938416407355394
2022-04-04,237.21599464416505,0,200,0.0,47443.19892883301,100143.5990524292,147586.7979812622,0.0022436926481776975,-0.01608801345825206,0.007012915725806312,-0.022128443357052108
2022-04-05,234.50900669097902,0,200,0.0,46901.8013381958,100143.5990524292,147045.400390625,-0.003668333469135532,-0.019697330729166795,-0.011411490010387548,-0.033287414857125275
2022-04-06,232.56199665069582,0,200,0.0,46512.39933013916,100143.5990524292,146655.99838256836,-0.0026481753731990576,-0.02229334411621109,-0.008302495787928743,-0.04131354202341175
2022-04-07,233.512996673584,0,200,0.0,46702.599334716804,100143.5990524292,146846.198387146,0.0012969125482442667,-0.021025344085693454,0.00408923227605662,-0.0373932504168355
2022-04-08,232.8370050430298,0,200,0.0,46567.40100860596,100143.5990524292,146711.00006103516,-0.0009206797833091196,-0.021926666259765804,-0.002894877973319665,-0.04017987949317259
2022-04-11,229.4749967575073,0,200,0.0,45894.999351501465,100143.5990524292,146038.59840393066,-0.004583171383364282,-0.026409343973795796,-0.014439321124668947,-0.054039030435089064
2022-04-12,229.0149950027466,0,200,0.0,45802.99900054932,100143.5990524292,145946.59805297852,-0.0006299728425062101,-0.027022679646810155,-0.0020045833370109234,-0.05593528803214154
2022-04-13,231.33600502014164,0,200,0.0,46267.20100402833,100143.5990524292,146410.80005645752,0.003180629145672187,-0.023927999623616802,0.010134751295945543,-0.046367426969068815
2022-04-14,228.79700355529786,0,200,0.0,45759.40071105957,100143.5990524292,145902.99976348877,-0.0034683253747191944,-0.02731333491007515,-0.010975383899374913,-0.05683391055703202
2022-04-18,228.9229955673218,0,200,0.0,45784.59911346436,100143.5990524292,145928.19816589355,0.00017270654095957738,-0.02714534556070991,0.0005506716000041045,-0.056314535777488794
2022-04-19,231.54899616241454,0,200,0.0,46309.79923248291,100143.5990524292,146453.3982849121,0.0035990310688376326,-0.023644011433919587,0.011471108826725418,-0.04548941711919352
2022-04-20,231.53599967956544,0,200,0.0,46307.199935913086,100143.5990524292,146450.79898834229,-1.7748284439011996e-05,-0.023661340077718362,-5.6128435296676216e-05,-0.045542992304684726
2022-04-21,228.67199993133545,0,200,0.0,45734.39998626709,100143.5990524292,145877.9990386963,-0.00391121082030832,-0.02748000640869175,-0.012369565649374747,-0.05734921092087775
2022-04-22,223.6189992904663,1,400,200.0,89447.59971618652,55419.79919433594,144867.39891052246,-0.006927707638118563,-0.034217340596517265,-0.022097155062213325,-0.0781791115766769
2022-04-25,224.8840047836304,0,200,-200.0,44976.800956726074,100396.60015106201,145373.4011077881,0.0034928645165925865,-0.030843992614746463,0.0056569678657802935,-0.07296440043286112
2022-04-26,219.92100639343263,1,400,200.0,87968.40255737305,56412.39887237549,144380.80142974854,-0.006827931867010362,-0.03746132380167677,-0.022069148025769314,-0.09342328630486607
2022-04-27,220.29499778747558,1,400,0.0,88117.99911499023,56412.39887237549,144530.39798736572,0.0010361249981700738,-0.03646401341756211,0.00170057149235614,-0.09188158778992217
2022-04-28,224.5389970779419,0,200,-200.0,44907.79941558838,101320.19828796387,146227.99770355225,0.011745624033602464,-0.02514668197631853,0.019265073347514816,-0.07438661997046636
2022-04-29,217.76600017547608,1,400,200.0,87106.40007019043,57766.99825286865,144873.39832305908,-0.009263611632290392,-0.034177344512939634,-0.030164011555261272,-0.10230683266138163
2022-05-02,218.56299915313724,0,200,-200.0,43712.59983062745,101479.5980834961,145192.19791412354,0.002200539193217166,-0.032052013905843224,0.0036598871128594723,-0.09902137700693703
2022-05-03,219.31199760437013,0,200,0.0,43862.39952087402,101479.5980834961,145341.99760437012,0.0010317337460183928,-0.03105334930419934,0.0034269224623335592,-0.0959337931257197
2022-05-04,224.83199653625488,0,200,0.0,44966.39930725098,101479.5980834961,146445.99739074707,0.007595875965473509,-0.023693350728353102,0.025169616765985614,-0.07317879316761577
2022-05-05,218.18300342559814,0,200,0.0,43636.60068511963,101479.5980834961,145116.19876861572,-0.00908047093006703,-0.03255867487589548,-0.02957316224154316,-0.10058782708617275
2022-05-06,217.18199653625487,0,200,0.0,43436.39930725098,101479.5980834961,144915.99739074707,-0.0013795935916697255,-0.0338933507283532,-0.0045879233195386115,-0.10471426116816096
2022-05-09,211.69140663146973,1,400,200.0,84676.56265258789,59141.31675720215,143817.87940979004,-0.0075776173833734806,-0.041214137268066775,-0.02528105456415486,-0.1273480287820784
2022-05-10,212.0739959716797,0,200,-200.0,42414.79919433594,101556.11595153809,143970.91514587402,0.0010640939548824946,-0.04019389902750692,0.0018072974538640985,-0.12577088709638673
2022-05-11,209.4300048828125,0,200,0.0,41886.0009765625,101556.11595153809,143442.1169281006,-0.0036729517016520496,-0.04371922047932986,-0.012467304521485367,-0.13667016766850404
2022-05-12,209.22399864196777,0,200,0.0,41844.799728393555,101556.11595153809,143400.91567993164,-0.0002872325719341928,-0.043993895467122845,-0.0009836519889306894,-0.13751938377518014
2022-05-13,213.0750017166138,0,200,0.0,42615.00034332276,101556.11595153809,144171.11629486084,0.005370960229070354,-0.038859224700928285,0.018406125012628394,-0.1216444577319773
2022-05-16,212.44099578857424,0,200,0.0,42488.19915771485,101556.11595153809,144044.31510925293,-0.000879518650244604,-0.039704565938314396,-0.00297550591543716,-0.12425800984385282
2022-05-17,215.53500003814696,0,200,0.0,43107.000007629395,101556.11595153809,144663.11595916748,0.00429590608588204,-0.035579226938884045,0.014564063956148843,-0.11150364749013364
2022-05-18,209.010998916626,0,200,0.0,41802.199783325195,101556.11595153809,143358.31573486328,-0.00901957776626694,-0.04427789510091207,-0.030268871043525603,-0.13839742900689767
2022-05-19,208.2800022125244,0,200,0.0,41656.00044250488,101556.11595153809,143212.11639404297,-0.0010198176511134749,-0.04525255737304745,-0.0034974078296864386,-0.14141080458476696
2022-05-20,208.37799396514893,0,200,0.0,41675.598793029785,101556.11595153809,143231.71474456787,0.00013684841072381104,-0.04512190170288133,0.0004704808506990066,-0.14100685480970698
2022-05-23,211.13299503326417,0,200,0.0,42226.59900665283,101556.11595153809,143782.71495819092,0.0038469148722102275,-0.04144856694539434,0.013221170890895584,-0.12964995964303827
2022-05-24,210.2880002975464,0,200,0.0,42057.60005950928,101556.11595153809,143613.71601104736,-0.0011753773545916113,-0.042575226593018045,-0.004002191772937369,-0.13313326741413056
2022-05-25,211.81400146484378,0,200,0.0,42362.80029296876,101556.11595153809,143918.91624450684,0.0021251468309335664,-0.04054055836995496,0.007256720141606499,-0.12684265813568607
2022-05-26,214.92799968719487,0,200,0.0,42985.59993743897,101556.11595153809,144541.71588897705,0.00432743422978632,-0.0363885607401534,0.014701569305218598,-0.11400587495990744
2022-05-27,219.00499916076663,0,200,0.0,43800.99983215333,101556.11595153809,145357.1157836914,0.0056412772582599136,-0.030952561442057713,0.018969140733200884,-0.0971993277132327
2022-05-31,217.95399799346922,0,200,0.0,43590.79959869384,101556.11595153809,145146.91555023193,-0.0014460952415448203,-0.032353896331787535,-0.004798982540694885,-0.10153185237726448
2022-06-01,216.25800399780275,0,200,0.0,43251.60079956055,101556.11595153809,144807.71675109863,-0.002336934256215173,-0.03461522165934294,-0.007781430995898897,-0.10852322027000394
2022-06-02,219.4720043182373,0,200,0.0,43894.40086364746,101556.11595153809,145450.51681518555,0.004438990397119369,-0.030329887898763563,0.014861879149070667,-0.09527420010545407
2022-06-03,216.56400299072266,0,200,0.0,43312.80059814453,101556.11595153809,144868.91654968262,-0.003998612574487637,-0.03420722300211643,-0.01324998756241369,-0.1072618057014516
2022-06-06,216.94799766540527,0,200,0.0,43389.599533081055,101556.11595153809,144945.71548461914,0.0005301270746385089,-0.0336952301025395,0.0017731232770898941,-0.10567887082879368
2022-06-07,218.59199676513674,0,200,0.0,43718.39935302735,101556.11595153809,145274.51530456543,0.0022684342124013046,-0.03150323130289756,0.007577848689191313,-0.0989018406323876
2022-06-08,216.62900161743167,0,200,0.0,43325.800323486335,101556.11595153809,144881.9162750244,-0.0027024631864572823,-0.03412055816650428,-0.008980178491229007,-0.10699386294162672
2022-06-09,212.1759969711304,0,200,0.0,42435.199394226074,101556.11595153809,143991.31534576416,-0.006147081376047359,-0.040057897694905975,-0.020555902547920724,-0.12535041006969383
2022-06-10,206.9960023880005,0,200,0.0,41399.2004776001,101556.11595153809,142955.31642913818,-0.007194870844385637,-0.0469645571390791,-0.024413669109963898,-0.1467038157454179
2022-06-13,200.04940252304078,1,400,200.0,80019.76100921631,61546.23544692993,141565.99645614624,-0.009718561069959386,-0.056226690292358716,-0.03355910155182018,-0.17533966904659815
2022-06-14,199.37600317001343,1,400,0.0,79750.40126800537,61546.23544692993,141296.6367149353,-0.0019027149736086102,-0.05802242190043161,-0.003366165279847788,-0.17811561202032122
2022-06-15,201.92099618911746,0,200,-200.0,40384.19923782349,101930.43468475342,142314.6339225769,0.007204681097225274,-0.05123577384948763,0.01276479104124606,-0.16762442954769818
2022-06-16,196.99349565505983,1,400,200.0,78797.39826202393,62531.735553741455,141329.13381576538,-0.006924798101561769,-0.05780577456156444,-0.02440311125170247,-0.18793698319664498
2022-06-17,197.17600088119508,0,200,-200.0,39435.200176239014,101966.93572998047,141402.13590621948,0.0005165395731445699,-0.05731909395853718,0.0009264530563730666,-0.18718464493276
2022-06-21,200.9130033493042,0,200,0.0,40182.60066986084,101966.93572998047,142149.5363998413,0.0052856379349002225,-0.05233642400105831,0.01895262329800862,-0.1717796616973335
2022-06-22,200.9689949989319,0,200,0.0,40193.79899978638,101966.93572998047,142160.73472976685,7.877851879900533e-05,-0.05226176846822139,0.00027868604169101197,-0.17154884824960392
2022-06-23,202.71100282669067,0,200,0.0,40542.200565338135,101966.93572998047,142509.1362953186,0.002450758053649915,-0.049939091364543,0.008668042688714461,-0.1643677983007168
2022-06-24,207.4089996337891,0,200,0.0,41481.79992675782,101966.93572998047,143448.73565673828,0.006593257006852982,-0.04367509562174521,0.023175835260974997,-0.14500132405536836
2022-06-27,206.65699615478513,0,200,0.0,41331.399230957024,101966.93572998047,143298.3349609375,-0.0010484630283579266,-0.044677766927083695,-0.003625703225664023,-0.14810129551267925
2022-06-28,203.44499340057374,0,200,0.0,40688.998680114746,101966.93572998047,142655.93441009521,-0.004482958933314851,-0.048960437266032164,-0.015542676096025443,-0.1613420811431494
2022-06-29,203.55899810791016,0,200,0.0,40711.79962158203,101966.93572998047,142678.7353515625,0.000159831706697533,-0.04880843098958354,0.0005603711619088791,-0.1608721214307155
2022-06-30,202.39599618911743,0,200,0.0,40479.199237823486,101966.93572998047,142446.13496780396,-0.00163023861394207,-0.05035910021464052,-0.0057133407493792365,-0.16566634493328558
2022-07-01,204.3379981994629,0,200,0.0,40867.59963989258,101966.93572998047,142834.53536987305,0.00272664753000762,-0.047769764200846554,0.009595061398995686,-0.157660862285672
2022-07-05,204.74799995422367,0,200,0.0,40949.599990844734,101966.93572998047,142916.5357208252,0.0005740933083151489,-0.047223095194498854,0.002006488065722012,-0.15597071885855762
2022-07-06,204.94099979400636,0,200,0.0,40988.19995880127,101966.93572998047,142955.13568878174,0.00027008748681089934,-0.04696576207478842,0.0009426213678562778,-0.15517511882305735
2022-07-07,207.17199630737304,0,200,0.0,41434.39926147461,101966.93572998047,143401.33499145508,0.003121254095024062,-0.04399110005696627,0.010886042888485603,-0.14597831893330537
2022-07-08,206.88999671936037,0,200,0.0,41377.99934387207,101966.93572998047,143344.93507385254,-0.0003933012032690808,-0.04436709950764983,-0.0013611858409390276,-0.1471408011534283
2022-07-11,205.1880058288574,0,200,0.0,41037.60116577148,101966.93572998047,143004.53689575195,-0.0023746787978605743,-0.04663642069498697,-0.008226549941956152,-0.15415688994619636
2022-07-12,203.80300531387329,0,200,0.0,40760.60106277466,101966.93572998047,142727.53679275513,-0.0019370022029353562,-0.04848308804829915,-0.006749909720060843,-0.15986625457639503
2022-07-13,203.0589960098267,0,200,0.0,40611.79920196534,101966.93572998047,142578.7349319458,-0.001042558879338018,-0.04947510045369463,-0.003650629699502028,-0.1629332717789923
2022-07-14,202.59000177383425,0,200,0.0,40518.000354766846,101966.93572998047,142484.9360847473,-0.0006578740317990661,-0.050100426101684525,-0.0023096452026668546,-0.16486659893213995
2022-07-15,205.62800149917604,0,200,0.0,41125.600299835205,101966.93572998047,143092.53602981567,0.0042643100510426635,-0.04604975980122883,0.014995802846841988,-0.15234310309891375
2022-07-18,204.3470003128052,0,200,0.0,40869.400062561035,101966.93572998047,142836.3357925415,-0.0017904514406033023,-0.04775776138305654,-0.006229702068937248,-0.15762375302328735
2022-07-19,208.47400159835817,0,200,0.0,41694.80031967163,101966.93572998047,143661.7360496521,0.005778643456028076,-0.04225509300231922,0.020196045350485026,-0.14061108413717427
2022-07-20,209.41100540161136,0,200,0.0,41882.20108032227,101966.93572998047,143849.13681030273,0.0013044584160242234,-0.041005754597981725,0.004494583478367842,-0.1367484889144448
2022-07-21,211.3719975471497,0,200,0.0,42274.39950942994,101966.93572998047,144241.3352394104,0.0027264566044971073,-0.038391098403930624,0.0093643222894495,-0.12866472354778535
2022-07-22,210.2199975967407,0,200,0.0,42043.999519348145,101966.93572998047,144010.9352493286,-0.0015973229150948454,-0.039927098337809164,-0.005450106749130823,-0.1334135938187333
2022-07-25,210.22299633026122,0,200,0.0,42044.599266052246,101966.93572998047,144011.53499603271,4.164591411504048e-06,-0.0399231000264485,1.426473958132668e-05,-0.13340123218932443
2022-07-26,208.2419984817505,0,200,0.0,41648.3996963501,101966.93572998047,143615.33542633057,-0.002751165520963772,-0.04256443049112957,-0.009423316588060504,-0.1415674667332275
2022-07-27,212.57699756622316,0,200,0.0,42515.39951324463,101966.93572998047,144482.3352432251,0.006036958478847554,-0.036784431711832766,0.020817121983453202,-0.12369737197364838
2022-07-28,215.00199794769287,0,200,0.0,43000.399589538574,101966.93572998047,144967.33531951904,0.003356812273815235,-0.03355109786987309,0.011407633042301635,-0.11370083315911916
2022-07-29,217.44500036239626,0,200,0.0,43489.00007247925,101966.93572998047,145455.93580245972,0.0033704177693807402,-0.030293761316935175,0.01136269633781617,-0.10363008486184677
2022-08-01,216.87900609970094,0,200,0.0,43375.801219940186,101966.93572998047,145342.73694992065,-0.0007782346723395062,-0.031048420333862237,-0.002602930680181248,-0.10596327361475133
2022-08-02,215.3670022964478,0,200,0.0,43073.40045928956,101966.93572998047,145040.33618927002,-0.00208060455580128,-0.03306442540486643,-0.006971646681920296,-0.11219618179176993
2022-08-03,218.04800033569336,0,200,0.0,43609.60006713867,101966.93572998047,145576.53579711914,0.0036968999240969413,-0.029489761352539,0.012448508873960318,-0.10114434808246897
2022-08-04,218.0280040740967,0,200,0.0,43605.60081481934,101966.93572998047,145572.5365447998,-2.7471819530777708e-05,-0.02951642303466795,-9.17057783875741e-05,-0.10122677833968619
2022-08-05,217.27099742889405,0,200,0.0,43454.19948577881,101966.93572998047,145421.13521575928,-0.0010400404680310782,-0.03052576522827144,-0.003472061529056547,-0.10434737426595919
2022-08-08,217.37700357437137,0,200,0.0,43475.400714874275,101966.93572998047,145442.33644485474,0.0001457919377674255,-0.0303844237009685,0.00048789827787310003,-0.10391038689229104
2022-08-09,216.4959957122803,0,200,0.0,43299.199142456055,101966.93572998047,145266.13487243652,-0.0012114874989307411,-0.03155910085042335,-0.004052902779983603,-0.10754215097636965
2022-08-10,220.0889973640442,0,200,0.0,44017.79947280884,101966.93572998047,145984.7352027893,0.004946784954275918,-0.026768431981404772,0.016596157540663903,-0.09273077991557144
2022-08-11,220.02299461364746,0,200,0.0,44004.59892272949,101966.93572998047,145971.53465270996,-9.042418072691127e-05,-0.026856435648600407,-0.00029989118578044316,-0.0930028619578046
2022-08-12,222.91500082015992,0,200,0.0,44583.00016403198,101966.93572998047,146549.93589401245,0.00396242488426668,-0.023000427373250476,0.01314410892184581,-0.08108119278357562
2022-08-15,223.73200674057006,0,200,0.0,44746.401348114014,101966.93572998047,146713.33707809448,0.001114986390715389,-0.021911086146036873,0.003665100676958355,-0.07771326284117697
2022-08-16,223.98500280380253,0,200,0.0,44797.000560760505,101966.93572998047,146763.93629074097,0.0003448848867744214,-0.02157375806172701,0.001130799597778731,-0.07667034136976114
2022-08-17,222.42500467300414,0,200,0.0,44485.00093460083,101966.93572998047,146451.9366645813,-0.0021258603035938517,-0.023653755569458146,-0.006964743671543316,-0.0831010957664543
2022-08-18,223.00299549102783,0,200,0.0,44600.59909820557,101966.93572998047,146567.53482818604,0.0007893249228207999,-0.022883101145426576,0.002598587415445497,-0.08071845381267728
2022-08-19,220.42499313354492,0,200,0.0,44084.998626708984,101966.93572998047,146051.93435668945,-0.0035178354613182305,-0.02632043762207048,-0.011560393401023328,-0.09134571013290371
2022-08-22,216.6849961280823,0,200,0.0,43336.99922561646,101966.93572998047,145303.93495559692,-0.005121461789514892,-0.031307100296020574,-0.016967209354506907,-0.10676303769994955
2022-08-23,216.35200452804568,0,200,0.0,43270.40090560914,101966.93572998047,145237.3366355896,-0.0004583380348761601,-0.031751089096069385,-0.0015367543022674068,-0.10813572344470845
2022-08-24,216.78299350738527,0,200,0.0,43356.59870147705,101966.93572998047,145323.53443145752,0.0005934961206579548,-0.031176437123616618,0.0019920729659046454,-0.10635906473012657
2022-08-25,219.24900150299072,0,200,0.0,43849.800300598145,101966.93572998047,145816.7360305786,0.0033938178083172676,-0.027888426462809313,0.011375467953953944,-0.09619348090862267
2022-08-26,213.31469898223878,0,200,0.0,42662.939796447754,101966.93572998047,144629.87552642822,-0.008139398374007678,-0.03580082982381194,-0.027066497361772468,-0.12065635767316218
2022-08-29,212.19199562072754,0,200,0.0,42438.39912414551,101966.93572998047,144405.33485412598,-0.0015525192944054744,-0.03729776763916026,-0.005263131733855397,-0.12528445910205654
2022-08-30,210.28100166320803,1,400,200.0,84112.40066528322,59910.73539733887,144023.13606262207,-0.002646708252780239,-0.03984575958251968,-0.009005966280345556,-0.1331621177682777
2022-08-31,208.97899675369266,1,400,0.0,83591.59870147707,59910.73539733887,143502.33409881592,-0.003616099316013366,-0.04331777267456072,-0.006191738194212593,-0.13852935099188224
2022-09-01,209.2580040931702,0,200,-200.0,41851.60081863404,101762.3362159729,143613.93703460693,0.000777708157096324,-0.04257375310262068,0.0013350975160741907,-0.13737920366822065
2022-09-02,207.79099969863893,0,200,0.0,41558.19993972778,101762.3362159729,143320.53615570068,-0.00204298332713726,-0.044529758961995625,-0.007010505528276534,-0.14342661152971092
2022-09-06,206.80399713516235,0,200,0.0,41360.79942703247,101762.3362159729,143123.13564300537,-0.0013773358514432843,-0.045845762379964405,-0.004749977452863874,-0.14749531581166797
2022-09-07,209.90700263977052,0,200,0.0,41981.4005279541,101762.3362159729,143743.736743927,0.004336134043832152,-0.0417084217071535,0.015004572191997356,-0.13470384773374822
2022-09-08,210.77399930953982,0,200,0.0,42154.799861907966,101762.3362159729,143917.13607788086,0.0012063087956504237,-0.04055242614746113,0.004130384688771915,-0.1311298417551744
2022-09-09,213.45300397872924,0,200,0.0,42690.60079574585,101762.3362159729,144452.93701171875,0.003722982185720758,-0.036980419921875174,0.012710318530584352,-0.1200862252821634
2022-09-12,215.2710063934326,0,200,0.0,43054.20127868652,101762.3362159729,144816.53749465942,0.002517086121351708,-0.03455641670227061,0.0085171085944733,-0.11259190410911868
2022-09-13,207.62200527191163,0,200,0.0,41524.401054382324,101762.3362159729,143286.73727035522,-0.01056371220283192,-0.04475508486429858,-0.03553196154776894,-0.14412325444949237
2022-09-14,208.14699678421024,0,200,0.0,41629.39935684205,101762.3362159729,143391.73557281494,0.0007327845162781177,-0.04405509618123371,0.002528592822379494,-0.14195909065385182
2022-09-15,206.142001914978,0,200,0.0,41228.400382995605,101762.3362159729,142990.7365989685,-0.002796527793213044,-0.04672842267354327,-0.009632590910311545,-0.150224247717895
2022-09-16,205.02300148010258,0,200,0.0,41004.600296020515,101762.3362159729,142766.9365119934,-0.0015651369613037813,-0.048220423253377276,-0.005428299058320762,-0.15483708463379176
2022-09-19,206.14600105285646,0,200,0.0,41229.20021057129,101762.3362159729,142991.5364265442,0.001573192785655264,-0.046723090489705466,0.005477432115648995,-0.1502077621382093
2022-09-20,204.11799697875975,0,200,0.0,40823.59939575195,101762.3362159729,142585.93561172485,-0.0028365372172057812,-0.04942709592183436,-0.009837707565215958,-0.15856776966548403
2022-09-21,201.50600185394288,0,200,0.0,40301.200370788574,101762.3362159729,142063.53658676147,-0.00366374862094343,-0.05290975608825699,-0.012796495965461951,-0.16933515380616926
2022-09-22,199.84900035858155,0,200,0.0,39969.80007171631,101762.3362159729,141732.1362876892,-0.0023327611506409607,-0.055119091415405386,-0.008223087551319508,-0.17616578356222445
2022-09-23,197.18250675201418,1,400,200.0,78873.00270080566,62325.83486557007,141198.83756637573,-0.003762722663200213,-0.05867441622416181,-0.013342541627843985,-0.1871578258894877
2022-09-26,194.56299962997437,1,400,0.0,77825.19985198975,62325.83486557007,140151.0347175598,-0.007420761154094957,-0.06565976854960132,-0.013284683135376785,-0.19795617661161657
2022-09-27,194.0629963874817,1,400,0.0,77625.19855499268,62325.83486557007,139951.03342056274,-0.0014270411731182042,-0.06699311052958179,-0.0025698783604467534,-0.20001733167747238
2022-09-28,197.58399620056153,0,200,-200.0,39516.799240112305,101842.63410568237,141359.43334579468,0.010063519295349543,-0.05760377769470215,0.018143591919242086,-0.18550277260096204
2022-09-29,194.34899921417235,0,200,0.0,38869.79984283447,101842.63410568237,140712.43394851685,-0.004576980693570931,-0.06191710700988773,-0.01637276828385148,-0.19883834697300595
2022-09-30,191.9629970550537,0,200,0.0,38392.59941101074,101842.63410568237,140235.23351669312,-0.0033913167332343397,-0.06509844322204594,-0.012276894497868063,-0.20867412406295593
2022-10-03,196.0700063705444,0,200,0.0,39214.00127410888,101842.63410568237,141056.63537979126,0.005857314474399633,-0.059622430801391735,0.021394796801973426,-0.19174386774313923
2022-10-04,200.73400268554687,0,200,0.0,40146.800537109375,101842.63410568237,141989.43464279175,0.00661294139399371,-0.053403769048055105,0.02378740329200668,-0.17251755316190776
2022-10-05,200.12999687194824,0,200,0.0,40025.99937438965,101842.63410568237,141868.63348007202,-0.0008507757145708172,-0.05420911013285323,-0.0030089860487901854,-0.17500743630006232
2022-10-06,198.4730010032654,0,200,0.0,39694.60020065308,101842.63410568237,141537.23430633545,-0.0023359580310832184,-0.05641843795776369,-0.008279597734381805,-0.1818380428613542
2022-10-07,194.04999465942385,0,200,0.0,38809.998931884766,101842.63410568237,140652.63303756714,-0.006249954459712881,-0.06231577974955238,-0.02228517894869131,-0.20007092848520047
2022-10-10,192.83799800872805,0,200,0.0,38567.59960174561,101842.63410568237,140410.23370742798,-0.0017233899210007397,-0.06393177528381344,-0.006245795846699043,-0.20506712215772138
2022-10-11,191.87800483703614,0,200,0.0,38375.60096740723,101842.63410568237,140218.2350730896,-0.0013674119704012444,-0.06521176617940261,-0.004978236559209925,-0.20902448607231372
2022-10-12,191.54000577926638,0,200,0.0,38308.00115585328,101842.63410568237,140150.63526153564,-0.000482104282076512,-0.06566243158976226,-0.0017615310210090662,-0.21041781397695591
2022-10-13,195.13700370788575,0,200,0.0,39027.40074157715,101842.63410568237,140870.03484725952,0.005133045486247045,-0.060866434351603105,0.01877935585302537,-0.19558996913041948
2022-10-14,191.62299785614016,0,200,0.0,38324.599571228035,101842.63410568237,140167.2336769104,-0.004989004021409782,-0.06555177548726387,-0.01800789078941667,-0.2100756971162302
2022-10-17,195.4249941825867,0,200,0.0,39084.998836517334,101842.63410568237,140927.6329421997,0.005424943086499434,-0.060482447052001787,0.01984102309734692,-0.19440279077755762
2022-10-18,197.1739947319031,0,200,0.0,39434.798946380615,101842.63410568237,141277.433052063,0.0024821257730678337,-0.058150446319579885,0.008949728035720472,-0.1871929148486814
2022-10-19,195.9010036468506,0,200,0.0,39180.20072937012,101842.63410568237,141022.8348350525,-0.0018021152530189877,-0.059847767766316506,-0.006456181439055242,-0.19244054486536788
2022-10-20,194.45400562286375,0,200,0.0,38890.80112457275,101842.63410568237,140733.43523025513,-0.0020521471230943167,-0.061777098464965596,-0.007386373714528549,-0.19840548079769338
2022-10-21,198.24099979400637,0,200,0.0,39648.19995880128,101842.63410568237,141490.83406448364,0.005381797388725129,-0.05672777290344222,0.019475012402096592,-0.18279441759477577
2022-10-24,200.08899602890017,0,200,0.0,40017.79920578004,101842.63410568237,141860.4333114624,0.002612178021442091,-0.054263777923583834,0.009321967891677607,-0.17517645339469456
2022-10-25,202.84700269699098,0,200,0.0,40569.40053939819,101842.63410568237,142412.03464508057,0.003888338141524672,-0.05058643569946264,0.013783899778738729,-0.16380716829314323
2022-10-26,201.8279991149902,0,200,0.0,40365.59982299804,101842.63410568237,142208.23392868042,-0.0014310638627420547,-0.0519451071421303,-0.005023508202992466,-0.16800778984250608
2022-10-27,201.21299495697025,0,200,0.0,40242.59899139405,101842.63410568237,142085.23309707642,-0.0008649346680283942,-0.05276511268615702,-0.003047169672774519,-0.17054301127328264
2022-10-28,204.57899942398072,0,200,0.0,40915.79988479614,101842.63410568237,142758.43399047852,0.004738007453189308,-0.04827710673014307,0.016728564016107894,-0.1566673869387597
2022-10-31,203.35200386047362,0,200,0.0,40670.40077209473,101842.63410568237,142513.0348777771,-0.0017189815399473174,-0.049913100814819256,-0.005997661377569852,-0.1617254103805622
2022-11-01,202.62299966812134,0,200,0.0,40524.59993362427,101842.63410568237,142367.23403930664,-0.001023070195617537,-0.05088510640462229,-0.0035849373426999342,-0.1647305722603254
2022-11-02,198.587002658844,0,200,0.0,39717.4005317688,101842.63410568237,141560.03463745117,-0.005669839744393723,-0.056266435750325416,-0.019918750664475127,-0.18136809572913082
2022-11-03,196.92800292968752,0,200,0.0,39385.60058593751,101842.63410568237,141228.23469161987,-0.002343881496504774,-0.05847843538920072,-0.008354019683788128,-0.18820696277118665
2022-11-04,199.1653970718384,0,200,0.0,39833.07941436768,101842.63410568237,141675.71352005005,0.003168479938924884,-0.055495243199666255,0.011361482922008559,-0.17898379004250597
2022-11-07,200.5229998588562,0,200,0.0,40104.59997177124,101842.63410568237,141947.2340774536,0.0019164933117852279,-0.05368510615030908,0.00681645911879003,-0.1733873666114668
2022-11-08,201.3994032859802,0,200,0.0,40279.880657196045,101842.63410568237,142122.51476287842,0.0012348298757913767,-0.05251656824747719,0.004370588050951252,-0.1697745833132135
2022-11-09,198.22049589157106,0,200,0.0,39644.09917831421,101842.63410568237,141486.73328399658,-0.00447347473370141,-0.056755111440022765,-0.015784095397220255,-0.18287894049139464
2022-11-10,207.2440015792847,0,200,0.0,41448.80031585694,101842.63410568237,143291.4344215393,0.012755267548090643,-0.044723770523071305,0.04552256640831742,-0.1456814927962795
2022-11-11,208.64900484085086,0,200,0.0,41729.80096817017,101842.63410568237,143572.43507385254,0.0019610429154235387,-0.04285043284098311,0.006779464065832741,-0.139889671175916
2022-11-14,207.24549827575683,0,200,0.0,41449.09965515137,101842.63410568237,143291.73376083374,-0.0019551198172156337,-0.04472177492777507,-0.006726639152506708,-0.14567532298925945
2022-11-15,208.8769971847534,0,200,0.0,41775.39943695068,101842.63410568237,143618.03354263306,0.0022771710079518837,-0.042546443049112814,0.007872300834374402,-0.13894982212160112
2022-11-16,207.78899564743043,0,200,0.0,41557.799129486084,101842.63410568237,143400.43323516846,-0.0015151322023916336,-0.04399711176554355,-0.0052088145271479425,-0.1434348727967374
2022-11-17,207.0109973907471,0,200,0.0,41402.19947814942,101842.63410568237,143244.8335838318,-0.001085070998924409,-0.045034442774454786,-0.0037441744894104456,-0.1466420020945305
2022-11-18,207.58999824523926,0,200,0.0,41517.99964904785,101842.63410568237,143360.63375473022,0.0008084073121608082,-0.04426244163513193,0.002796956981948373,-0.14425519648418728
2022-11-21,206.95000524520876,0,200,0.0,41390.00104904175,101842.63410568237,143232.63515472412,-0.0008928434302619692,-0.04511576563517261,-0.0030829664504088417,-0.1468934290035382
2022-11-22,209.23540153503419,0,200,0.0,41847.080307006836,101842.63410568237,143689.7144126892,0.003191166995366146,-0.04206857058207214,0.01104322895337706,-0.13747237781839383
2022-11-23,210.42099742889405,0,200,0.0,42084.19948577881,101842.63410568237,143926.83359146118,0.001650216786505343,-0.04048777605692566,0.005666325512613479,-0.13258501554749236
2022-11-25,210.39899969100952,0,200,0.0,42079.799938201904,101842.63410568237,143922.43404388428,-3.056794530331697e-05,-0.040517106374104994,-0.00010454155314021385,-0.13267569645718413
2022-11-28,207.81000003814697,0,200,0.0,41562.000007629395,101842.63410568237,143404.63411331177,-0.0035977707993364305,-0.043969105911255024,-0.012305189932769411,-0.14334828674558542
2022-11-29,207.46000280380252,0,200,0.0,41492.000560760505,101842.63410568237,143334.63466644287,-0.0004881254172970362,-0.04443576889038092,-0.001684217478851835,-0.14479107453433693
2022-11-30,212.75300436019901,0,200,0.0,42550.6008720398,101842.63410568237,144393.23497772217,0.007385516513456647,-0.037378433481852325,0.025513359128805924,-0.12297182208877122
2022-12-01,212.9099976539612,0,200,0.0,42581.999530792236,101842.63410568237,144424.6336364746,0.00021745242259640918,-0.03716910909016935,0.0007379134044864788,-0.12232465124017822
2022-12-02,212.77799606323242,0,200,0.0,42555.599212646484,101842.63410568237,144398.23331832886,-0.00018279650417674098,-0.037345111211141035,-0.0006199877515536967,-0.12286879920624993
2022-12-05,209.4630029678345,0,200,0.0,41892.6005935669,101842.63410568237,143735.23469924927,-0.004591459354062799,-0.04176510200500494,-0.015579586032066883,-0.1365341402104263
2022-12-06,207.3019931793213,0,200,0.0,41460.39863586426,101842.63410568237,143303.03274154663,-0.003006931171796401,-0.04464644838968923,-0.01031690445517508,-0.14544243498618092
2022-12-07,207.21200284957885,0,200,0.0,41442.40056991577,101842.63410568237,143285.03467559814,-0.0001255944525678787,-0.04476643549601256,-0.0004341025783799468,-0.14581340062852755
2022-12-08,208.29000520706177,0,200,0.0,41658.00104141235,101842.63410568237,143500.63514709473,0.0015046963696152549,-0.043329099019368766,0.005202412710934912,-0.14136956940644718
2022-12-09,206.96400480270387,0,200,0.0,41392.80096054077,101842.63410568237,143235.43506622314,-0.0018480760074667257,-0.0450970995585126,-0.006366125935998279,-0.14683571886008617
2022-12-12,209.13999538421632,0,200,0.0,41827.99907684326,101842.63410568237,143670.63318252563,0.0030383411486221146,-0.04219577878316261,0.010513860048208867,-0.13786566901005037
2022-12-13,210.04500417709355,0,200,0.0,42009.00083541871,101842.63410568237,143851.63494110107,0.0012598382464528157,-0.04098910039265968,0.004327287046242079,-0.13413496628743693
2022-12-14,209.17700328826908,0,200,0.0,41835.400657653816,101842.63410568237,143678.03476333618,-0.001206800171829614,-0.04214643491109227,-0.004132451958212879,-0.13771311194155045
2022-12-15,205.1090033531189,0,200,0.0,41021.80067062378,101842.63410568237,142864.43477630615,-0.005662660881812442,-0.04757043482462586,-0.01944764420180556,-0.15448256054039333
2022-12-16,203.1760009288788,1,400,200.0,81270.40037155153,61207.433919906616,142477.83429145813,-0.0027060652670719554,-0.05014777139027937,-0.009424269011303332,-0.16245094434360907
2022-12-19,201.72999715805054,1,400,0.0,80691.99886322021,61207.433919906616,141899.43278312683,-0.0040595894175938785,-0.05400378144582141,-0.0071170008476268976,-0.1684117816826447
2022-12-20,201.78399715423586,0,200,-200.0,40356.799430847175,101564.23335075378,141921.03278160095,0.0001522204708677144,-0.053859781455994016,0.0002676845136868611,-0.1681891783948367
2022-12-21,204.09700136184694,0,200,0.0,40819.400272369385,101564.23335075378,142383.63362312317,0.003259565072599946,-0.050775775845845916,0.01146277326364542,-0.15865431954853015
2022-12-22,201.94100112915038,0,200,0.0,40388.20022583008,101564.23335075378,141952.43357658386,-0.0030284382802074905,-0.05365044282277465,-0.010563605630217743,-0.16754196351550665
2022-12-23,202.67699756622315,0,200,0.0,40535.39951324463,101564.23335075378,142099.6328639984,0.0010369620562731274,-0.05266911424001097,0.003644611212965554,-0.164507977621412
2022-12-27,201.83699278831483,0,200,0.0,40367.398557662964,101564.23335075378,141931.63190841675,-0.0011822757891462032,-0.05378912061055541,-0.004144549149608601,-0.16797071537226593
2022-12-28,199.9299975395203,0,200,0.0,39985.99950790406,101564.23335075378,141550.23285865784,-0.002687202596282523,-0.05633178094228153,-0.00944819491437121,-0.17583189022789358
2022-12-29,202.66300454139713,0,200,0.0,40532.600908279426,101564.23335075378,142096.8342590332,0.003861536567878021,-0.05268777160644578,0.01366981961442093,-0.16456566083535062
2022-12-30,202.27799634933473,0,200,0.0,40455.59926986694,101564.23335075378,142019.83262062073,-0.0005418955236687895,-0.05320111586252896,-0.0018997458018231717,-0.1661527737138776
2023-01-03,201.74800081253053,0,200,0.0,40349.6001625061,101564.23335075378,141913.8335132599,-0.0007463683445113611,-0.05390777657826784,-0.0026201344010194916,-0.16833756551666457
2023-01-04,203.15500402450564,0,200,0.0,40631.00080490113,101564.23335075378,142195.2341556549,0.001982897899581726,-0.05203177229563427,0.006974062723340335,-0.16253749953393182
2023-01-05,201.3120011329651,0,200,0.0,40262.40022659302,101564.23335075378,141826.6335773468,-0.0025922147144862295,-0.054489109484354925,-0.009071904974185308,-0.17013487975760355
2023-01-06,205.24499378204348,0,200,0.0,41048.9987564087,101564.23335075378,142613.23210716248,0.00554619756511876,-0.04924511928558384,0.019536801715466012,-0.15392196945284653
2023-01-09,205.32599773406986,0,200,0.0,41065.19954681397,101564.23335075378,142629.43289756775,0.00011359948979428047,-0.04913711401621523,0.00039466956310962864,-0.15358804820617378
2023-01-10,206.37599287033083,0,200,0.0,41275.19857406617,101564.23335075378,142839.43192481995,0.0014723400562282052,-0.0477371205012006,0.005113795368577145,-0.14925967068718216
2023-01-11,208.46200132369995,0,200,0.0,41692.40026473999,101564.23335075378,143256.63361549377,0.0029207739421241996,-0.044955775896708405,0.01010780577893966,-0.14066055267017707
2023-01-12,209.4529951095581,0,200,0.0,41890.59902191162,101564.23335075378,143454.8323726654,0.0013835223693976495,-0.0436344508488975,0.004753834173928606,-0.13657539543845565
2023-01-13,210.03799686431887,0,200,0.0,42007.59937286378,101564.23335075378,143571.83272361755,0.0008155901688149392,-0.0428544485092166,0.002792997801033037,-0.13416385241655748
2023-01-17,209.74600191116335,0,200,0.0,41949.200382232666,101564.23335075378,143513.43373298645,-0.00040675799370426535,-0.04324377511342392,-0.001390200618529791,-0.13536753836447346
2023-01-18,207.49599590301517,0,200,0.0,41499.199180603035,101564.23335075378,143063.4325313568,-0.00313560333638796,-0.04624378312428823,-0.010727289138513174,-0.14464270077898211
2023-01-19,206.39600076675418,0,200,0.0,41279.20015335084,101564.23335075378,142843.4335041046,-0.0015377726044981666,-0.04771044330596952,-0.005301283677662583,-0.14917719246791206
2023-01-20,209.1590059280396,0,200,0.0,41831.80118560792,101564.23335075378,143396.0345363617,0.003868578475756168,-0.04402643642425563,0.013386912299758302,-0.1377873021608459
2023-01-23,210.94400606155398,0,200,0.0,42188.8012123108,101564.23335075378,143753.03456306458,0.0024896087807251277,-0.04164643624623632,0.008534177744794258,-0.130429025743668
2023-01-24,210.92799863815307,0,200,0.0,42185.599727630615,101564.23335075378,143749.8330783844,-2.2270727639939203e-05,-0.041667779477437494,-7.588470371722167e-05,-0.13049501287941057
2023-01-25,211.02699956893923,0,200,0.0,42205.39991378785,101564.23335075378,143769.63326454163,0.00013774058538507106,-0.04153577823638932,0.00046935888751309385,-0.1300869029859686
2023-01-26,212.69000492095947,0,200,0.0,42538.000984191895,101564.23335075378,144102.23433494568,0.002313430610148659,-0.039318437767029035,0.007880533559294411,-0.12323152363127976
2023-01-27,213.0639973640442,0,200,0.0,42612.799472808845,101564.23335075378,144177.03282356262,0.0005190654326918676,-0.03881978117624951,0.001758392187840352,-0.12168982079188828
2023-01-30,210.82800073623662,0,200,0.0,42165.60014724732,101564.23335075378,143729.8334980011,-0.003101737612458577,-0.041801110013326315,-0.01049448360807359,-0.13090723257039194
2023-01-31,213.37200012207035,0,200,0.0,42674.40002441407,101564.23335075378,144238.63337516785,0.0035399740247652467,-0.038409110832214544,0.012066705451599269,-0.12042014613570362
2023-02-01,215.36300659179688,0,200,0.0,43072.601318359375,101564.23335075378,144636.83466911316,0.002760711777610725,-0.035754435539245844,0.009331151550285188,-0.1122126532187182
2023-02-02,217.73800106048586,0,200,0.0,43547.60021209717,101564.23335075378,145111.83356285095,0.0032840797078037554,-0.032587776247660516,0.0110278664208594,-0.102422252948285
2023-02-03,215.55000228881835,0,200,0.0,43110.00045776367,101564.23335075378,144674.23380851746,-0.0030156035079245136,-0.03550510794321715,-0.010048768524607232,-0.11144180396124614
2023-02-06,214.16699523925783,0,200,0.0,42833.39904785156,101564.23335075378,144397.63239860535,-0.001911891306631719,-0.037349117342631244,-0.006416177382858046,-0.1171429509620231
2023-02-07,216.30299758911136,0,200,0.0,43260.59951782227,101564.23335075378,144824.83286857605,0.00295850051607105,-0.0345011142094932,0.009973536526798998,-0.10833774393550089
2023-02-08,214.52700443267827,0,200,0.0,42905.40088653565,101564.23335075378,144469.63423728943,-0.0024526086048305418,-0.036869105084737286,-0.008210672881227343,-0.11565889104058369
2023-02-09,212.87200155258182,0,200,0.0,42574.400310516365,101564.23335075378,144138.63366127014,-0.0022911428949534685,-0.039075775591532524,-0.007714659907143817,-0.12248128193811203
2023-02-10,213.1199977874756,0,200,0.0,42623.99955749512,101564.23335075378,144188.2329082489,0.0003441079308086348,-0.03874511394500746,0.0011650016586728373,-0.12145897117605342
2023-02-13,215.04499921798705,0,200,0.0,43008.99984359741,101564.23335075378,144573.2331943512,0.00267012278559009,-0.03617844537099224,0.009032476775976184,-0.11352356973645894
2023-02-14,214.80899963378909,0,200,0.0,42961.79992675782,101564.23335075378,144526.0332775116,-0.00032647756293968655,-0.03649311148325629,-0.00109744279130497,-0.11449642690451345
2023-02-15,215.42000179290773,0,200,0.0,43084.00035858154,101564.23335075378,144648.23370933533,0.0008455253981065614,-0.035678441937764704,0.0028443973956411295,-0.11197770284736974
2023-02-16,213.09399957656862,0,200,0.0,42618.79991531372,101564.23335075378,144183.0332660675,-0.0032160810494418213,-0.03877977822621692,-0.01079752203593043,-0.12156614316927283
2023-02-17,212.76300649642943,0,200,0.0,42552.60129928589,101564.23335075378,144116.83465003967,-0.00045912902876488193,-0.03922110233306908,-0.0015532726439829725,-0.12293059044863641
2023-02-21,209.19199972152714,1,400,200.0,83676.79988861085,59725.833406448364,143402.6332950592,-0.004955710807240332,-0.04398244469960555,-0.016783964626680636,-0.13765129239369012
2023-02-22,208.9230028152466,1,400,0.0,83569.20112609865,59725.833406448364,143295.034532547,-0.0007503262669578126,-0.04469976978302026,-0.0012858852472303894,-0.13876017387476924
2023-02-23,209.88599748611452,0,200,-200.0,41977.1994972229,101703.03290367126,143680.23240089417,0.002688145263398445,-0.04213178399403905,0.004609328115581013,-0.13479043692995207
2023-02-24,207.8779953956604,1,400,200.0,83151.19815826416,60127.433824539185,143278.63198280334,-0.0027950986115492515,-0.04480912011464444,-0.00956710840410857,-0.14306799061211461
2023-02-27,208.53099880218508,0,200,-200.0,41706.19976043702,101833.6335849762,143539.8333454132,0.0018230308245907878,-0.04306777769724546,0.003141282006697166,-0.14037612551006162
2023-02-28,207.95400056838992,0,200,0.0,41590.800113677986,101833.6335849762,143424.43369865417,-0.0008039555576279112,-0.04383710867563895,-0.002766966240556501,-0.1427546757503516
2023-03-01,207.10899543762207,0,200,0.0,41421.799087524414,101833.6335849762,143255.4326725006,-0.001178328000294937,-0.044963782183329415,-0.00406342329774001,-0.14623802637278627
2023-03-02,208.2720060348511,0,200,0.0,41654.40120697022,101833.6335849762,143488.0347919464,0.0016236879475108879,-0.043413101387024144,0.005615451877266864,-0.1414437670952423
2023-03-03,210.98199424743655,0,200,0.0,42196.39884948731,101833.6335849762,144030.0324344635,0.003777302011996886,-0.03979978377024351,0.013011773709674435,-0.13027242767565506
2023-03-06,211.17600231170655,0,200,0.0,42235.20046234131,101833.6335849762,144068.8340473175,0.00026939945925286146,-0.03954110635121677,0.0009195479688304253,-0.12947267145308838
2023-03-07,208.5970016479492,0,200,0.0,41719.400329589844,101833.6335849762,143553.03391456604,-0.0035802339635930824,-0.042979773902893204,-0.01221256504302326,-0.14010404307469682
2023-03-08,208.874995803833,0,200,0.0,41774.9991607666,101833.6335849762,143608.6327457428,0.0003873051628420221,-0.042609115028381606,0.0013326852911959008,-0.1389580723809436
2023-03-09,206.0520028114319,0,200,0.0,41210.40056228638,101833.6335849762,143044.03414726257,-0.003931508765770642,-0.04637310568491648,-0.013515227045425515,-0.15059524952834602
2023-03-10,204.35400085449223,0,200,0.0,40870.800170898445,101833.6335849762,142704.43375587463,-0.002374096853548724,-0.04863710829416934,-0.008240647670353374,-0.15759489480650735
2023-03-13,204.77000160217284,0,200,0.0,40954.00032043457,101833.6335849762,142787.63390541077,0.000583024278548061,-0.04808244063059519,0.0020356868274715723,-0.15588002183047012
2023-03-14,207.14799346923832,0,200,0.0,41429.59869384766,101833.6335849762,143263.23227882385,0.003330809261312906,-0.04491178480784119,0.011612989444056643,-0.14607726543447008
2023-03-15,206.70800189971925,0,200,0.0,41341.60037994385,101833.6335849762,143175.23396492004,-0.0006142421366882589,-0.04549844023386662,-0.0021240445642279893,-0.1478910353770947
2023-03-16,209.15800714492798,0,200,0.0,41831.601428985596,101833.6335849762,143665.2350139618,0.00342238692734953,-0.04223176657358829,0.011852493482072957,-0.13779141942788575
2023-03-17,207.86300678253176,0,200,0.0,41572.60135650635,101833.6335849762,143406.23494148254,-0.0018028026923428975,-0.043958433723449875,-0.006191493120791258,-0.14312977792318515
2023-03-20,209.3490036010742,0,200,0.0,41869.800720214844,101833.6335849762,143703.43430519104,0.0020724298621308535,-0.04197710463205995,0.007148923906874494,-0.13700407790749136
2023-03-21,211.06800327301025,0,200,0.0,42213.60065460205,101833.6335849762,144047.23423957825,0.0023924267088639706,-0.03968510506947853,0.008211167201023217,-0.12991787409738853
2023-03-22,208.75699520111084,0,200,0.0,41751.39904022217,101833.6335849762,143585.03262519836,-0.0032086809359431756,-0.042766449165344333,-0.010949116095584577,-0.13944450430658928
2023-03-23,208.8920000076294,0,200,0.0,41778.40000152588,101833.6335849762,143612.03358650208,0.0001880485786718289,-0.04258644275665291,0.0006467079409171461,-0.13888797623392446
2023-03-24,209.89200382232667,0,200,0.0,41978.40076446533,101833.6335849762,143812.03434944153,0.001392646270265363,-0.04125310433705642,0.004787181005786456,-0.13476567710989718
2023-03-27,209.68400726318362,0,200,0.0,41936.801452636726,101833.6335849762,143770.43503761292,-0.00028926168812504205,-0.04153043308258053,-0.0009909694288264825,-0.1356230978726527
2023-03-28,209.35399847030638,0,200,0.0,41870.79969406128,101833.6335849762,143704.43327903748,-0.0004590774073832682,-0.04197044480641676,-0.001573838640268943,-0.13698348764097668
2023-03-29,211.6229982376099,0,200,0.0,42324.59964752198,101833.6335849762,144158.23323249817,0.0031578702417589533,-0.038945111783345365,0.010838100938517892,-0.1276300275684219
2023-03-30,212.563006401062,0,200,0.0,42512.6012802124,101833.6335849762,144346.2348651886,0.0013041338567685301,-0.03769176756540915,0.0044418998468052084,-0.12375504752152056
2023-03-31,215.08299522399906,0,200,0.0,43016.59904479981,101833.6335849762,144850.232629776,0.0034915892683873295,-0.03433178246815971,0.011855255839684276,-0.11336693943165621
2023-04-03,215.7100046157837,0,200,0.0,43142.00092315674,101833.6335849762,144975.63450813293,0.0008657347391181069,-0.033495769945780185,0.0029151974154517646,-0.11078222902503332
2023-04-04,215.14199628829957,0,200,0.0,43028.39925765991,101833.6335849762,144862.0328426361,-0.0007835914350866613,-0.03425311438242573,-0.0026332034459684017,-0.11312372032378093
2023-04-05,214.8669973373413,0,200,0.0,42973.39946746826,101833.6335849762,144807.03305244446,-0.0003796701531270097,-0.03461977965037011,-0.0012782206900681103,-0.11425734393399367
2023-04-06,215.4700035095215,0,200,0.0,43094.0007019043,101833.6335849762,144927.6342868805,0.00083284100153036,-0.0338157714207965,0.002806415967331999,-0.11177158160106293
2023-04-10,215.413005065918,0,200,0.0,43082.601013183594,101833.6335849762,144916.2345981598,-7.865779895455116e-05,-0.03389176934560112,-0.0002645307591550017,-0.1120065453388851
2023-04-11,215.46400070190433,0,200,0.0,43092.80014038087,101833.6335849762,144926.43372535706,7.037946594135036e-05,-0.03382377516428614,0.00023673424903347673,-0.11179632687524921
