index,open,high,low,close,adjclose,volume,market_daily_returns,market_cum_returns
2022-01-11,4669.14013671875,4714.1298828125,4638.27001953125,4713.06982421875,4713.06982421875,4101590000,0.009159984668711818,0.009159984668711818
2022-01-12,4728.58984375,4748.830078125,4706.7099609375,4726.35009765625,4726.35009765625,4048220000,0.002817754443029452,0.012003549699239668
2022-01-13,4733.56005859375,4744.1298828125,4650.2900390625,4659.02978515625,4659.02978515625,4251730000,-0.0142436152864307,-0.002411039531178605
2022-01-14,4637.990234375,4665.1298828125,4614.75,4662.85009765625,4662.85009765625,4338490000,0.0008199802697488323,-0.0015930362662749387
2022-01-18,4632.240234375,4632.240234375,4568.7001953125,4577.10986328125,4577.10986328125,4748700000,-0.018387945694007368,-0.019951689295929498
2022-01-19,4588.02978515625,4611.5498046875,4530.2001953125,4532.759765625,4532.759765625,4465740000,-0.009689541868338813,-0.029447908435491277
2022-01-20,4547.35009765625,4602.10986328125,4477.9501953125,4482.72998046875,4482.72998046875,4640870000,-0.01103737849414832,-0.04016025921837607
2022-01-21,4471.3798828125,4494.52001953125,4395.33984375,4397.93994140625,4397.93994140625,5589100000,-0.018914821867908604,-0.05831545693700002
2022-01-24,4356.31982421875,4417.35009765625,4222.6201171875,4410.1298828125,4410.1298828125,6928110000,0.002771738943381896,-0.05570535321661152
2022-01-25,4366.64013671875,4411.009765625,4287.10986328125,4356.4501953125,4356.4501953125,5145050000,-0.012171906253646725,-0.06719921913307936
2022-01-26,4408.43017578125,4453.22998046875,4304.7998046875,4349.93017578125,4349.93017578125,5570640000,-0.0014966358477518371,-0.06859528222053568
2022-01-27,4380.580078125,4428.740234375,4309.5,4326.509765625,4326.509765625,5214200000,-0.00538408875771057,-0.0736100478904107
2022-01-28,4336.18994140625,4432.72021484375,4292.4599609375,4431.85009765625,4431.85009765625,5031090000,0.024347646888076113,-0.051054632455784676
2022-01-31,4431.7900390625,4516.89013671875,4414.02001953125,4515.5498046875,4515.5498046875,5098610000,0.018885951732779516,-0.033132896047299853
2022-02-01,4519.56982421875,4550.490234375,4483.52978515625,4546.5400390625,4546.5400390625,4816830000,0.00686300355780145,-0.026497283672951233
2022-02-02,4566.39013671875,4595.31005859375,4544.31982421875,4589.3798828125,4589.3798828125,4481580000,0.00942251544733641,-0.01732443929033567
2022-02-03,4535.41015625,4542.8798828125,4470.39013671875,4477.43994140625,4477.43994140625,4401970000,-0.024391082077444004,-0.041292959547103436
2022-02-04,4482.7900390625,4539.66015625,4451.5,4500.52978515625,4500.52978515625,4706290000,0.0051569298644233985,-0.036348974578958915
2022-02-07,4505.75,4521.85986328125,4471.47021484375,4483.8701171875,4483.8701171875,4228480000,-0.0037017126347429485,-0.039916133755242944
2022-02-08,4480.02001953125,4531.31982421875,4465.39990234375,4521.5400390625,4521.5400390625,4459620000,0.008401207191663262,-0.03185027027354759
2022-02-09,4547.0,4590.02978515625,4547.0,4587.18017578125,4587.18017578125,4524350000,0.014517207887505545,-0.017795439380876354
2022-02-10,4553.240234375,4588.919921875,4484.31005859375,4504.080078125,4504.080078125,5314860000,-0.01811572566845976,-0.03558878775136243
2022-02-11,4506.27001953125,4526.330078125,4401.41015625,4418.64013671875,4418.64013671875,5251500000,-0.01896945434456343,-0.053883142211498036
2022-02-14,4412.60986328125,4426.22021484375,4364.83984375,4401.669921875,4401.669921875,4600390000,-0.0038405967262932217,-0.05751679551821143
2022-02-15,4429.27978515625,4472.77001953125,4429.27978515625,4471.06982421875,4471.06982421875,4430830000,0.01576672117072042,-0.04265692562505996
2022-02-16,4455.75,4489.5498046875,4429.68017578125,4475.009765625,4475.009765625,4283640000,0.0008812077558950637,-0.04181330748286838
2022-02-17,4456.06005859375,4456.06005859375,4373.81005859375,4380.259765625,4380.259765625,4539420000,-0.021173138152195015,-0.06210112669912837
2022-02-18,4384.56982421875,4394.60009765625,4327.22021484375,4348.8701171875,4348.8701171875,4708060000,-0.0071661613961429005,-0.06882226139846304
2022-02-22,4332.740234375,4362.1201171875,4267.10986328125,4304.759765625,4304.759765625,5121900000,-0.010142945264832837,-0.0782671462329293
2022-02-23,4324.93017578125,4341.509765625,4221.509765625,4225.5,4225.5,4797430000,-0.018412122845487655,-0.09523820476721057
2022-02-24,4155.77001953125,4294.72998046875,4114.64990234375,4288.7001953125,4288.7001953125,6752130000,0.014956856067329216,-0.08170581282069533
2022-02-25,4298.3798828125,4385.33984375,4286.830078125,4384.64990234375,4384.64990234375,5177060000,0.022372677655603468,-0.061161112977918375
2022-02-28,4354.169921875,4388.83984375,4315.1201171875,4373.93994140625,4373.93994140625,6071370000,-0.002442603440647617,-0.06345432407357232
2022-03-01,4363.14013671875,4378.4501953125,4279.5400390625,4306.259765625,4306.259765625,5846230000,-0.015473503680411893,-0.07794596703689372
2022-03-02,4322.56005859375,4401.47998046875,4322.56005859375,4386.5400390625,4386.5400390625,5337870000,0.018642691757321028,-0.06075639791676779
2022-03-03,4401.31005859375,4416.77978515625,4345.56005859375,4363.490234375,4363.490234375,5039890000,-0.005254666430088317,-0.06569180974230981
2022-03-04,4342.1201171875,4342.1201171875,4284.97998046875,4328.8701171875,4328.8701171875,5797380000,-0.007934042550334475,-0.07310465067894034
2022-03-07,4327.009765625,4327.009765625,4199.85009765625,4201.08984375,4201.08984375,6940470000,-0.029518158313449172,-0.10046489434019912
2022-03-08,4202.66015625,4276.93994140625,4157.8701171875,4170.7001953125,4170.7001953125,7243120000,-0.00723375351819977,-0.10697190957550995
2022-03-09,4223.10009765625,4299.39990234375,4223.10009765625,4277.8798828125,4277.8798828125,5662670000,0.02569824789143582,-0.08402265233376582
2022-03-10,4252.5498046875,4268.27978515625,4209.7998046875,4259.52001953125,4259.52001953125,4980830000,-0.004291813651667864,-0.08795385641909825
2022-03-11,4279.5,4291.009765625,4200.490234375,4204.31005859375,4204.31005859375,4938640000,-0.012961545123475138,-0.09977538366381355
2022-03-14,4202.75,4247.56982421875,4161.72021484375,4173.10986328125,4173.10986328125,5574920000,-0.007421002465963666,-0.10645595276156561
2022-03-15,4188.81982421875,4271.0498046875,4187.89990234375,4262.4501953125,4262.4501953125,5392470000,0.021408574170870942,-0.08732644875132134
2022-03-16,4288.14013671875,4358.89990234375,4251.990234375,4357.85986328125,4357.85986328125,6309750000,0.02238376135718223,-0.06689738178315885
2022-03-17,4345.10986328125,4412.669921875,4335.64990234375,4411.669921875,4411.669921875,4985090000,0.01234781757145198,-0.05537560087797311
2022-03-18,4407.33984375,4465.39990234375,4390.56982421875,4463.1201171875,4463.1201171875,8278430000,0.011662294827948783,-0.04435911263373804
2022-03-21,4462.39990234375,4481.75,4424.2998046875,4461.18017578125,4461.18017578125,4869820000,-0.00043466036210393355,-0.04477449184788196
2022-03-22,4469.10009765625,4522.0,4469.10009765625,4511.60986328125,4511.60986328125,4754840000,0.0113041136006502,-0.03397651418949155
2022-03-23,4493.10009765625,4501.06982421875,4455.81005859375,4456.240234375,4456.240234375,4550670000,-0.012272698789159042,-0.04583222945409737
2022-03-24,4469.97998046875,4520.580078125,4465.169921875,4520.16015625,4520.16015625,4131390000,0.01434391292056647,-0.0321457300417759
2022-03-25,4522.91015625,4546.02978515625,4501.06982421875,4543.06005859375,4543.06005859375,4305020000,0.005066170567449069,-0.027242415225733674
2022-03-28,4541.08984375,4575.64990234375,4517.68994140625,4575.52001953125,4575.52001953125,4312260000,0.007144955276586762,-0.02029210578756102
2022-03-29,4602.85986328125,4637.2998046875,4589.66015625,4631.60009765625,4631.60009765625,5085910000,0.012256547427530462,-0.008284269517020215
2022-03-30,4624.2001953125,4627.77001953125,4581.31982421875,4602.4501953125,4602.4501953125,4385570000,-0.0062937001746978805,-0.014525830983211585
2022-03-31,4599.02001953125,4603.06982421875,4530.41015625,4530.41015625,4530.41015625,4823020000,-0.015652540713177343,-0.029951005535531428
2022-04-01,4540.31982421875,4548.7001953125,4507.56982421875,4545.85986328125,4545.85986328125,4562940000,0.0034102225843584133,-0.026642922546674552
2022-04-04,4547.97021484375,4583.5,4539.2099609375,4582.64013671875,4582.64013671875,4547350000,0.008090938687879357,-0.018767550111586262
2022-04-05,4572.4501953125,4593.4501953125,4514.169921875,4525.1201171875,4525.1201171875,4800620000,-0.012551720801807331,-0.031083705864259015
2022-04-06,4494.169921875,4503.93994140625,4450.0400390625,4481.14990234375,4481.14990234375,4986830000,-0.009716916613271898,-0.040498584699616424
2022-04-07,4474.64990234375,4521.16015625,4450.2998046875,4500.2099609375,4500.2099609375,4821490000,0.004253385628492534,-0.03641745516925954
2022-04-08,4494.14990234375,4520.41015625,4474.60009765625,4488.27978515625,4488.27978515625,4083200000,-0.002651026482054286,-0.03897193801325105
2022-04-11,4462.64013671875,4464.35009765625,4408.3798828125,4412.52978515625,4412.52978515625,4266290000,-0.01687729010355421,-0.055191487413057905
2022-04-12,4437.58984375,4471.0,4381.33984375,4397.4501953125,4397.4501953125,4152090000,-0.003417447717741773,-0.058420321108101136
2022-04-13,4394.2998046875,4453.919921875,4392.7001953125,4446.58984375,4446.58984375,3828150000,0.011174577597236057,-0.047898565922342984
2022-04-14,4449.1201171875,4460.4599609375,4390.77001953125,4392.58984375,4392.58984375,4083090000,-0.01214413784439794,-0.05946101697963102
2022-04-18,4385.6298828125,4410.31005859375,4370.2998046875,4391.68994140625,4391.68994140625,3910490000,-0.0002048682840329885,-0.0596537035871485
2022-04-19,4390.6298828125,4471.02978515625,4390.6298828125,4462.2099609375,4462.2099609375,4108120000,0.016057604355527166,-0.04455399480216571
2022-04-20,4472.259765625,4488.2900390625,4448.759765625,4459.4501953125,4459.4501953125,4290450000,-0.0006184750715809706,-0.04514491433862222
2022-04-21,4489.169921875,4512.93994140625,4384.47021484375,4393.66015625,4393.66015625,4636890000,-0.014752948498371943,-0.05923184224079303
2022-04-22,4385.830078125,4385.830078125,4267.6201171875,4271.77978515625,4271.77978515625,4651940000,-0.027740054250753654,-0.08532880197441506
2022-04-25,4255.33984375,4299.02001953125,4200.81982421875,4296.1201171875,4296.1201171875,5240040000,0.005697936985382235,-0.0801170631257212
2022-04-26,4278.14013671875,4278.14013671875,4175.0400390625,4175.2001953125,4175.2001953125,4689970000,-0.028146308431003852,-0.10600837198740232
2022-04-27,4186.52001953125,4240.7099609375,4162.89990234375,4183.9599609375,4183.9599609375,4769680000,0.0020980468517017847,-0.1041327356668027
2022-04-28,4222.580078125,4308.4501953125,4188.6298828125,4287.5,4287.5,4854180000,0.02474690007293945,-0.08196279799773143
2022-04-29,4253.75,4269.68017578125,4124.27978515625,4131.93017578125,4131.93017578125,5084030000,-0.036284507106413955,-0.11527332537773516
2022-05-02,4130.60986328125,4169.81005859375,4062.510009765625,4155.3798828125,4155.3798828125,5163790000,0.005675242812353654,-0.11025228667668763
2022-05-03,4159.77978515625,4200.10009765625,4147.080078125,4175.47998046875,4175.47998046875,4582050000,0.004837126381486367,-0.1059484645397043
2022-05-04,4181.18017578125,4307.66015625,4148.91015625,4300.169921875,4300.169921875,5136360000,0.02986242108440229,-0.07924992111663254
2022-05-05,4270.43017578125,4270.43017578125,4106.009765625,4146.8701171875,4146.8701171875,5077030000,-0.035649708609806985,-0.11207439313128142
2022-05-06,4128.169921875,4157.68994140625,4067.909912109375,4123.33984375,4123.33984375,5116940000,-0.0056742248424840325,-0.11711268266805364
2022-05-09,4081.27001953125,4081.27001953125,3975.47998046875,3991.239990234375,3991.239990234375,5954520000,-0.03203710063235676,-0.1453978325004487
2022-05-10,4035.179931640625,4068.820068359375,3958.169921875,4001.050048828125,4001.050048828125,5885820000,0.0024578974498534745,-0.14329730801231233
2022-05-11,3990.080078125,4049.090087890625,3928.820068359375,3935.179931640625,3935.179931640625,5816140000,-0.01646320750393837,-0.15740138219968824
2022-05-12,3903.949951171875,3964.800048828125,3858.8701171875,3930.080078125,3930.080078125,6286450000,-0.0012959645058717717,-0.15849336010105408
2022-05-13,3963.89990234375,4038.8798828125,3963.89990234375,4023.889892578125,4023.889892578125,5183340000,0.02386969542307149,-0.13840685291017396
2022-05-16,4013.02001953125,4046.4599609375,3983.989990234375,4008.010009765625,4008.010009765625,4415030000,-0.003946400929555671,-0.141807044906748
2022-05-17,4052.0,4090.719970703125,4033.929931640625,4088.85009765625,4088.85009765625,4841410000,0.020169632234863677,-0.12449760861596626
2022-05-18,4051.97998046875,4051.97998046875,3911.909912109375,3923.679931640625,3923.679931640625,5103220000,-0.04039526078745259,-0.1598637560359627
2022-05-19,3899.0,3945.9599609375,3876.580078125,3900.7900390625,3900.7900390625,5113550000,-0.005833781800992588,-0.1647649275663544
2022-05-20,3927.760009765625,3943.419921875,3810.320068359375,3901.360107421875,3901.360107421875,5130730000,0.00014614176965843662,-0.16464286483478818
2022-05-23,3919.419921875,3981.8798828125,3909.0400390625,3973.75,3973.75,4420030000,0.018555039930923556,-0.14914277983521573
2022-05-24,3942.93994140625,3955.679931640625,3875.1298828125,3941.47998046875,3941.47998046875,4923190000,-0.008120797617175213,-0.1560524191212862
2022-05-25,3929.590087890625,3999.330078125,3925.030029296875,3978.72998046875,3978.72998046875,4802560000,0.009450764734207695,-0.1480764690863977
2022-05-26,3984.60009765625,4075.139892578125,3984.60009765625,4057.840087890625,4057.840087890625,4709970000,0.019883256167224195,-0.13113745528635645
2022-05-27,4077.429931640625,4158.490234375,4077.429931640625,4158.240234375,4158.240234375,4375620000,0.02474226295510973,-0.10963982973320574
2022-05-31,4151.08984375,4168.33984375,4104.8798828125,4132.14990234375,4132.14990234375,6822640000,-0.006274368617659065,-0.11522627764394133
2022-06-01,4149.77978515625,4166.5400390625,4073.85009765625,4101.22998046875,4101.22998046875,4531800000,-0.007482768681131846,-0.12184683474347568
2022-06-02,4095.409912109375,4177.509765625,4074.3701171875,4176.81982421875,4176.81982421875,4405790000,0.018431018038486124,-0.10566157791407904
2022-06-03,4137.56982421875,4142.669921875,4098.669921875,4108.5400390625,4108.5400390625,3711110000,-0.016347313992415624,-0.12028160891539907
2022-06-06,4134.72021484375,4168.77978515625,4109.18017578125,4121.43017578125,4121.43017578125,4332700000,0.003137400778913113,-0.117521579749986
2022-06-07,4096.47021484375,4164.85986328125,4080.18994140625,4160.68017578125,4160.68017578125,4248210000,0.009523393173235029,-0.10911739078704974
2022-06-08,4147.1201171875,4160.14013671875,4107.2001953125,4115.77001953125,4115.77001953125,4159470000,-0.010793945785935621,-0.11873352937252724
2022-06-09,4101.64990234375,4119.10009765625,4017.169921875,4017.820068359375,4017.820068359375,4134170000,-0.02379869397635359,-0.13970652041861165
2022-06-10,3974.389892578125,3974.389892578125,3900.159912109375,3900.860107421875,3900.860107421875,4889640000,-0.029110303335524668,-0.16474992456679982
2022-06-13,3838.14990234375,3838.14990234375,3734.300048828125,3749.6298828125,3749.6298828125,5636890000,-0.038768430665237275,-0.19713125920436603
2022-06-14,3763.52001953125,3778.179931640625,3705.679931640625,3735.47998046875,3735.47998046875,5153890000,-0.0037736797459957394,-0.20016102871019958
2022-06-15,3764.050048828125,3837.56005859375,3722.300048828125,3789.989990234375,3789.989990234375,5530480000,0.014592504858983224,-0.18848937463524906
2022-06-16,3728.179931640625,3728.179931640625,3639.77001953125,3666.77001953125,3666.77001953125,5644930000,-0.03251195148816344,-0.214873168719237
2022-06-17,3665.89990234375,3707.7099609375,3636.8701171875,3674.840087890625,3674.840087890625,8520740000,0.002200865698254617,-0.21314521000749187
2022-06-21,3715.31005859375,3779.64990234375,3715.31005859375,3764.7900390625,3764.7900390625,5292260000,0.024477242280086964,-0.19388517467359834
2022-06-22,3733.889892578125,3801.7900390625,3717.68994140625,3759.889892578125,3759.889892578125,5058990000,-0.0013015723144006452,-0.19493439141247104
2022-06-23,3774.7099609375,3802.580078125,3743.52001953125,3795.72998046875,3795.72998046875,5098640000,0.009532217409177868,-0.18726033100276263
2022-06-24,3821.75,3913.64990234375,3821.75,3911.739990234375,3911.739990234375,8120260000,0.03056329358583576,-0.16242032989034505
2022-06-27,3920.760009765625,3927.719970703125,3889.659912109375,3900.110107421875,3900.110107421875,4325310000,-0.0029730715337762392,-0.16491051416481772
2022-06-28,3913.0,3945.860107421875,3820.139892578125,3821.550048828125,3821.550048828125,4270120000,-0.020143036075892073,-0.181731751804594
2022-06-29,3825.090087890625,3836.5,3799.02001953125,3818.830078125,3818.830078125,4211240000,-0.0007117454091590814,-0.1823141504737077
2022-06-30,3785.989990234375,3818.989990234375,3738.669921875,3785.3798828125,3785.3798828125,4840070000,-0.008759278267998716,-0.18947648836551345
2022-07-01,3781.0,3829.820068359375,3752.10009765625,3825.330078125,3825.330078125,4046950000,0.010553814029047315,-0.18092237395755273
2022-07-05,3792.610107421875,3832.18994140625,3742.06005859375,3831.389892578125,3831.389892578125,5076590000,0.0015841285142366157,-0.17962484973476567
2022-07-06,3831.97998046875,3870.909912109375,3809.3701171875,3845.080078125,3845.080078125,4417720000,0.0035731642904301975,-0.17669351454308158
2022-07-07,3858.85009765625,3910.6298828125,3858.85009765625,3902.6201171875,3902.6201171875,4057770000,0.014964587965241805,-0.16437307221910746
2022-07-08,3888.260009765625,3918.5,3869.340087890625,3899.3798828125,3899.3798828125,3521620000,-0.000830271529819071,-0.16506686946679416
2022-07-11,3880.93994140625,3880.93994140625,3847.219970703125,3854.429931640625,3854.429931640625,3423480000,-0.011527461422777274,-0.17469152891961437
2022-07-12,3851.949951171875,3873.409912109375,3802.360107421875,3818.800048828125,3818.800048828125,3817210000,-0.009243878717321574,-0.18232058033065957
2022-07-13,3779.669921875,3829.43994140625,3759.070068359375,3801.780029296875,3801.780029296875,4109390000,-0.0044569025122100925,-0.1859648977903663
2022-07-14,3763.989990234375,3796.409912109375,3721.56005859375,3790.3798828125,3790.3798828125,4199690000,-0.00299863390215227,-0.18840589104539407
2022-07-15,3818.0,3863.6201171875,3817.179931640625,3863.159912109375,3863.159912109375,4143800000,0.01920124935943668,-0.17282227018070684
2022-07-18,3883.7900390625,3902.43994140625,3818.6298828125,3830.85009765625,3830.85009765625,4046870000,-0.008363571580831342,-0.17974043033412002
2022-07-19,3860.72998046875,3939.81005859375,3860.72998046875,3936.68994140625,3936.68994140625,4041070000,0.02762829164595959,-0.15707805971800182
2022-07-20,3935.320068359375,3974.1298828125,3922.030029296875,3959.89990234375,3959.89990234375,4185300000,0.005895806193263242,-0.1521083553220497
2022-07-21,3955.469970703125,3999.2900390625,3927.639892578125,3998.949951171875,3998.949951171875,4132790000,0.00986137270919718,-0.14374697979686624
2022-07-22,3998.429931640625,4012.43994140625,3938.860107421875,3961.6298828125,3961.6298828125,3979240000,-0.00933246697634671,-0.1517379328313091
2022-07-25,3965.719970703125,3975.300048828125,3943.4599609375,3966.840087890625,3966.840087890625,3568340000,0.0013151670479691902,-0.1506223265125266
2022-07-26,3953.219970703125,3953.219970703125,3910.739990234375,3921.050048828125,3921.050048828125,3778950000,-0.01154320266205866,-0.16042686513422044
2022-07-27,3951.429931640625,4039.56005859375,3951.429931640625,4023.610107421875,4023.610107421875,4112180000,0.026156273782937722,-0.13846676035787187
2022-07-28,4026.1298828125,4078.949951171875,3992.969970703125,4072.429931640625,4072.429931640625,4413000000,0.012133338697180918,-0.12801348576241434
2022-07-29,4087.330078125,4140.14990234375,4079.219970703125,4130.2900390625,4130.2900390625,4616360000,0.014207760082581844,-0.11562451057287992
2022-08-01,4112.3798828125,4144.9501953125,4096.02001953125,4118.6298828125,4118.6298828125,4202810000,-0.0028230841271976725,-0.11812117697956426
2022-08-02,4104.2099609375,4140.47021484375,4079.81005859375,4091.18994140625,4091.18994140625,4727710000,-0.006662395550704803,-0.12399660252631639
2022-08-03,4107.9599609375,4167.66015625,4107.9599609375,4155.169921875,4155.169921875,4351760000,0.015638477163140152,-0.11029724340009095
2022-08-04,4154.85009765625,4161.2900390625,4135.419921875,4151.93994140625,4151.93994140625,4283320000,-0.0007773401640558397,-0.11098884508686724
2022-08-05,4115.8701171875,4151.580078125,4107.31005859375,4145.18994140625,4145.18994140625,4085940000,-0.0016257460597355333,-0.11243415146902824
2022-08-08,4155.93017578125,4186.6201171875,4128.97021484375,4140.06005859375,4140.06005859375,4221090000,-0.0012375507238541195,-0.11353255922734595
2022-08-09,4133.10986328125,4137.2998046875,4112.08984375,4122.47021484375,4122.47021484375,3913090000,-0.004248692893594086,-0.11729888714335923
2022-08-10,4181.02001953125,4211.02978515625,4177.259765625,4210.240234375,4210.240234375,4546010000,0.021290637641290244,-0.09850561760396481
2022-08-11,4227.39990234375,4257.91015625,4201.41015625,4207.27001953125,4207.27001953125,4630200000,-0.0007054739583503,-0.09914159841434433
2022-08-12,4225.02001953125,4280.47021484375,4219.77978515625,4280.14990234375,4280.14990234375,3788010000,0.017322368774566943,-0.08353659696841065
2022-08-15,4269.3701171875,4301.7900390625,4256.89990234375,4297.14013671875,4297.14013671875,3696830000,0.0039695418998517695,-0.07989865709039601
2022-08-16,4290.4599609375,4325.27978515625,4277.77001953125,4305.2001953125,4305.2001953125,4329820000,0.0018756797165810912,-0.0781728416643015
2022-08-17,4280.39990234375,4302.18017578125,4253.080078125,4274.0400390625,4274.0400390625,3885030000,-0.007237794954094601,-0.08484483761945094
2022-08-18,4273.1298828125,4292.52978515625,4261.97998046875,4283.740234375,4283.740234375,3340330000,0.002269561170191503,-0.08276783699821177
2022-08-19,4266.31005859375,4266.31005859375,4218.7001953125,4228.47998046875,4228.47998046875,3761340000,-0.012900001139847905,-0.09460013294643999
2022-08-22,4195.080078125,4195.080078125,4129.85986328125,4137.990234375,4137.990234375,3907430000,-0.0214000649197158,-0.1139757488796882
2022-08-23,4133.08984375,4159.77001953125,4124.02978515625,4128.72998046875,4128.72998046875,3823520000,-0.0022378626777133093,-0.11595854948281925
2022-08-24,4126.5498046875,4156.56005859375,4119.97021484375,4140.77001953125,4140.77001953125,3583630000,0.0029161604463010526,-0.11338054277193044
2022-08-25,4153.259765625,4200.5400390625,4147.58984375,4199.1201171875,4199.1201171875,3566870000,0.014091605518061545,-0.10088665113603468
2022-08-26,4198.740234375,4203.0400390625,4057.659912109375,4057.659912109375,4057.659912109375,3832750000,-0.03368805871951874,-0.13117603442806713
2022-08-29,4034.580078125,4062.989990234375,4017.419921875,4030.610107421875,4030.610107421875,3396510000,-0.006666355799502699,-0.1369679241097045
2022-08-30,4041.25,4044.97998046875,3965.2099609375,3986.159912109375,3986.159912109375,3835860000,-0.011028155571448206,-0.1464855761057725
2022-08-31,4000.669921875,4015.3701171875,3954.530029296875,3955.0,3955.0,4542490000,-0.007817025105971265,-0.15315751978566228
2022-09-01,3936.72998046875,3970.22998046875,3903.64990234375,3966.85009765625,3966.85009765625,4152250000,0.0029962320243361873,-0.15062018322687576
2022-09-02,3994.659912109375,4018.429931640625,3906.2099609375,3924.260009765625,3924.260009765625,3665850000,-0.010736500458081055,-0.15973955001874518
2022-09-06,3930.889892578125,3942.550048828125,3886.75,3908.18994140625,3908.18994140625,4127340000,-0.004095056983834944,-0.1631804644426812
2022-09-07,3909.429931640625,3987.889892578125,3906.030029296875,3979.8701171875,3979.8701171875,3890320000,0.018341016392734,-0.14783234362326436
2022-09-08,3959.93994140625,4010.5,3944.81005859375,4006.179931640625,4006.179931640625,3966850000,0.006610721877456038,-0.1421989002539943
2022-09-09,4022.93994140625,4076.81005859375,4022.93994140625,4067.360107421875,4067.360107421875,3901940000,0.015271449816332883,-0.12909903380682797
2022-09-12,4083.669921875,4119.27978515625,4083.669921875,4110.41015625,4110.41015625,3814200000,0.0105842727693497,-0.11988118042554918
2022-09-13,4037.1201171875,4037.1201171875,3921.280029296875,3932.68994140625,3932.68994140625,4224550000,-0.0432366134006168,-0.15793453757409692
2022-09-14,3940.72998046875,3961.93994140625,3912.179931640625,3946.010009765625,3946.010009765625,4293240000,0.0033870120853238816,-0.15508245167622658
2022-09-15,3932.409912109375,3959.139892578125,3888.280029296875,3901.35009765625,3901.35009765625,4441830000,-0.011317739184353415,-0.16464500812043836
2022-09-16,3880.949951171875,3880.949951171875,3837.080078125,3873.330078125,3873.330078125,7954650000,-0.007182134089448455,-0.17064463968440746
2022-09-19,3849.909912109375,3900.449951171875,3838.5,3899.889892578125,3899.889892578125,3766850000,0.006857100716286535,-0.16495766644913135
2022-09-20,3875.22998046875,3876.010009765625,3827.5400390625,3855.929931640625,3855.929931640625,4058050000,-0.011272103097361819,-0.17437034972357834
2022-09-21,3871.39990234375,3907.070068359375,3789.489990234375,3789.929931640625,3789.929931640625,4078330000,-0.017116493600784488,-0.1885022343491527
2022-09-22,3782.360107421875,3790.89990234375,3749.449951171875,3757.989990234375,3757.989990234375,4284600000,-0.00842758097968943,-0.19534119748401224
2022-09-23,3727.139892578125,3727.139892578125,3647.469970703125,3693.22998046875,3693.22998046875,5144270000,-0.017232619015461026,-0.20920757606520735
2022-09-26,3682.719970703125,3715.669921875,3644.760009765625,3655.0400390625,3655.0400390625,4886140000,-0.010340526208282075,-0.21738478585021603
2022-09-27,3686.43994140625,3717.530029296875,3623.2900390625,3647.2900390625,3647.2900390625,4577740000,-0.0021203598092424114,-0.21904421169640087
2022-09-28,3651.93994140625,3736.739990234375,3640.610107421875,3719.0400390625,3719.0400390625,4684850000,0.019672139926234733,-0.20368114015268957
2022-09-29,3687.010009765625,3687.010009765625,3610.39990234375,3640.469970703125,3640.469970703125,4681810000,-0.021126437880238824,-0.22050452107811636
2022-09-30,3633.47998046875,3671.43994140625,3584.1298828125,3585.6201171875,3585.6201171875,5645360000,-0.015066695771983274,-0.23224894231466875
2022-10-03,3609.780029296875,3698.35009765625,3604.929931640625,3678.429931640625,3678.429931640625,4806680000,0.025883894952576147,-0.21237655458781246
2022-10-04,3726.4599609375,3791.919921875,3726.4599609375,3790.929931640625,3790.929931640625,5146580000,0.030583700679551518,-0.1882881148851291
2022-10-05,3753.25,3806.909912109375,3722.659912109375,3783.280029296875,3783.280029296875,4293180000,-0.002017948757084831,-0.18992610787480768
2022-10-06,3771.969970703125,3797.929931640625,3739.219970703125,3744.52001953125,3744.52001953125,4252100000,-0.010245080846639998,-0.1982253803913826
2022-10-07,3706.739990234375,3706.739990234375,3620.72998046875,3639.659912109375,3639.659912109375,4449660000,-0.028003617786773516,-0.220677970390038
2022-10-10,3647.510009765625,3652.169921875,3588.10009765625,3612.389892578125,3612.389892578125,3834320000,-0.00749246363390188,-0.2265170123559892
2022-10-11,3595.860107421875,3640.659912109375,3568.449951171875,3588.840087890625,3588.840087890625,4759030000,-0.006519175777754405,-0.2315594839135432
2022-10-12,3590.830078125,3608.340087890625,3573.860107421875,3577.030029296875,3577.030029296875,4006830000,-0.0032907731480149582,-0.23408824732972722
2022-10-13,3520.3701171875,3685.409912109375,3491.580078125,3669.909912109375,3669.909912109375,5021680000,0.02596564246086497,-0.21420085660331645
2022-10-14,3690.409912109375,3712.0,3579.679931640625,3583.070068359375,3583.070068359375,4243030000,-0.02366266361565439,-0.2327949574029815
2022-10-17,3638.64990234375,3689.72998046875,3638.64990234375,3677.949951171875,3677.949951171875,4352780000,0.026480052302171098,-0.21247932774852307
2022-10-18,3746.260009765625,3762.7900390625,3686.530029296875,3719.97998046875,3719.97998046875,4483740000,0.011427569666488724,-0.20347988040256926
2022-10-19,3703.110107421875,3728.580078125,3666.510009765625,3695.159912109375,3695.159912109375,4223800000,-0.0066720972934503076,-0.20879434013671394
2022-10-20,3689.050048828125,3736.0,3656.43994140625,3665.780029296875,3665.780029296875,4496620000,-0.007950909706564868,-0.21508514489761
2022-10-21,3657.10009765625,3757.889892578125,3647.419921875,3752.75,3752.75,5078020000,0.02372481982226482,-0.1964631813844867
2022-10-24,3762.010009765625,3810.739990234375,3741.64990234375,3797.340087890625,3797.340087890625,4747930000,0.011881976654619875,-0.18691557566456962
2022-10-25,3799.43994140625,3862.85009765625,3799.43994140625,3859.110107421875,3859.110107421875,4843120000,0.016266654579669915,-0.1736894121897954
2022-10-26,3825.969970703125,3886.14990234375,3824.070068359375,3830.60009765625,3830.60009765625,4817310000,-0.007387716072364547,-0.17979396020012584
2022-10-27,3834.68994140625,3859.949951171875,3803.7900390625,3807.300048828125,3807.300048828125,4687320000,-0.006082610618211248,-0.18478295416693358
2022-10-28,3808.260009765625,3905.419921875,3808.260009765625,3901.06005859375,3901.06005859375,4459410000,0.024626377895927698,-0.16470711112904668
2022-10-31,3881.85009765625,3893.72998046875,3863.179931640625,3871.97998046875,3871.97998046875,4820620000,-0.00745440410765752,-0.17093372187094347
2022-11-01,3901.7900390625,3911.7900390625,3843.800048828125,3856.10009765625,3856.10009765625,4481210000,-0.004101230608784645,-0.1743339138675175
2022-11-02,3852.89990234375,3894.43994140625,3758.679931640625,3759.68994140625,3759.68994140625,4899000000,-0.02500198485734284,-0.1949772048502234
2022-11-03,3733.25,3750.590087890625,3698.14990234375,3719.889892578125,3719.889892578125,4625290000,-0.010585992315429671,-0.20349916997342465
2022-11-04,3766.97998046875,3796.340087890625,3708.840087890625,3770.550048828125,3770.550048828125,5400180000,0.013618724670070526,-0.1926518444698101
2022-11-07,3780.7099609375,3813.949951171875,3764.699951171875,3806.800048828125,3806.800048828125,4341620000,0.009613981920559844,-0.18489001389894555
2022-11-08,3817.02001953125,3859.39990234375,3786.280029296875,3828.110107421875,3828.110107421875,4607640000,0.005597892802462701,-0.18032711557453496
2022-11-09,3810.93994140625,3818.199951171875,3744.219970703125,3748.570068359375,3748.570068359375,4645010000,-0.02077788695478977,-0.1973581861070337
2022-11-10,3859.889892578125,3958.330078125,3859.889892578125,3956.3701171875,3956.3701171875,5781260000,0.05543448436034493,-0.15286415102782513
2022-11-11,3963.719970703125,4001.47998046875,3944.820068359375,3992.929931640625,3992.929931640625,5593310000,0.009240746788147902,-0.1450359831523106
2022-11-14,3977.969970703125,4008.969970703125,3956.39990234375,3957.25,3957.25,4561930000,-0.008935777048800997,-0.1526757509916089
2022-11-15,4006.409912109375,4028.840087890625,3953.169921875,3991.72998046875,3991.72998046875,5015310000,0.008713116550319144,-0.14529291605408712
2022-11-16,3976.820068359375,3983.090087890625,3954.340087890625,3958.7900390625,3958.7900390625,4165320000,-0.008252046497990273,-0.1523459986529705
2022-11-17,3919.260009765625,3954.330078125,3906.5400390625,3946.56005859375,3946.56005859375,4051780000,-0.0030893228355314273,-0.1549646755159615
2022-11-18,3966.389892578125,3979.889892578125,3935.97998046875,3965.340087890625,3965.340087890625,4037360000,0.00475858190881473,-0.1509435057085624
2022-11-21,3956.22998046875,3962.0,3933.340087890625,3949.93994140625,3949.93994140625,3850690000,-0.003883688698329779,-0.15424097681968552
2022-11-22,3965.510009765625,4005.8798828125,3956.8798828125,4003.580078125,4003.580078125,3887990000,0.013579987927526016,-0.1427555794953006
2022-11-23,4000.300048828125,4033.780029296875,3998.659912109375,4027.260009765625,4027.260009765625,3279720000,0.0059146891478476515,-0.1376852452242885
2022-11-25,4023.340087890625,4034.02001953125,4020.760009765625,4026.1201171875,4026.1201171875,1706460000,-0.0002830441976333642,-0.13792931841216138
2022-11-28,4005.360107421875,4012.27001953125,3955.77001953125,3963.93994140625,3963.93994140625,3615430000,-0.015444192913123267,-0.15124330432335165
2022-11-29,3964.18994140625,3976.77001953125,3937.64990234375,3957.6298828125,3957.6298828125,3546040000,-0.0015918653377758885,-0.15259441068740454
2022-11-30,3957.179931640625,4080.110107421875,3938.580078125,4080.110107421875,4080.110107421875,6579360000,0.030947872397389053,-0.12636901064052408
2022-12-01,4087.139892578125,4100.509765625,4050.8701171875,4076.570068359375,4076.570068359375,4527130000,-0.0008676332180498347,-0.12712700190721016
2022-12-02,4040.169921875,4080.47998046875,4026.6298828125,4071.699951171875,4071.699951171875,4012620000,-0.001194660488065602,-0.128169788789131
2022-12-05,4052.02001953125,4052.449951171875,3984.489990234375,3998.840087890625,3998.840087890625,4280820000,-0.017894212283564803,-0.14377050366376343
2022-12-06,3996.6298828125,4001.510009765625,3918.389892578125,3941.260009765625,3941.260009765625,4368380000,-0.014399194981406072,-0.15609951913034004
2022-12-07,3933.280029296875,3957.570068359375,3922.679931640625,3933.919921875,3933.919921875,4118050000,-0.0018623708845491027,-0.15767117481536863
2022-12-08,3947.7900390625,3974.18994140625,3935.830078125,3963.510009765625,3963.510009765625,4006900000,0.00752178195750397,-0.15133536105580936
2022-12-09,3954.169921875,3977.02001953125,3933.0400390625,3934.3798828125,3934.3798828125,3888260000,-0.007349578247904498,-0.15757268822595927
2022-12-12,3939.2900390625,3990.7099609375,3935.300048828125,3990.56005859375,3990.56005859375,3904130000,0.014279296218109305,-0.14554341909891222
2022-12-13,4069.3798828125,4100.9599609375,3993.030029296875,4019.64990234375,4019.64990234375,5079360000,0.0072896644387934195,-0.1393147173466246
2022-12-14,4015.5400390625,4053.760009765625,3965.64990234375,3995.320068359375,3995.320068359375,4472340000,-0.006052724634100337,-0.14452420835914825
2022-12-15,3958.3701171875,3958.3701171875,3879.449951171875,3895.75,3895.75,4493900000,-0.024921675023714007,-0.16584409802907607
2022-12-16,3890.909912109375,3890.909912109375,3827.909912109375,3852.360107421875,3852.360107421875,7493660000,-0.011137750774080746,-0.17513471857195673
2022-12-19,3853.7900390625,3854.860107421875,3800.0400390625,3817.659912109375,3817.659912109375,3969610000,-0.009007516001852345,-0.18256470579379225
2022-12-20,3810.469970703125,3838.239990234375,3795.6201171875,3821.6201171875,3821.6201171875,3985370000,0.0010373383615349674,-0.18171674880503952
2022-12-21,3839.489990234375,3889.820068359375,3839.489990234375,3878.43994140625,3878.43994140625,3775200000,0.014867993802734736,-0.16955051849739122
2022-12-22,3853.260009765625,3853.260009765625,3764.489990234375,3822.389892578125,3822.389892578125,3956950000,-0.01445169956861636,-0.18155192491098016
2022-12-23,3815.110107421875,3845.800048828125,3797.010009765625,3844.820068359375,3844.820068359375,2819280000,0.005868102525282026,-0.17674918769473802
2022-12-27,3843.340087890625,3846.64990234375,3813.219970703125,3829.25,3829.25,3030300000,-0.004049622110409712,-0.18008304238666217
2022-12-28,3829.56005859375,3848.320068359375,3780.780029296875,3783.219970703125,3783.219970703125,3083520000,-0.012020638322615351,-0.1899389675887112
2022-12-29,3805.449951171875,3858.18994140625,3805.449951171875,3849.280029296875,3849.280029296875,3003680000,0.01746133164481911,-0.1757942232492331
2022-12-30,3829.06005859375,3839.85009765625,3800.340087890625,3839.5,3839.5,2979870000,-0.0025407424823445934,-0.1778883178804176
2023-01-03,3853.2900390625,3878.4599609375,3794.330078125,3824.139892578125,3824.139892578125,3959140000,-0.004000548879248611,-0.1811772158489383
2023-01-04,3840.360107421875,3873.159912109375,3815.77001953125,3852.969970703125,3852.969970703125,4414080000,0.007538970575044379,-0.17500413497304756
2023-01-05,3839.739990234375,3839.739990234375,3802.419921875,3808.10009765625,3808.10009765625,3893450000,-0.011645528874622113,-0.18461164814066278
2023-01-06,3823.3701171875,3906.18994140625,3809.56005859375,3895.080078125,3895.080078125,3923560000,0.02284078102943865,-0.16598754134188876
2023-01-09,3910.820068359375,3950.570068359375,3890.419921875,3892.090087890625,3892.090087890625,4311770000,-0.0007676325452631305,-0.16662775644830963
2023-01-10,3888.570068359375,3919.830078125,3877.2900390625,3919.25,3919.25,3851030000,0.006978233159061986,-0.1608122906245153
2023-01-11,3932.35009765625,3970.070068359375,3928.5400390625,3969.610107421875,3969.610107421875,4303360000,0.012849424614881588,-0.1500292114151599
2023-01-12,3977.570068359375,3997.760009765625,3937.56005859375,3983.169921875,3983.169921875,4440260000,0.0034159058663651987,-0.14712579121219393
2023-01-13,3960.60009765625,4003.949951171875,3947.669921875,3999.090087890625,3999.090087890625,3939700000,0.003996858363534361,-0.1437169737977576
2023-01-17,3999.280029296875,4015.389892578125,3984.570068359375,3990.969970703125,3990.969970703125,4235560000,-0.0020304911890052235,-0.14545564893775598
2023-01-18,4002.25,4014.159912109375,3926.590087890625,3928.860107421875,3928.860107421875,4298710000,-0.015562598500411085,-0.15875457957413197
2023-01-19,3911.840087890625,3922.93994140625,3885.5400390625,3898.85009765625,3898.85009765625,3991500000,-0.007638350296294338,-0.1651803067804981
2023-01-20,3909.0400390625,3972.9599609375,3897.860107421875,3972.610107421875,3972.610107421875,4013360000,0.018918401045981525,-0.1493868530230883
2023-01-23,3978.139892578125,4039.31005859375,3971.639892578125,4019.81005859375,4019.81005859375,3945210000,0.01188134498366522,-0.1392804247762145
2023-01-24,4001.739990234375,4023.919921875,3989.7900390625,4016.949951171875,4016.949951171875,3320430000,-0.0007115031258156934,-0.13989282944443693
2023-01-25,3982.7099609375,4019.550048828125,3949.06005859375,4016.219970703125,4016.219970703125,3724020000,-0.0001817250594663422,-0.14004913247115358
2023-01-26,4036.080078125,4061.570068359375,4013.2900390625,4060.429931640625,4060.429931640625,3809590000,0.011007853469181317,-0.13058291933070065
2023-01-27,4053.719970703125,4094.2099609375,4048.699951171875,4070.56005859375,4070.56005859375,3907760000,0.002494840970949097,-0.12841386197700388
2023-01-30,4049.27001953125,4063.85009765625,4015.550048828125,4017.77001953125,4017.77001953125,3802000000,-0.012968740984683369,-0.13971723684686466
2023-01-31,4020.85009765625,4077.159912109375,4020.43994140625,4076.60009765625,4076.60009765625,4679320000,0.014642470285510134,-0.12712057205025828
2023-02-01,4070.070068359375,4148.9501953125,4037.199951171875,4119.2099609375,4119.2099609375,4856930000,0.010452303944590291,-0.11799697096234751
2023-02-02,4158.68017578125,4195.43994140625,4141.8798828125,4179.759765625,4179.759765625,5624360000,0.014699373244309921,-0.10503207923591118
2023-02-03,4136.68994140625,4182.35986328125,4123.35986328125,4136.47998046875,4136.47998046875,4694510000,-0.010354610691310495,-0.11429912363663497
2023-02-06,4119.56982421875,4124.6298828125,4093.3798828125,4111.080078125,4111.080078125,4114240000,-0.006140463017754394,-0.11973773711273683
2023-02-07,4105.35009765625,4176.5400390625,4088.389892578125,4164.0,4164.0,4355860000,0.01287251059802652,-0.10840655180467773
2023-02-08,4153.47021484375,4156.85009765625,4111.669921875,4117.85986328125,4117.85986328125,4029820000,-0.011080724476164705,-0.11828605314888374
2023-02-09,4144.25,4156.22998046875,4069.669921875,4081.5,4081.5,4270200000,-0.00882979617773516,-0.12607140758664548
2023-02-10,4068.919921875,4094.360107421875,4060.7900390625,4090.4599609375,4090.4599609375,3891520000,0.0021952617756952897,-0.12415290555303327
2023-02-13,4096.6201171875,4138.89990234375,4092.669921875,4137.2900390625,4137.2900390625,3448620000,0.011448609342766147,-0.1141256743247131
2023-02-14,4126.7001953125,4159.77001953125,4095.010009765625,4136.1298828125,4136.1298828125,3929200000,-0.0002804145319874607,-0.11437408635914703
2023-02-15,4119.5,4148.10986328125,4103.97998046875,4147.60009765625,4147.60009765625,4075980000,0.002773175690496066,-0.11191809010456488
2023-02-16,4114.75,4136.5400390625,4089.489990234375,4090.409912109375,4090.409912109375,4143660000,-0.013788741489130674,-0.1241636219812865
2023-02-17,4077.389892578125,4081.510009765625,4047.949951171875,4079.090087890625,4079.090087890625,4045480000,-0.002767405825327751,-0.1265874166758495
2023-02-21,4052.35009765625,4052.35009765625,3995.18994140625,3997.340087890625,3997.340087890625,4121590000,-0.020041234255327334,-0.14409168285979945
2023-02-22,4001.830078125,4017.3701171875,3976.89990234375,3991.050048828125,3991.050048828125,4079320000,-0.0015735561458868341,-0.1454385026525511
2023-02-23,4018.60009765625,4028.300048828125,3969.18994140625,4012.320068359375,4012.320068359375,3952940000,0.005329429416074394,-0.140884177470743
2023-02-24,3973.239990234375,3978.25,3943.080078125,3970.0400390625,3970.0400390625,3877700000,-0.010537551485558128,-0.14993715468270263
2023-02-27,3992.360107421875,4018.050048828125,3973.550048828125,3982.239990234375,3982.239990234375,3836950000,0.0030730045671669703,-0.14732490767666362
2023-02-28,3977.18994140625,3997.5,3968.97998046875,3970.14990234375,3970.14990234375,5043400000,-0.0030360018281855305,-0.14991363081580555
2023-03-01,3963.340087890625,3971.72998046875,3939.050048828125,3951.389892578125,3951.389892578125,4249480000,-0.004725264845680033,-0.1539305140519034
2023-03-02,3938.679931640625,3990.840087890625,3928.159912109375,3981.35009765625,3981.35009765625,4244900000,0.0075821940867943916,-0.14751545099853058
2023-03-03,3998.02001953125,4048.2900390625,3995.169921875,4045.639892578125,4045.639892578125,4084730000,0.0161477371607488,-0.13374975456765537
2023-03-06,4055.14990234375,4078.489990234375,4044.610107421875,4048.419921875,4048.419921875,4000870000,0.0006871667698291617,-0.13315449618463793
2023-03-07,4048.260009765625,4050.0,3980.31005859375,3986.3701171875,3986.3701171875,3922500000,-0.015326919115337678,-0.14644056710711018
2023-03-08,3987.550048828125,4000.409912109375,3969.760009765625,3992.010009765625,3992.010009765625,3535570000,0.0014147940136839399,-0.14523295633112987
2023-03-09,3998.659912109375,4017.81005859375,3908.699951171875,3918.320068359375,3918.320068359375,4445260000,-0.01845935787384867,-0.1610114070889852
2023-03-10,3912.77001953125,3934.050048828125,3846.320068359375,3861.590087890625,3861.590087890625,5518190000,-0.01447813845705137,-0.17315840010103756
2023-03-13,3835.1201171875,3905.050048828125,3808.860107421875,3855.760009765625,3855.760009765625,6558020000,-0.001509761003189447,-0.17440673330437984
2023-03-14,3894.010009765625,3937.2900390625,3873.6298828125,3919.2900390625,3919.2900390625,5665870000,0.016476655480623936,-0.16080371748191324
2023-03-15,3876.739990234375,3894.260009765625,3838.239990234375,3891.929931640625,3891.929931640625,6594010000,-0.00698088356543769,-0.16666204901872017
2023-03-16,3878.929931640625,3964.4599609375,3864.110107421875,3960.280029296875,3960.280029296875,5695790000,0.017562006217166637,-0.15202696274258598
2023-03-17,3958.68994140625,3958.909912109375,3901.27001953125,3916.639892578125,3916.639892578125,9354280000,-0.011019457310067593,-0.16137116542673247
2023-03-20,3917.469970703125,3956.6201171875,3916.889892578125,3951.570068359375,3951.570068359375,5347140000,0.008918403718310097,-0.15389193491019215
2023-03-21,3975.889892578125,4009.080078125,3971.18994140625,4002.8701171875,4002.8701171875,4920240000,0.012982193897784988,-0.14290759595071656
2023-03-22,4002.0400390625,4039.489990234375,3936.169921875,3936.969970703125,3936.969970703125,4533010000,-0.01646322377571363,-0.15701809999504424
2023-03-23,3959.2099609375,4007.659912109375,3919.050048828125,3948.719970703125,3948.719970703125,4991600000,0.0029845287333754023,-0.15450219629276407
2023-03-24,3939.2099609375,3972.739990234375,3909.159912109375,3970.989990234375,3970.989990234375,4583970000,0.005639807253104534,-0.14973375164693203
2023-03-27,3982.929931640625,4003.830078125,3970.489990234375,3977.530029296875,3977.530029296875,4233540000,0.0016469543057482383,-0.14833340198817457
2023-03-28,3974.1298828125,3979.199951171875,3951.530029296875,3971.27001953125,3971.27001953125,4014600000,-0.0015738434957162095,-0.14967379192397423
2023-03-29,3999.530029296875,4030.590087890625,3999.530029296875,4027.81005859375,4027.81005859375,4145250000,0.014237268879836451,-0.13756746906402406
2023-03-30,4046.739990234375,4057.85009765625,4032.10009765625,4050.830078125,4050.830078125,3930860000,0.005715269388667954,-0.13263843482017423
2023-03-31,4056.179931640625,4110.75,4056.179931640625,4109.31005859375,4109.31005859375,4525120000,0.014436542471763847,-0.12011673274608015
2023-04-03,4102.2001953125,4127.66015625,4098.7900390625,4124.509765625,4124.509765625,4234700000,0.0036988464765423945,-0.11686217962322942
2023-04-04,4128.02978515625,4133.1298828125,4086.8701171875,4100.60009765625,4100.60009765625,4227800000,-0.005796972083329965,-0.12198170491368643
2023-04-05,4094.5,4099.68994140625,4072.56005859375,4090.3798828125,4090.3798828125,3968020000,-0.002492370531228194,-0.12417005183823882
2023-04-06,4081.14990234375,4107.31982421875,4069.840087890625,4105.02001953125,4105.02001953125,3486690000,0.0035791630944272956,-0.12103531361078412
2023-04-10,4085.199951171875,4109.5,4072.550048828125,4109.10986328125,4109.10986328125,3423650000,0.0009963029974375814,-0.12015959845909274
2023-04-11,4110.2900390625,4124.259765625,4102.60986328125,4108.93994140625,4108.93994140625,3665830000,-4.1352477946232646e-05,-0.12019598203989368
