,SMA_200,EMA_50,BBL_20_2.0,BBM_20_2.0,BBU_20_2.0,BBB_20_2.0,BBP_20_2.0
2021-10-18,104.89036803722382,111.26484478492807,107.7114998626712,110.83155019760132,113.95160053253143,5.630256599979667,1.0186538315586333
2021-10-19,104.98267801189422,111.39763507421974,107.52584128153026,111.0485749053955,114.57130852926073,6.344491366712851,1.0113106242357697
2021-10-20,105.08595798397064,111.57439431552639,107.24947029426403,111.33237461090089,115.41527892753774,7.3346218131182965,1.0599716233865486
2021-10-21,105.18485301685332,111.74826136189017,106.9834631021601,111.54737485885622,116.11128661555233,8.182911991377566,0.9886848581594421
2021-10-22,105.28815303325653,111.91452579095247,106.77124864550125,111.69532489776611,116.61940115003098,8.816978251814636,0.9358867719846904
2021-10-25,105.37907804775239,112.06179936713639,106.63351389406697,111.83137479782106,117.02923570157515,9.295890197453543,0.8692506645425161
2021-10-26,105.47067304325103,112.22553254158406,106.49888092520467,112.04097448348998,117.58306804177528,9.892976357684159,0.8785591841722734
2021-10-27,105.56983308124542,112.3871980649514,106.72987830984329,112.40287475585937,118.07587120187546,10.094041559591629,0.84771118483269
2021-10-28,105.66790810680388,112.52671983213182,107.11295046692358,112.75292510986328,118.39289975280299,10.004130070141015,0.7829869122004319
2021-10-29,105.76848558139801,112.70659346786528,107.60235068417481,113.1856997871399,118.76904889010498,9.865820706087934,0.8517420891798768
2021-11-01,105.8731705598831,112.89802111935812,107.83352330635321,113.5546994972229,119.27587568809258,10.076511524755702,0.8524886272639519
2021-11-02,105.98326554584503,113.07574562875618,108.58622799260891,114.01029935836792,119.43437072412692,9.515055036755149,0.8152333846701106
2021-11-03,106.09413806056975,113.28587341631184,109.06620488129276,114.44499961853028,119.82379435576779,9.399789864417299,0.8708084048345962
2021-11-04,106.20097807407377,113.50627061742424,109.46355080759228,114.86339992523192,120.26324904287155,9.402210140313727,0.8743254701543304
2021-11-05,106.31164059257506,113.7735149482255,109.68368022218526,115.31575002670289,120.94781983122051,9.768084243849513,0.9443527157758875
2021-11-08,106.42571059036254,114.0526320533598,110.03681195443787,115.80829988479613,121.57978781515439,9.96731311330816,0.9403284998326894
2021-11-09,106.54128057098389,114.356097372676,110.52546822713572,116.36187492370604,122.19828162027636,10.03147585993613,0.9651083324442749
2021-11-10,106.65623205566406,114.63966202780601,111.45124368800877,116.94042484283446,122.42960599766015,9.387995917071509,0.9232481224974521
2021-11-11,106.7700965499878,114.84277328552858,112.52777476347757,117.38782497406005,122.24787518464254,8.280330965594503,0.7501182107519841
2021-11-12,106.88301407814026,115.05172340901085,113.17081602332918,117.74357511520387,122.31633420707855,7.76731823779015,0.7654225020770908
2021-11-15,107.0106340904236,115.29781261408603,113.60659017925012,118.10652490615846,122.60645963306679,7.620128914103195,0.8578355495927255
2021-11-16,107.12782907676696,115.5280944454299,114.03778738588983,118.43247501373291,122.827162641576,7.421423266436836,0.8114583482882448
2021-11-17,107.24145906829834,115.77416903363667,114.25972825775345,118.72737504959107,123.1950218414287,7.525891631936675,0.8442104466192623
2021-11-18,107.35490405082703,116.00306436804445,114.55443659114876,119.00752485275271,123.46061311435666,7.483708727013239,0.7923224350537243
2021-11-19,107.46614408874511,116.2556110291676,114.86369588275764,119.33027484893799,123.79685381511834,7.486078401871881,0.8484466972727092
2021-11-22,107.58217405891419,116.52958701518006,115.26390297512101,119.70887468338012,124.15384639163922,7.426302719853777,0.8974293000043656
2021-11-23,107.6831390247345,116.73972072727433,115.75145298434434,119.99142475128174,124.23139651821914,7.067124631157628,0.7236538385811195
2021-11-24,107.78289900398254,116.93835902241723,116.30416359245592,120.26427444458008,124.22438529670424,6.585681193210956,0.6945302627086131
2021-11-26,107.8882940044403,117.15752155012652,117.05190326072002,120.59337446212768,124.13484566353534,5.873409243589677,0.7729979868405585
2021-11-29,107.97307900810242,117.25322673517728,117.51501730796763,120.71759977340699,123.92018223884635,5.305908121849294,0.3252041880937928
2021-11-30,108.06909401893616,117.45341391425409,118.0221081750778,120.95609983444214,123.89009149380648,4.851333109087048,0.7389066040319452
2021-12-01,108.16080552291871,117.60626045075756,118.70284972577983,121.15215005874634,123.60145039171286,4.043346043431927,0.5405933346903137
2021-12-02,108.24651054191588,117.69276012649283,119.01614196966109,121.22104995727538,123.42595794488967,3.6378302091780523,0.1804746993562448
2021-12-03,108.33977554893492,117.81476958176613,119.36954508119791,121.3159499168396,123.26235475248129,3.2088193464683257,0.3684886433944504
2021-12-06,108.42156555175781,117.85313166486571,119.0395018458638,121.23954999923706,123.43959815261032,3.629258197324395,-0.05602130677916316
2021-12-07,108.51693553543092,117.9152440845694,118.83348065524726,121.16684986114501,123.50021906704276,3.8514976803832925,0.12932323580358948
2021-12-08,108.6357355670929,118.11896008659532,118.76207748181506,121.2328000831604,123.70352268450574,4.0759969243480905,0.8798892785551686
2021-12-09,108.74967053985596,118.33613809129916,118.65080617689274,121.336300239563,124.02179430223326,4.426530325002648,0.9320804501560559
2021-12-10,108.87251704788207,118.48754450528546,118.83927792306682,121.45520036697387,124.07112281088092,4.307633491201872,0.6417857938990391
2021-12-13,109.00498705863953,118.71536641385576,118.84048173939232,121.66150045394897,124.48251916850563,4.637487954744506,0.9671189712921364
2021-12-14,109.11491207313537,118.86637160705091,118.88020578152043,121.72345048904417,124.5666951965679,4.6716465826437386,0.6481666964961439
2021-12-15,109.22387708091736,118.94867067594183,118.86058606353697,121.71320041656494,124.56581476959292,4.687436273575694,0.36885669421083717
2021-12-16,109.35612709617614,119.13719345975619,118.82216182205723,121.81085067749022,124.79953953292322,4.907097912559419,0.8254187839228857
2021-12-17,109.48421208763122,119.19859752830072,118.73865417709784,121.76545053482054,124.79224689254325,4.971519169728933,0.32449210293448505
2021-12-20,109.59921211242674,119.22328009306099,118.51187503188646,121.6347004699707,124.75752590805493,5.134760764844734,0.2107271001686931
2021-12-21,109.71579712677001,119.19060261289212,118.05960179519224,121.39210075378416,124.72459971237609,5.490470859139561,0.04957279171997905
2021-12-22,109.83109210968017,119.2667749319896,118.02807754505581,121.35435075759888,124.68062397014195,5.481918351962819,0.46672642420257965
2021-12-23,109.95449710845945,119.39741110265415,118.0285112141027,121.39400075912474,124.75949030414677,5.544737835438805,0.6788739065601411
2021-12-27,110.07070461463927,119.5411793479631,118.01137569814057,121.42082565307616,124.83027560801176,5.615922864298557,0.7409003984026895
2021-12-28,110.20264458274842,119.7689760866823,118.0048276826846,121.70842527389524,125.41202286510588,6.086016778010204,0.9916261583128835
2021-12-29,110.32535757827758,119.95421616020165,117.92452488308179,121.81515518188476,125.70578548068774,6.387760690357113,0.8440885632804541
2021-12-30,110.44572260093688,120.13052152849798,117.92209805137888,121.97010530471803,126.01811255805718,6.637703957418107,0.8063109317546473
2021-12-31,110.56200261497497,120.27301090784724,118.17492297749251,122.16770523071288,126.16048748393325,6.536559307028035,0.6998976365295091
2022-01-03,110.68733258438111,120.3848927217303,118.32146727779552,122.28380502700807,126.24614277622062,6.480560117241059,0.6062746525109506
2022-01-04,110.81743507766723,120.53121077328986,118.85522543986104,122.54995504379274,126.24468464772443,6.029752687565482,0.7119299868439359
2022-01-05,110.93726510238646,120.6313594541895,119.32103543552057,122.73235523223877,126.14367502895698,5.558957603743814,0.5516877521027154
2022-01-06,111.04383511543274,120.59177689983844,118.89438132236184,122.55795534133912,126.22152936031641,5.978516871913826,0.0993050764235119
2022-01-07,111.15291009807586,120.53107979852498,118.39831409475015,122.32730542182921,126.25629674890827,6.423735589581515,0.08216952747451009
2022-01-10,111.2575375585556,120.43270393465245,117.76363003574454,122.11858010292053,126.47353017009652,7.132330008268481,0.02972080391713053
2022-01-11,111.35094758415222,120.33612746983181,117.21329649243901,121.80223014831543,126.39116380419185,7.535056870943317,0.08244917512786974
2022-01-12,111.45207258701325,120.29784788790893,116.94813009419329,121.64193011283876,126.33573013148424,7.717404704597113,0.2569206215672011
2022-01-13,111.55987761592866,120.28648143092676,116.85436560280317,121.59408038139343,126.33379515998368,7.79596303327203,0.3326822160592245
2022-01-14,111.64752260875701,120.16575655643346,116.27179306114073,121.26668015480043,126.26156724846012,8.237855752765032,0.09371623949171276
2022-01-18,111.73094010353087,120.08376597608343,115.9532289840053,121.1352801322937,126.3173312805821,8.555808254422653,0.20472277412804368
2022-01-19,111.79200010108947,119.90291238326176,115.19588388984677,120.91747995376588,126.63907601768499,9.463637624778192,0.024129234762418256
2022-01-20,111.8488801059723,119.67534729647849,114.33347493696083,120.70297986984254,127.07248480272425,10.554014390945657,-0.018327347975466632
2022-01-21,111.8995601348877,119.41313777569901,113.10054244128156,120.29578025817871,127.49101807507586,11.962577243282738,-0.007750815714393351
2022-01-24,111.93224514579771,119.07466181321757,111.49415653632428,119.70498043060302,127.91580432488175,13.71843320928292,-0.04336689064776109
2022-01-25,111.96303864860535,118.76740852594125,110.27660437525404,119.11379051208496,127.95097664891588,14.838225026403347,0.05449124854363604
2022-01-26,111.98397863960264,118.38527470686616,108.91570700866923,118.29744050979613,127.67917401092303,15.861262020035012,0.005717980096334998
2022-01-27,112.00187362384796,118.03945983326327,107.88900086968401,117.55116038322448,127.21331989676496,16.439071264020193,0.086833308742064
2022-01-28,112.0221986284256,117.67967722036454,106.94849634395219,116.77191039085388,126.59532443775556,16.82496075301189,0.09754790194341745
2022-01-31,112.0551561193466,117.49665064774359,106.83261824517241,116.23433533668519,125.63605242819797,16.177177017926244,0.32865705876943707
2022-02-01,112.10106111335753,117.41638987542716,106.99462729316323,115.85053552627562,124.70644375938801,15.288506337726531,0.47738602512254497
2022-02-02,112.1536261100769,117.34947261942656,107.42643244820479,115.43023536682128,123.43403828543777,13.867775445803279,0.5174769720991073
2022-02-03,112.21390111160277,117.3142777511747,107.87981783800629,115.09858543395997,122.31735302991365,12.543625221346593,0.5937430127133154
2022-02-04,112.25543612003327,117.16203172073314,107.84713470872285,114.78908541679382,121.7310361248648,12.09514072329277,0.4022550361599735
2022-02-07,112.30735611820221,117.04316787170661,107.8789732696897,114.54343555450438,121.20789783931907,11.636567826959356,0.469057369798049
2022-02-08,112.35029360675811,116.91292583461629,107.85196897853717,114.32841058731078,120.8048521960844,11.329540182538716,0.4531830364543114
2022-02-09,112.39498862838744,116.83457580039028,107.90927847520246,114.17566038131713,120.4420422874318,10.976738623952919,0.5589925408004954
2022-02-10,112.45178111457824,116.848513950442,108.09537435450372,114.06716040611266,120.03894645772161,10.470649098912656,0.7614660164989462
2022-02-11,112.49889112472535,116.75343505337351,108.46657308080367,113.78796034812926,119.10934761545485,9.353163992121909,0.5597627737950481
2022-02-14,112.5332711086273,116.54510425140872,108.32787048678479,113.49961047172545,118.6713504566661,9.113229487653651,0.3009750224829227
2022-02-15,112.57093110656739,116.34180595810707,108.36557564763561,113.16391052246095,117.9622453972863,8.480327080731206,0.31213141670215633
2022-02-16,112.62234112739561,116.24797052667797,108.39109788033437,113.08776067733763,117.78442347434088,8.306226542771132,0.5916865673087003
2022-02-17,112.6821061372757,116.15506973278032,108.38859385074812,113.07671055793762,117.76482726512711,8.291922685153496,0.5855663131337615
2022-02-18,112.72650614643096,115.94498855003418,108.1747288282458,112.96716031074524,117.75959179324468,8.484645394850366,0.273688914915898
2022-02-22,112.76200863170625,115.70412630900573,108.01869904636669,112.91821034431459,117.81772164226248,8.677982555706677,0.18208982987642428
2022-02-23,112.78825863361358,115.43474878574835,107.62898785980545,112.79797516822816,117.96696247665088,9.165035632445758,0.11665840271766514
2022-02-24,112.81517861938475,115.08703314080853,107.05645458807378,112.67522535324099,118.2939961184082,9.973391661835436,-0.04346633531654016
2022-02-25,112.85866061592101,114.87652201690236,107.08050554625802,112.6828255558014,118.28514556534478,9.943520641961653,0.23548225828304742
2022-02-28,112.92136814308165,114.72201150575106,107.39772240422904,112.78640059471131,118.17507878519358,9.555545991481793,0.32835339699495053
2022-03-01,112.98263715553283,114.5807955292359,107.25615106532405,112.6918258190155,118.12750057270696,9.646972554018639,0.3555081212930854
2022-03-02,113.02682718467712,114.390372294825,106.97808060195734,112.4055759239197,117.83307124588205,9.656985923253282,0.25305617848117085
2022-03-03,113.08567068004608,114.28418893910394,106.98729777826996,112.20421076774596,117.42112375722196,9.298961159799264,0.45001698850833577
2022-03-04,113.141630692482,114.13025993177905,107.00904456538694,111.89956055641173,116.79007654743651,8.740902943152019,0.3424950141335141
2022-03-07,113.19002070999146,113.92413210537916,106.6646134390505,111.6716603755951,116.6787073121397,8.967444237336414,0.2206277420135148
2022-03-08,113.21535071849823,113.60781330370385,105.78661718082257,111.25801033020021,116.72940347957784,9.835504217879153,0.006523519685678489
2022-03-09,113.24270573043823,113.29072274029458,104.96329721394659,110.84801073074343,116.73272424754026,10.617625842814922,0.047471021420691095
2022-03-10,113.27599322986602,113.10214538421313,104.86707286734494,110.52636074066163,116.18564861397832,10.240611986846474,0.31938005044031903
2022-03-11,113.30214324665069,112.86088477343085,105.04885770319311,110.01436079978944,114.97986389638578,9.027008947737011,0.1914349935029937
2022-03-14,113.31971824264525,112.56422256950428,104.6196797793483,109.55796062469483,114.49624147004135,9.014919257694574,0.06847714975467961
2022-03-15,113.32874322795868,112.19793930066773,103.57700530779694,109.14711060523989,114.71721590268284,10.206601469440168,-0.03168756017831702
2022-03-16,113.35126324272154,111.95492205164874,103.24545104322458,108.87911068916321,114.51277033510185,10.348467415429313,0.2445611361564521
2022-03-17,113.3909132347107,111.8383760661004,103.49730226213875,108.63081053733826,113.76431881253778,9.451293329777823,0.5343029429337067
2022-03-18,113.43114326095582,111.76122421699368,103.84879706594629,108.43041071891784,113.0120243718894,8.450790922204266,0.6572146086594614
2022-03-21,113.48532327079775,111.76733325852338,103.76525579424667,108.4863609790802,113.20746616391374,8.703592123887205,0.8633305828412443
2022-03-22,113.52987327194214,111.75806540518333,103.69769850796231,108.57276105880737,113.44782360965243,8.980268169112009,0.8034055367178697
2022-03-23,113.58213477611542,111.8035923962494,103.54593315302277,108.77696126937865,114.00798938573452,9.61789712695061,0.8959109295397002
2022-03-24,113.62906978321077,111.79909863423349,103.7584021633858,109.03301135063171,114.30762053787763,9.675251782753508,0.7517712706217415
2022-03-25,113.68762975597383,111.89909470548837,103.5056085389498,109.2645112991333,115.0234140593168,10.541213595725262,0.9414458243029602
2022-03-28,113.74211974430084,111.98924787493699,103.31470311675808,109.42758612632751,115.54046913589694,11.172471633455347,0.8901934972935722
2022-03-29,113.79971975898744,112.12127752501893,103.03299967971907,109.63933611869811,116.24567255767715,12.051033274821854,0.9326655087983765
2022-03-30,113.86193474578857,112.32510977355429,102.6122166318432,110.01903595924375,117.4258552866443,13.464614123949225,0.9927866862110346
2022-03-31,113.92051777076722,112.47051740515109,102.40381678853447,110.23655134201051,118.06928589548656,14.210775751093427,0.8700146479935028
2022-04-01,113.97430276489258,112.54688909329735,102.39705921218138,110.43950115203859,118.4819430918958,14.564430038099205,0.747343675627014
2022-04-04,114.02353279972078,112.61450143172273,102.53405195287851,110.70935132026673,118.88465068765495,14.768940960982091,0.7178300905460072
2022-04-05,114.08675781154632,112.75463864962698,103.03656346612418,111.22585121154785,119.41513895697152,14.725511481765004,0.8029658641257494
2022-04-06,114.13614781665801,112.80437850310554,103.815098645405,111.65090126037596,119.48670387534692,14.036255017229896,0.651363157643993
2022-04-07,114.16908283996582,112.75471663513085,104.10301472382923,111.80370129585268,119.50438786787612,13.775369657299704,0.48274826383227926
2022-04-08,114.20325784778593,112.71268871100835,104.666899814672,112.04035153388978,119.41380325310755,13.16213599524,0.4757680000161201
2022-04-11,114.22722287464141,112.62117158504337,105.54437740250121,112.29450170516968,119.04462600783815,12.022181318175285,0.358113745734202
2022-04-12,114.23982290649414,112.43108658850359,106.7783681600002,112.52200195312498,118.26563574624977,10.208907935209862,0.0866730060741677
2022-04-13,114.24556791782379,112.2382597433485,107.16831001495687,112.5976520824432,118.02699414992954,9.643792684968256,0.03183553530009186
2022-04-14,114.2559178724289,112.12154349875783,107.21816559041221,112.61160188674926,118.0050381830863,9.578828834636576,0.18947381628132703
2022-04-18,114.25572785949706,111.92062019258239,106.65357764166443,112.46795165061951,118.2823256595746,10.339610393220951,0.029618111002944883
2022-04-19,114.25764783763886,111.74522321577271,106.03269761577721,112.24450127601622,118.45630493625524,11.068343820181981,0.1139201869190976
2022-04-20,114.26141785240173,111.63909693243743,105.75769788640419,112.11990127563475,118.4821046648653,11.348927918853164,0.2578748983310394
2022-04-21,114.26362289142608,111.53583836922641,105.43302063801613,111.92425127029419,118.41548190257225,11.599328221730795,0.2752161442834603
2022-04-22,114.2551028833389,111.37239365369476,104.91922588771713,111.70820110321044,118.49717631870375,12.154837600904123,0.18034918067334912
2022-04-25,114.23803286552429,111.1089272694123,103.89488787195766,111.2234512233734,118.55201457478914,13.178090179376944,0.05179139117272459
2022-04-26,114.22331286239623,110.9079888419004,103.27940889226704,110.81280106544493,118.34619323862282,13.596609959762215,0.17957305377150654
2022-04-27,114.19180286026,110.58489140690716,102.16106092876349,110.17845108032228,118.19584123188106,14.553463173509218,0.03167759777229489
2022-04-28,114.16487785243987,110.3239544644555,101.7569673068416,109.5090510559082,117.2611348049748,14.157886812677958,0.1402224316661841
2022-04-29,114.15187287998198,110.21199563249932,101.89187711209051,109.0808510494232,116.26982498675589,13.18100082309672,0.3878945163870993
2022-05-02,114.12366286849974,109.95058401303828,101.40077887296201,108.5372512435913,115.67372361422059,13.150272904208403,0.15029978061075996
2022-05-03,114.10606288242339,109.75056128260157,101.2701980403984,108.06620127677915,114.86220451315991,12.577481499465003,0.2633758565137105
2022-05-04,114.09562791919709,109.55932375638244,101.69094945294154,107.5005014705658,113.31005348819005,10.808418450429166,0.2739501171016125
2022-05-05,114.09600792884827,109.50919330618338,102.2099610084471,107.21340108871459,112.21684116898209,9.333609473180239,0.6066862169292204
2022-05-06,114.06756793689726,109.27785256574674,101.99389622817986,106.8170012664795,111.64010630477912,9.030594345683397,0.16753815063487942
2022-05-09,114.031217959404,109.02483891257197,101.79945003935899,106.37415125846863,110.94885247757827,8.601151999782356,0.11219906189095909
2022-05-10,113.97063995742798,108.62858650528896,100.55538442448912,105.80122128486634,111.04705814524357,9.916401335770933,-0.15583613645927089
2022-05-11,113.91337495803833,108.29895571998755,99.73213702292176,105.42367115020753,111.11520527749329,10.79745007015829,0.04312233276679404
2022-05-12,113.84762497520447,107.87813395816283,98.3786427779823,104.92637108802796,111.47409939807363,12.480615201210865,-0.06190253673793787
2022-05-13,113.77676001262664,107.43812883923873,97.14090819048317,104.29617148399352,111.45143477750386,13.72104688350612,-0.033744723644412784
2022-05-16,113.7181050157547,107.12561400733173,96.58274154260731,103.91972155570984,111.25670156881237,14.120476658839555,0.1966925818149068
2022-05-17,113.65600254535676,106.79688413721426,96.0049367399171,103.48447180747985,110.9640068750426,14.45537661240134,0.18303715101846765
2022-05-18,113.60755752182007,106.57108470453217,95.9901817272793,103.08447158813476,110.17876144899022,13.764032063335563,0.3558366641035929
2022-05-19,113.53710251712799,106.19763041555811,95.47416106698387,102.48657142639158,109.49898178579929,13.684544739491454,0.11221813813263654
2022-05-20,113.46184253311158,105.81246854409216,94.81883958651426,101.93697165489196,109.05510372326967,13.96575148902043,0.10938003760703588
2022-05-23,113.3842775068283,105.44684227192467,94.14896788359198,101.5287215423584,108.90847520112482,14.537272895113803,0.15854395881149091
2022-05-24,113.31501752471924,105.16441724485806,93.92739097844316,101.14172187805175,108.35605277766035,14.265786197128492,0.29923863788374117
2022-05-25,113.24051252651213,104.84847934330716,93.47956812462614,100.86367170333861,108.24777528205108,14.641750501470302,0.24569215423414942
2022-05-26,113.17446751308442,104.58414670754405,93.23610824603249,100.57252159118653,107.90893493634057,14.589299798956127,0.3320347870348135
2022-05-27,113.11759750652313,104.40810180145107,93.58471939909472,100.20382145881652,106.82292351853832,13.21127670254019,0.49177986261113404
2022-05-31,113.07331754779814,104.35025484371857,93.61082367549847,100.173171710968,106.73551974643755,13.102007101071006,0.7102778345027982
2022-06-01,113.02299752521515,104.27361733543817,93.75620185896084,100.05047141075134,106.34474096254185,12.582188695443026,0.686322412197123
2022-06-02,112.96899251556395,104.18606367644323,93.93582223152762,99.908821144104,105.88182005668037,11.956899989764041,0.678484704096756
2022-06-03,112.93058752822876,104.18743367987831,94.68464718666382,99.7058212184906,104.72699525031737,10.07197768488083,0.949613727479667
2022-06-06,112.88878253078461,104.10573052906135,94.80442186379857,99.63052116394041,104.45662046408226,9.687993686594453,0.756261010836671
2022-06-07,112.84209254550933,104.02966266457821,94.85090253252864,99.59752094268798,104.34413935284732,9.531599512182073,0.7705588294769853
2022-06-08,112.79403252220152,103.99842094627952,94.82355723707144,99.81315075874328,104.80274428041511,9.997867983813276,0.8426980649189487
2022-06-09,112.73442254352568,103.928286957575,94.81623289859813,99.91250089645385,105.00876889430957,10.201462183670749,0.7254103727302796
2022-06-10,112.66378752803803,103.76964830541577,95.04636442007737,100.02825092315673,105.0101374262361,9.960958943301986,0.4854222295557799
2022-06-13,112.57678752803803,103.48632866230167,95.02520502047132,100.02260062217712,105.01999622388293,9.992532828821043,0.15205844270321323
2022-06-14,112.47275950860976,103.05197850034153,93.66937467470379,99.6696705675125,105.6699664603212,12.040364653847899,-0.10490942154157214
2022-06-15,112.36478450584411,102.64684206627363,92.65098388360114,99.36857042312622,106.08615696265129,13.520545804212713,0.00521136181848902
2022-06-16,112.26039450025559,102.32484815368956,92.03856592179208,99.03842035770415,106.03827479361622,14.135634253111458,0.17124865920695176
2022-06-17,112.14302199077606,101.88620698784018,90.97542824640112,98.742995262146,106.51056227789087,15.732897295900926,0.010561233510850514
2022-06-21,112.0281470170021,101.48619892916201,90.20459023616328,98.50849520206451,106.81240016796573,16.85926670358313,0.08919967542177655
2022-06-22,111.92162202596664,101.16905385725927,89.79449336706205,98.35399525165558,106.9134971362491,17.405499111027623,0.21055584058389426
2022-06-23,111.81018701934813,100.84685563581216,89.21151264857295,98.08939500808715,106.96727736760135,18.10161508037082,0.21071953931531062
2022-06-24,111.70612705850603,100.5814104952287,88.89629079580233,97.93789519786834,106.97949959993436,18.46395490488917,0.28654835606098217
2022-06-27,111.61810206937791,100.43723747928098,88.82546786357516,97.87774527072905,106.93002267788295,18.49711061920229,0.4462706102334918
2022-06-28,111.52879707193374,100.2744831464179,88.66949824368425,97.68734529018403,106.70519233668381,18.462671945300425,0.4223571162999719
2022-06-29,111.43260706186294,100.0241897273938,88.41023377189576,97.23529511928558,106.0603564666754,18.151971126458715,0.3105795514401324
2022-06-30,111.33780707025528,99.79210375639958,88.22856627311423,96.82079507350922,105.41302387390421,17.748725971257553,0.34202017488504216
2022-07-01,111.23682209205626,99.52053113890727,87.95607573697706,96.36209522247314,104.76811470796923,17.44673456111335,0.29210771411140624
2022-07-05,111.131749584198,99.26835354292685,88.11067581305709,95.80554540634155,103.50041499962602,16.06351607445706,0.32354847395300707
2022-07-06,111.03070456123352,99.05539838653966,88.22510589260443,95.39224509239196,102.55938429217949,15.026670549258611,0.3915712396527522
2022-07-07,110.93997955989839,98.87193167274413,88.53823052333651,95.00279495239258,101.46735938144865,13.60920893389624,0.451597839691533
2022-07-08,110.86979703617097,98.77005193108742,89.35557547306362,94.65484492301941,99.9541143729752,11.197037941936431,0.6527713728061275
2022-07-11,110.80058701610565,98.67659882023577,90.24943077163834,94.3636945915222,98.47795841140606,8.720014276027493,0.7458888274336566
2022-07-12,110.71821200180052,98.54155557935097,90.84949828152729,94.13119433403014,97.412890386533,6.9726004768569245,0.6678707939455407
2022-07-13,110.62260198450088,98.35980830427249,90.90984431503523,93.99929446697234,97.08874461890946,6.573347532991593,0.4850629727648081
2022-07-14,110.52654197359085,98.17852177471424,91.05963962176776,94.0656245803833,97.07160953899884,6.391250729530411,0.44533858546026256
2022-07-15,110.43872195434571,98.03352083269186,91.20780147956097,94.15362449645995,97.09944751335894,6.257481924149915,0.5555656695608242
2022-07-18,110.37321197843552,97.95408875133242,91.1785453327447,94.23222476959228,97.28590420643985,6.481178692987759,0.7907603802491865
2022-07-19,110.30512201547623,97.85102658289254,91.7073281989412,94.44155002117157,97.17577184340193,5.790294254207855,0.6617376885359433
2022-07-20,110.25207201576234,97.85090805238787,91.93923336631077,94.7496501493454,97.56006693238002,5.932300074152922,1.0512267654358838
2022-07-21,110.19662201595307,97.90059810591852,91.71550630268862,95.03560039043427,98.35569447817991,6.987053428621946,1.1148024602756272
2022-07-22,110.15584202051163,97.98928052520881,91.53705100304893,95.39605041980744,99.25504983656595,8.090480475399742,1.1175110259561682
2022-07-25,110.10231202745437,98.03024993193507,91.5273292811736,95.64385021209718,99.76037114302075,8.608020111684937,0.9117737091003608
2022-07-26,110.04215706777573,98.04894616891467,91.45294226196967,95.72395048141479,99.99495870085991,8.923593725426858,0.8258075553248779
2022-07-27,109.97166207265855,98.01467377013371,91.45658399828407,95.76835038185119,100.08011676541831,9.004574823258581,0.6631175593730883
2022-07-28,109.92078206396103,98.12641214102193,91.36361083525317,96.11695044517516,100.87029005509716,9.89074161821912,0.999338588463064
2022-07-29,109.87879956102371,98.2909840700117,91.16000181968845,96.52780038833617,101.8955989569839,11.121767091040729,1.0398112343273902
2022-08-01,109.84723957729341,98.50325924177044,91.13179399144438,97.06965033531188,103.00750667917937,12.234218055501595,1.0586486292649693
2022-08-02,109.80973460531236,98.69411190205435,91.34083677024981,97.58365031719208,103.82646386413435,12.794794059558617,0.9634410204876356
2022-08-03,109.75766961050034,98.8489702450737,91.6590862520076,98.02390044689177,104.38871464177595,12.986249610282664,0.862862061697633
2022-08-04,109.71216460752487,99.08889304817839,91.74379509330825,98.55340067386626,105.36300625442428,13.819118435278387,0.9709230934525972
2022-08-05,109.66587462282182,99.33611293731855,91.670682260759,99.00935077190398,106.34801928304897,14.824192773572841,0.9349324022234974
2022-08-08,109.61189465761184,99.56250077058242,91.7538240682525,99.44545102596283,107.13707798367315,15.469037303078302,0.868163438679689
2022-08-09,109.5542546491623,99.75534396812397,92.17304599147222,99.90780133247375,107.64255667347528,15.483786526863437,0.7955620943290274
2022-08-10,109.49229962158202,99.90599709827308,93.01615106446044,100.39230126857757,107.7684514726947,14.694653097718824,0.7172337486131951
2022-08-11,109.44451961183547,100.14944819380482,93.90026824407366,101.01115118026732,108.12203411646098,14.079401834562566,0.858805573080945
2022-08-12,109.39262962770462,100.37335212696463,94.83899706547575,101.58005121707916,108.32110536868257,13.272397623028565,0.817379683953655
2022-08-15,109.34922461128235,100.65937753778942,95.43372672330659,102.1630010843277,108.89227544534882,13.17360353474075,0.9089593263242983
2022-08-16,109.31054458761217,100.95544110077857,96.35848219185952,102.80715083122254,109.25581947058556,12.54517528639566,0.9188343257255248
2022-08-17,109.26430208015441,101.22640404003386,96.92210517360992,103.30800043106078,109.69389568851163,12.362828107804242,0.8568016258496093
2022-08-18,109.21187711000442,101.45685896202994,97.42145264406584,103.7072504377365,109.99304823140717,12.122195443691796,0.7701132159084575
2022-08-19,109.16261214685439,101.69686462936227,97.79766078965994,104.07800062179565,110.35834045393136,12.068525134254939,0.778567955774009
2022-08-22,109.09924212598803,101.85620327284401,98.54337951356294,104.41430060386656,110.28522169417019,11.245434880758506,0.614607181188565
2022-08-23,109.02106210136415,101.91164616880712,99.40616502184663,104.65245026111602,109.8987355003854,10.026110666648497,0.3682445694274739
2022-08-24,108.93509711313249,101.9593464526392,100.8940603087122,104.95010043144228,109.00614055417236,7.729464013957097,0.2753847385894215
2022-08-25,108.84671711397172,102.0085878190846,101.37183334313224,105.06765038490296,108.76346742667369,7.035118855768704,0.24935865777892305
2022-08-26,108.7611121096611,102.11295680005388,101.7023318949877,105.18500041007997,108.66766892517224,6.621986978208966,0.426061930090832
2022-08-29,108.65737064313888,102.062986053936,101.11920195807865,105.04173550128937,108.96426904450009,7.468523867187192,-0.035754848357677074
2022-08-30,108.55669564580917,101.96969246883219,100.3371996047021,104.85743537902832,109.37767115335453,8.62167905973841,-0.07225286506326285
2022-08-31,108.449225625515,101.840567171054,99.46933205348985,104.65913526535034,109.84893847721084,9.917535050719437,-0.07633571502198849
2022-09-01,108.33146561908721,101.68113304092934,98.30986691559586,104.2995350217819,110.28920312796795,11.485512576705473,-0.044649390687331335
2022-09-02,108.21145564031602,101.50414757105418,97.17023239835996,103.88828518867493,110.6063379789899,12.933224911960178,-0.00016588432072215257
2022-09-06,108.08336567783356,101.29555370349173,95.96505817607007,103.44208525180818,110.91911232754629,14.456450790868812,0.01470810322830759
2022-09-07,107.95293067979811,101.06921828194103,94.78285451583093,102.99428515911102,111.2057158023911,15.945410234353547,0.04512891664770675
2022-09-08,107.82462066316604,100.90105289442447,94.01569952708496,102.65348526477814,111.29127100247132,16.829016015215462,0.16007003745858775
2022-09-09,107.69343064880371,100.74822712601639,93.37927004308337,102.19798505306244,111.01670006304151,17.25809957094612,0.2055132608794641
2022-09-12,107.57818565511703,100.67335539308432,93.08040728015227,101.84698502540589,110.6135627706595,17.215193445474654,0.32844006084439814
2022-09-13,107.47094565057755,100.66094915592494,93.11560042721453,101.48148483753205,109.84736924784957,16.487508876542314,0.43279320889102774
2022-09-14,107.3368856329918,100.46699036400055,92.73117085713882,100.85678491592407,108.98239897470931,16.113172882833606,0.18360637627676576
2022-09-15,107.21864560031891,100.28985337852384,92.54104532029311,100.26103497505188,107.98102462981066,15.399780496340885,0.22078733693315353
2022-09-16,107.07680057907105,100.04276091474107,92.09642953712203,99.60533452510833,107.11423951309463,15.077314932552065,0.12602143841005686
2022-09-19,106.93772059822082,99.78755477789039,91.8980823922698,98.90323457241058,105.90838675255137,14.165668515142569,0.11683700729725922
2022-09-20,106.80872059631346,99.56106250426869,91.75277230242848,98.3158346605301,104.87889701863172,13.350977247485906,0.1721170221184758
2022-09-21,106.67199056625367,99.32172653249341,91.35051377115776,97.82523456573486,104.29995536031196,13.23732229893367,0.16274689826056996
2022-09-22,106.53916054725647,99.04350191950807,90.84762128905612,97.28018434047699,103.71274739189786,13.224816739464929,0.1072183514786049
2022-09-23,106.3991605463028,98.74520765507931,90.38455696004038,96.69128418445587,102.99801140887135,13.045079042252196,0.08343798447949058
2022-09-26,106.23448803043365,98.40914064752334,90.18442958795066,95.96655929088593,101.74868899382119,12.05030115836278,-0.0007722609148479499
2022-09-27,106.06348302602768,98.05803702704587,89.40849355549648,95.39742406845093,101.38635458140539,12.555748902941426,0.003966047840149309
2022-09-28,105.90020301914215,97.72403558562617,88.72398848802487,94.89027410030366,101.05655971258244,12.996665191968397,0.066248292261369
2022-09-29,105.73153799152375,97.44324978423482,88.30074591675333,94.48462411403656,100.6685023113198,13.089702700874826,0.1829961442632766
2022-09-30,105.56119799423219,97.0924556508146,87.51060163737517,94.02077424049378,100.53094684361238,13.848370545144352,0.07583498970295031
2022-10-03,105.39182299995421,96.70020244914261,86.51738802092666,93.51687401294708,100.51636000496751,14.969461000271181,0.04090378835709064
2022-10-04,105.2204979915619,96.41748862700922,86.08552276447057,93.18217381477356,100.27882486507656,15.231778267825423,0.2399355129716602
2022-10-05,105.07778800678254,96.25056751425475,85.9882792096958,93.01402380466462,100.03976839963343,15.106850144927233,0.43929301433007867
2022-10-06,104.94067298698427,96.09976090467738,85.9830469527479,92.79522370815276,99.60740046355762,14.682171092834732,0.47135829323487344
2022-10-07,104.80776795721054,95.93149570818072,85.99424706176592,92.53547383785248,99.07670061393904,14.137771180701106,0.44446948036598455
2022-10-10,104.64515296411516,95.6443781561265,85.95143691452454,92.02402384757995,98.09661078063537,13.197829608306387,0.2188985720239119
2022-10-11,104.46876797246934,95.31797112862245,86.30143091600702,91.3722239780426,96.44301704007817,11.099200262990479,0.10053339056560102
2022-10-12,104.2839254603386,94.95628594443664,85.73512285419599,90.89122392654419,96.04732499889238,11.345652197433743,0.03489808215928341
2022-10-13,104.0865154724121,94.59988251916486,85.3376455698872,90.38712399482726,95.43660241976733,11.173003856675509,0.05251562493062676
2022-10-14,103.90465248298646,94.34576948218954,85.237126505385,90.09367422103881,94.95022193669261,10.781107014769068,0.2968027639898135
2022-10-17,103.71224247550964,94.01722956353099,84.81133135097723,89.7153240776062,94.61931680423517,10.93234132975295,0.11793147644147782
2022-10-18,103.5343524746895,93.78855391546595,84.89796613121567,89.42402401447295,93.95008189773023,10.122688915284677,0.3632337998614289
2022-10-19,103.36266248130798,93.59245370252867,85.05610375649425,89.19052417755127,93.32494459860828,9.27098581196056,0.4513201790103419
2022-10-20,103.18459246063232,93.39282802405175,85.10485708911767,89.00427417755127,92.90369126598486,8.76231422471868,0.43559610772672636
2022-10-21,103.01175744438173,93.20165825393633,85.11881734958735,88.85832421302794,92.59783107646854,8.416784576030366,0.45449596172068285
2022-10-24,102.86644241428374,93.09802453019941,85.10736530034319,88.87749917984009,92.64763305933698,8.48388830533627,0.7230025739867485
2022-10-25,102.72941240167619,93.04076859940062,85.03394980717545,88.98659917831421,92.93924854945297,8.883695764613536,0.8353951827698097
2022-10-26,102.60540992927552,93.04787574411598,84.81012255595373,89.17064920425415,93.53117585255457,9.780183697692289,0.9645484263887358
2022-10-27,102.47366990947725,92.99195905305538,84.77197216415279,89.22354932785034,93.67512649154789,9.978480338952465,0.7693933752041031
2022-10-28,102.33084991931915,92.90584301564859,84.8492437644665,89.33844936370849,93.82765496295049,10.049884749993492,0.662339494510982
2022-10-31,102.20048490953447,92.94620216318879,84.89541176888649,89.68069947719573,94.46598718550497,10.67183404278879,0.9445189150634157
2022-11-01,102.07863493013383,92.94195899017042,84.87075429154342,89.84804954051971,94.825344789496,11.07936182127499,0.8003590867264659
2022-11-02,101.9496449546814,92.91588223239992,84.86552855904118,89.85384961128236,94.84217066352353,11.10318828591363,0.7428825280453506
2022-11-03,101.82069995069503,92.78910248061402,84.86868581895854,89.71774959087371,94.56681336278888,10.809597418632594,0.4964167279861468
2022-11-04,101.68768993711473,92.58160826389283,84.66088107090111,89.50219966888427,94.34351826686743,10.818323160534034,0.2930109665272215
2022-11-07,101.56778690576553,92.44148238086822,84.69238450672171,89.52211967468261,94.35185484264352,10.790037558341647,0.44681681189008493
2022-11-08,101.46449690628053,92.35060075163491,84.93456003790276,89.66226976871489,94.38997949952703,10.545594580657689,0.5488324255288499
2022-11-09,101.36186039972307,92.2863576506366,85.44190340606349,89.89313990592957,94.34437640579566,9.903395308082835,0.5920263133932616
2022-11-10,101.25955791568757,92.14032399109901,85.92242082572128,90.02786494255066,94.13330905938005,9.12038538167975,0.321533850124068
2022-11-11,101.18568291759492,92.24431112130934,85.86469755241947,90.36146472930908,94.85823190619868,9.95284259802633,0.9926351429670751
2022-11-14,101.12191290235519,92.39594598543066,86.18427493718346,90.86861465930937,95.55295438143528,10.310137861546034,1.0595650409738058
2022-11-15,101.0335779042244,92.51161477001654,86.32764371887447,91.2265896320343,96.12553554519414,10.740171112216094,0.9203874091844781
2022-11-16,100.93870791769028,92.66708100048062,86.34501030693194,91.61098989009858,96.87696947326522,11.496392713328369,0.9619286573293641
2022-11-17,100.83672793102265,92.77088184414356,86.65292962274896,91.95159007072449,97.25025051870003,11.524891399702984,0.8172889144506029
2022-11-18,100.73072792148591,92.86818065698715,87.04968655978007,92.28829020500184,97.52689385022362,11.352694114464914,0.7828722659097046
2022-11-21,100.63983789157868,92.96174212116293,87.19542042401056,92.52304018974306,97.85065995547555,11.516309353447086,0.7563018687343114
2022-11-22,100.54096787023543,93.01645808903538,87.29004024244122,92.65899024009704,98.02794023775286,11.588621856862133,0.6581323222003136
2022-11-23,100.45212988042832,93.1316714174841,87.24047640356925,92.79561009883881,98.35074379410837,11.972837269678287,0.7843124971347292
2022-11-25,100.36144989252091,93.27470400426398,87.26626966818283,93.05346021175384,98.84065075532486,12.438420947273958,0.821878305247436
2022-11-28,100.25661991596222,93.39036280076235,87.47779395592094,93.32486037254333,99.17192678916571,12.530565581949954,0.7479143159881632
2022-11-29,100.15663492107392,93.43101536142007,87.48821022531916,93.34946046352387,99.21071070172857,12.557652093757902,0.5919208863483334
2022-11-30,100.06816494131088,93.44340705903753,87.53613242476784,93.3949105834961,99.25368874222436,12.54624716084597,0.5300483358159448
2022-12-01,100.00057997131347,93.61597947918254,87.53124893684394,93.67326068878174,99.81527244071954,13.113692652044865,0.8395258143749073
2022-12-02,99.92071494150163,93.78696053859865,87.95971028450244,94.08791058540345,100.21611088630446,13.02654137555421,0.8172290165122453
2022-12-05,99.83880994367598,93.93249152599334,89.09289494647248,94.58791062355041,100.08292630062834,11.618854123858373,0.7647936115771153
2022-12-06,99.76495994901656,94.01466835402769,90.05104568713172,94.93889074325561,99.8267357993795,10.29682360486421,0.611410026822457
2022-12-07,99.68753992700576,94.02660281079712,90.77196715164489,95.14864055156708,99.52531395148928,9.199655138635848,0.4052198468894301
2022-12-08,99.612659948349,94.02003029800463,91.37495951783524,95.3059706544876,99.23698179113995,8.249244217664893,0.315954868913036
2022-12-09,99.55539995336532,94.06300953506516,93.19731624746684,95.63364573001861,98.06997521257038,5.095130409290725,0.39376541829056244
2022-12-12,99.47972496604918,94.08344061282632,93.17091160133818,95.62324604034424,98.07558047935031,5.129159572707677,0.28811127759747784
2022-12-13,99.40656246089935,94.17052148889492,93.17145821036658,95.63289618015288,98.09433414993919,5.147680490925331,0.6363241285501635
2022-12-14,99.33785745859146,94.29638353415535,93.16338772653371,95.73462136268617,98.30585499883863,5.3715857430750305,0.8199596989583229
2022-12-15,99.27304246473314,94.39307454379986,93.15824618475511,95.74892139434813,98.33959660394115,5.411392988800683,0.6955248735910354
2022-12-16,99.18249898624418,94.36095401369607,92.90700810446675,95.66192131996154,98.41683453545632,5.759686147804603,0.12105516027426054
2022-12-19,99.09298399996756,94.28625001304108,92.43450938540276,95.52212134122848,98.6097332970542,6.464705583319309,0.003480458668184032
2022-12-20,99.0046339905262,94.16537740352209,91.70241503585224,95.31962136507033,98.93682769428843,7.589636377938047,-0.0688952357403369
2022-12-21,98.93208397984505,94.05489203579292,91.17379071080516,95.16917142629623,99.1645521417873,8.396375960014087,0.02180140367445066
2022-12-22,98.86760896849633,93.99889633505684,90.87708219849016,95.00280161142351,99.12852102435686,8.685468939764945,0.21207446427972065
2022-12-23,98.77819397139551,93.86556709603701,90.23427789339775,94.69380152940751,99.15332516541727,9.418829034178845,0.040892579165683875
2022-12-27,98.69708896803857,93.74256443101117,89.70089188588622,94.41905132055282,99.13721075521943,9.994083542840194,0.10895215244722127
2022-12-28,98.62051897096634,93.59509128308365,89.09769124230137,94.19680112361908,99.2959110049368,10.826503279290565,0.08671198867451779
2022-12-29,98.54809897613526,93.40469555621587,88.31927649759557,93.94645095348359,99.57362540937162,11.97953599902193,0.03738321547144578
2022-12-30,98.47159898209573,93.29866830470844,88.09173102772075,93.58930079698563,99.0868705662505,11.748286871359852,0.23731118699423362
2023-01-03,98.37971899199485,93.19311273981768,87.96628592311554,93.22085104227065,98.47541616142577,11.273368694676376,0.2512782139907082
2023-01-04,98.27973897767066,93.06299071272844,87.77911868929566,92.83970105886459,97.90028342843353,10.901763602966138,0.20707916665375953
2023-01-05,98.17048895812033,92.94550091481501,87.56584147136161,92.54165107011795,97.51746066887429,10.753665060473619,0.2513319033750621
2023-01-06,98.05576894593237,92.77457933230308,87.0660066588202,92.25505124807357,97.44409583732694,11.249345199104695,0.14655818386011887
2023-01-09,97.94538893628122,92.69883119170811,86.9351636942075,92.10425114870073,97.27333860319395,11.224427515615583,0.3780007677686868
2023-01-10,97.8461289293766,92.66503389336361,86.95912614549174,91.94030111074449,96.92147607599723,10.835672507212681,0.48963085742402734
2023-01-11,97.73567893481253,92.64911097748355,86.98870916747998,91.82405098676682,96.65939280605366,10.531754518178863,0.544975988038728
2023-01-12,97.63307894349099,92.68945965531225,87.22229181965308,91.69275095224381,96.16321008483455,9.750954325536759,0.7220410981277859
2023-01-13,97.52829390835761,92.75650033256879,87.68469482920854,91.5437006163597,95.40270640351086,8.430958681304439,0.8699523227590398
2023-01-17,97.41525392651558,92.83314751538033,88.0632692141834,91.44115057706833,94.81903193995325,7.388098993872521,0.9840094375608432
2023-01-18,97.31091390872001,92.92459274301875,87.88086930457504,91.52070056676865,95.16053182896226,7.954115822219219,1.000613900875579
2023-01-19,97.20928393149376,92.9703734200623,87.81185868362162,91.60250046730042,95.39314225097921,8.276284521364019,0.8283744128827882
2023-01-20,97.10415890336037,92.98118223090167,87.85288347684995,91.70460044860839,95.55631742036682,8.400269894675464,0.7000922782176738
2023-01-23,96.99994388985633,93.07388088017908,87.74499967298864,91.90445031166077,96.0639009503329,9.051684928350806,0.9135819576540496
2023-01-24,96.91564387011529,93.23423853056885,87.38558576861776,92.13125027656554,96.87691478451332,10.301964846242589,1.03014184632373
2023-01-25,96.84358387780189,93.38685672180435,87.29860179866513,92.45760035991668,97.61659892116823,11.159706808674956,0.9524523501732416
2023-01-26,96.77001387095451,93.52733305430344,87.31993742400392,92.76960056304931,98.2192637020947,11.74881233932146,0.8852901115478218
2023-01-27,96.70957387518884,93.71414363436072,87.39268808418323,93.18505074739456,98.97741341060588,12.431956878820019,0.940748654327078
2023-01-30,96.66364884591103,93.9053144062571,87.80636169217709,93.6775006508827,99.54863960958832,12.534789929091243,0.9182746909399174
2023-01-31,96.6105838239193,94.02279218007848,88.12301849871321,93.987500500679,99.8519825026448,12.47928069312457,0.7484019165756487
2023-02-01,96.55498886466026,94.18436910064324,88.4488697491393,94.36430061340332,100.27973147766733,12.537433808784662,0.8193937286888383
2023-02-02,96.52014387965203,94.4135703982508,88.84304623437248,94.87200067043304,100.9009551064936,12.709660159911625,0.9276862243607281
2023-02-03,96.49500391459465,94.72754819723943,89.03990730233235,95.48965084075928,101.93939437918621,13.50878023249382,1.037258062309866
2023-02-06,96.4571139113903,94.99160522283213,90.00604450061029,96.13335093021394,102.26065735981759,12.747514510446315,0.9347466118145644
2023-02-07,96.4136638762951,95.20040488278043,90.72925843726986,96.60700067043304,102.48474290359621,12.168356728545207,0.8155119545863945
2023-02-08,96.3892688653469,95.48623198280993,91.15777832081726,97.13960046291352,103.12142260500978,12.31592906207193,0.9471376232480697
2023-02-09,96.37318385481835,95.71959538539696,91.77876565513984,97.59850042343139,103.41823519172294,11.92586923578255,0.8297829263853846
2023-02-10,96.34725386643409,95.91878771110726,92.2680043594936,97.9545502948761,103.6410962302586,11.610580454433375,0.7501034396323825
2023-02-13,96.33597885918618,96.09507065576923,92.71847919987113,98.2553005886078,103.79212197734446,11.270275202595299,0.6949405678654679
2023-02-14,96.3257738559246,96.3223227368009,93.11235893961485,98.61425034999847,104.11614176038209,11.158410454587422,0.7976929320974662
2023-02-15,96.29981883120537,96.55587868068028,93.4862875567888,98.96990027427672,104.45351299176465,11.081374644798293,0.8016349988483354
2023-02-16,96.2956538245678,96.79733434060373,94.16929973706958,99.40095017433165,104.63260061159373,10.526359009821713,0.816539481576075
2023-02-17,96.27733379006386,96.96943877768258,95.34819485171948,99.79795014381409,104.2477054359087,8.917528437572669,0.6559689523563691
2023-02-21,96.25377879118919,97.09467665263938,96.0854865648808,100.03885048389434,103.99221440290788,7.903657228948284,0.515702337013467
2023-02-22,96.20322380661965,97.13684620988475,96.25992325529208,100.08920045375824,103.9184776522244,7.651729019926192,0.24940439254035163
2023-02-23,96.17507879376411,97.16995035278899,96.41861696994275,100.13195042610168,103.84528388226062,7.416880307149135,0.21037497742207437
2023-02-24,96.15775876593588,97.25591303872459,96.80931911393712,100.25160020828247,103.69388130262782,6.8672840876228864,0.3707831609688876
2023-02-27,96.15195674157141,97.27568106285152,96.71516281069094,100.22504994869232,103.73493708669369,7.004011751150382,0.14884165817724565
2023-02-28,96.1418717548847,97.31216432088719,96.65655986720276,100.20590023994446,103.75524061268615,7.084094577749913,0.21827214536226422
2023-03-01,96.14412176203727,97.33984423865509,96.89155115847524,100.26175046920777,103.6319497799403,6.722801656585043,0.16711935432216987
2023-03-02,96.14816675829887,97.34483084411636,96.76125472400543,100.22795042037964,103.69464611675386,6.917622642853771,0.10178971789334912
2023-03-03,96.1429017636776,97.38683754440024,96.591927434112,100.14730039596557,103.70267335781915,7.100287172587243,0.25652361746768615
2023-03-06,96.15038174796103,97.49868702015024,96.63799217787418,100.03825014114379,103.4385081044134,6.797915714183708,0.5295196771906939
2023-03-07,96.14866674876214,97.62407179442036,96.64774940549219,99.99999996185302,103.35225051821385,6.704501115279223,0.603810677406618
2023-03-08,96.16181174063682,97.70457873231103,96.61627504708775,99.96805006980895,103.31982509253015,6.705692509518015,0.45658250371763626
2023-03-09,96.18189674544334,97.81000716063139,96.70800918665691,99.86325045585632,103.01849172505572,6.319123911541723,0.5839481284355245
2023-03-10,96.19450674557686,97.85710486533306,96.65218952100706,99.74195044994354,102.83171137888003,6.195509341853328,0.38171385485292714
2023-03-13,96.19137673783301,97.84776751896544,96.40121997321597,99.582950592041,102.76468121086603,6.390111158404103,0.1913710973106669
2023-03-14,96.19745171570777,97.86640394293782,96.27542445782909,99.47840026855468,102.68137607928027,6.4395402460810525,0.3196358626211855
2023-03-15,96.2078667423725,97.95756466926554,96.36548296592552,99.39345045566559,102.42141794540565,6.092891384409052,0.6316975844904664
2023-03-16,96.20836175084114,98.04526814481977,96.53439870242647,99.28925065517424,102.04410260792201,5.549144413054764,0.6642107554675979
2023-03-17,96.20673174262046,98.22415969738127,96.55518129400114,99.28395089149474,102.01272048898834,5.496899696257673,1.108891979501578
2023-03-20,96.2082217710018,98.39944771155604,96.35509108672501,99.3593512201309,102.3636113535368,6.04726197688217,1.0549873663780436
2023-03-21,96.21209677195549,98.57264580999706,96.14301506377558,99.49200095176697,102.84098683975836,6.732171141306033,0.9962693754479234
2023-03-22,96.20840678668023,98.76520878642793,96.0469223922578,99.75765101909637,103.46837964593495,7.439486774058538,1.0019702414970013
2023-03-23,96.2107267692089,98.91433784734382,96.17814057907471,99.98700091838836,103.79586125770201,7.618711041093294,0.8388151167889032
2023-03-24,96.22034177565574,99.11726582486402,96.03155817408637,100.22335103988647,104.41514390568656,8.364902634580366,0.9610974776164881
2023-03-27,96.22584680056572,99.32184378584803,96.158325919274,100.5520513486862,104.9457767780984,8.739205954488183,0.930381067505144
2023-03-28,96.23261678481101,99.48820289555493,96.3779558581148,100.81995119571685,105.2619465333189,8.811738718220608,0.8088758180843236
2023-03-29,96.24918676114083,99.63364578566946,96.71736585081956,101.07890091419219,105.44043597756482,8.629961394366997,0.7428153905113029
2023-03-30,96.29145676922798,99.8440517949937,97.10579378928001,101.45550073146819,105.80520767365637,8.574610367753161,0.9073260956503325
2023-03-31,96.35967478728294,100.08757929884928,97.28568751754077,101.83740080356598,106.3891140895912,8.939178042858757,0.9631884825314566
2023-04-03,96.43332977128028,100.3763799628583,97.09985691898763,102.19805065631866,107.29624439364969,9.97708606884435,1.015275197987177
2023-04-04,96.49782979846,100.64930634593536,97.0183214360618,102.53005085468291,108.04178027330403,10.75144188981815,0.9359749464844593
2023-04-05,96.57631231474876,100.89192184932149,97.23584131450772,102.88800100326539,108.54016069202305,10.987014294462343,0.849247092829737
2023-04-06,96.64720729374885,101.08694441568397,97.48930123695978,103.16160068511962,108.83390013327947,10.996920192181621,0.7382981215247993
2023-04-10,96.71208731484414,101.29431929407666,98.02958387974064,103.5298009443283,109.03001800891596,10.625379387226532,0.7586445986547877
2023-04-11,96.77918233656882,101.49344416706573,99.0568142696223,103.96745099544526,108.87808772126823,9.446488643908562,0.7448310365953205
2023-04-12,96.83690230202674,101.65534822492657,100.1184800746795,104.33240106105805,108.5463220474366,8.077875987752753,0.6530162271228674
2023-04-13,96.877787307024,101.78972670975348,100.80865492652526,104.57695091724395,108.34524690796263,7.206742896339925,0.5670128716020006
2023-04-14,96.93046228432655,101.98707066042127,101.60278676594865,104.90835062503815,108.21391448412766,6.301812657229164,0.7894584567595031
