,SMA_30,SMA_100,SMA_200,EMA_50,MACD_12_26_9,MACDh_12_26_9,MACDs_12_26_9,BBL_20_2.0,BBM_20_2.0,BBU_20_2.0,BBB_20_2.0,BBP_20_2.0,RSI_14,HLC3,OHLC4,LR_14,STOCHk_14_3_3,STOCHd_14_3_3
2022-06-06,215.855046749115,227.47310842323307,234.07913224697114,220.4073107858575,-1.1633310751063561,1.3940982642527304,-2.5574293393590866,206.05340652371356,213.18687001228332,220.32033350085308,6.692216540501529,0.7367106093590179,49.6601122160076,216.89116884867352,216.99287600517275,217.22394495534374,86.11333457961035,88.23805112092465
2022-06-07,215.63268002827962,227.19666844749452,233.99001222515105,220.27165144780056,-0.9583886821076817,1.2792325258011243,-2.237621207908806,206.0672334592775,213.17517006874087,220.28310667820423,6.6686346324211465,0.7653954166980985,50.261569847859256,217.47366441090904,217.69299845695497,217.84585834461262,87.53641034711444,87.66100391739262
2022-06-08,215.42294642766316,226.93058847045896,233.90119721317294,220.20578263671572,-0.6557542445135596,1.2654935707161974,-1.921247815229757,206.07206739974276,213.52019957542421,220.96833175110567,6.976512939283256,0.8404744350719395,52.85848289864721,217.5663320541382,217.02524862289428,219.0745829387287,85.57888028267458,86.40954173646647
2022-06-09,215.3132129351298,226.6715485153198,233.7944472208023,220.06551671439087,-0.5677667140842004,1.0827848809164453,-1.6505515950006457,206.21257852003544,213.74794985771177,221.2833211953881,7.050707473631912,0.6911685324195528,49.53294559235725,217.19499931335451,217.3479994773865,219.0637943121104,85.72346627569472,86.27958563516125
2022-06-10,215.04257957458498,226.369288482666,233.664552195549,219.75612378328262,-0.8475857806711815,0.6423726514635715,-1.489958432134753,206.57281526512753,213.8852494621277,221.19768365912785,6.8377171547727125,0.3831269830982888,42.934098252507184,213.53923390706382,213.98367619514465,217.77067525004298,75.10840417349056,82.13691691061996
2022-06-13,214.45781308492028,226.05261849784853,233.5072872095108,219.25572686582058,-1.4703770869856214,0.015665076119305343,-1.4860421631049268,206.1208144724315,213.77384964942934,221.42688482642717,7.159935782181169,0.057179138428599466,36.79355834860946,207.83666820526128,208.18149971961978,215.2101368663077,44.14157240648769,68.324480951891
2022-06-14,213.86725982983907,225.6849824743271,233.32130922842026,218.50253767590766,-2.4957072781748195,-0.8077320920559141,-1.6879751861189054,203.40420063032423,213.12256968975072,222.8409387491772,9.119981120323231,-0.17260088018726624,30.494767353892808,200.82613407770796,201.1903517007828,211.39796238322825,18.618866876212444,45.95628115206358
2022-06-15,213.22769329706827,225.3294024963379,233.1227642250061,217.75247749920595,-3.32430601136312,-1.3090646601953715,-2.0152413511677487,201.04826640892904,212.46932005882263,223.89037370871623,10.750779121175375,-0.07320967443888965,29.95933734913388,199.5990018208822,199.92350285053254,207.60696646742775,3.7767079093902773,22.179049064030153
2022-06-16,212.6479932498932,225.03633241748813,232.93269417333605,217.13163509488876,-3.732589837706172,-1.3738787892307385,-2.3587110484754334,199.58366988652088,211.78861986637116,223.99356984622145,11.525595650560492,0.0957532110518827,34.630762388011306,201.49399693806967,201.37124769687654,204.8291822016371,9.569192170486106,10.65492231869629
2022-06-17,211.72004322052,224.68727041816715,232.71968665409088,216.3419041364641,-4.403010657783483,-1.6354396874464392,-2.7675709703370437,197.41266921813616,211.18774470329285,224.96282018844954,13.045336039276249,-0.015214927988162654,30.402745528536695,197.0798317909241,197.35112285614014,201.5064812624586,10.34747755307769,7.8977925443180395
2022-06-21,211.01980980237326,224.3611104307175,232.50706164217,215.5903000872379,-4.863533553961105,-1.6767700668992487,-3.186763487061856,195.59610503571713,210.63254463672638,225.66898423773563,14.277413423402626,0.05253556983569124,30.740025300071263,197.13766609827675,197.13800005912782,199.10709913987395,10.603325970637915,10.173331898067252
2022-06-22,210.47751002947493,224.07904050159453,232.3099266858101,215.0147198230052,-4.870808748052099,-1.3472362087921939,-3.523572539259905,194.65754674726324,210.2592951059342,225.86104346460516,14.840483842400772,0.20047293605284883,37.42683651626204,200.65866959889732,200.37650084495544,197.97412840057189,12.092347978066513,11.014383833927388
2022-06-23,210.12009630839032,223.80790044593815,232.11269163513182,214.46390708480624,-4.816534324101212,-1.0343694278730462,-3.782164896228166,193.64237858851263,209.75109510421754,225.85981161992245,15.359840202694619,0.22741155086056378,37.524163524744075,200.97703113555906,200.59352412223816,197.07956287635545,17.595528870181006,13.430400939628493
2022-06-24,209.80799653689067,223.5093454694748,231.92920164728162,214.0030088786056,-4.58015875982727,-0.6383950908792833,-3.941763668947987,192.97799119779773,209.37224523067476,225.7664992635518,15.660389002195345,0.2968421621799431,40.618773689147645,202.13200070063274,202.1337492465973,197.30598181169108,25.45326434437419,18.380380397540584
2022-06-27,209.74062969525656,223.22490550327305,231.77033663511276,213.74442028076967,-3.96799971192587,-0.020988834382306365,-3.9470108775435637,192.77652699813422,209.15199513912202,225.52746328010983,15.658916502417588,0.4467802846817492,48.086997349471815,206.31833108266196,205.73312277793886,198.69187902827838,34.76793207100125,25.93890842851883
2022-06-28,209.65506294568382,222.9210953912735,231.61146158456805,213.46648207975068,-3.5031574338390215,0.3550827549636342,-3.8582401888026556,192.55065882230704,208.73844496250155,224.92623110269605,15.510114720939432,0.4357092813776395,47.06659200960644,206.89133062362671,207.09074919223787,200.1694167038635,43.050356207347484,34.42385087424099
2022-06-29,209.3340626684825,222.56775529766085,231.44413154172898,213.07348252370454,-3.3552708837213174,0.40237544406507064,-3.757646327786388,192.33524127758804,207.96044467449187,223.5856480713957,15.027091735027813,0.35550744015233404,42.88105428996507,205.1006670633952,205.6375020980835,201.34223500618563,44.292950339747186,40.70374620603199
2022-06-30,209.037996079127,222.26033524608613,231.27568157148363,212.70036548779103,-3.1920742551666876,0.45245765809576044,-3.644531913262448,192.20822496411574,207.24069468021395,222.27316439631215,14.507256636341909,0.37754185965992404,43.074552307659694,203.47933241526286,203.5370003223419,202.69158906496492,40.339932329427114,42.56107962550728
2022-07-01,208.60002928415938,221.9316851863861,231.10528155136112,212.29627257411758,-3.120611816001457,0.41913607780879314,-3.53974789381025,191.9707139517704,206.54759428977968,221.12447462778897,14.114790722334332,0.35759648140086114,41.528977925040365,202.24932874043785,202.1909977912903,203.60175105063485,40.75142975813831,41.794770809104214
2022-07-05,208.44426259358724,221.62587517929077,230.93638406276702,211.98418338295465,-2.874142658382908,0.5324841883418734,-3.4066268467247816,192.45809806414195,205.79089398384093,219.1236899035399,12.957615044663633,0.4455142119804219,45.07309602928725,203.45700031916303,203.19949879646305,204.62300861547294,51.89258057578309,44.32798088778285
2022-07-06,208.3265291849772,221.31017515563966,230.7723390645981,211.70041148378874,-2.615579586838919,0.63283780790869,-3.248417394747609,192.81571585751405,205.200093832016,217.58447180651794,12.070538315289692,0.4817474128000965,45.81976670410197,203.55866422653204,203.25374758243564,205.03887768651103,62.64327347632206,51.762427936747834
2022-07-07,208.2119627126058,220.9688951587677,230.6184440546036,211.435336515562,-2.367798508389143,0.704495109086773,-3.072293617475916,193.44887334979308,204.59974393844607,215.75061452709906,10.900180395150189,0.5153017584074367,46.1905824627964,204.92866442998255,204.9207471609116,205.31126861236913,70.47558012683585,61.67047805964702
2022-07-08,208.07992942174275,220.6874151134491,230.4916715192795,211.26814670347616,-1.9687133431996813,0.8828642194209881,-2.8515775626206694,194.79811991731066,204.02874391555787,213.25936791380508,9.048356443411251,0.6702621833806705,50.41524577178678,206.774996693929,206.50524749755863,206.23873278104358,77.69117129623707,70.27000829979835
2022-07-11,207.96666263580326,220.4369750595093,230.36466149425505,211.09645454723633,-1.656099994665368,0.9563820543642412,-2.6124820490296092,196.18380536380715,203.5417936706543,210.89978197750145,7.229953292789507,0.7275216342482054,49.8821402794516,206.76000312169393,206.65875358581548,206.43330907025177,83.1293998039858,77.09871707568625
2022-07-12,207.7457961146037,220.1774851093292,230.21992152023316,210.86475067592735,-1.5280734251738295,0.8675268990846239,-2.3956003242584534,196.92471660996506,203.19239411354067,209.46007161711628,6.169204837532781,0.6591986596453201,46.674232365112175,205.45500218073528,205.54675197601318,206.01965831987155,80.3797695672499,80.40011355582428
2022-07-13,207.37496296882628,219.87453516292575,230.05823658037184,210.58781948525856,-1.520838137734188,0.6998097492194124,-2.2206478869536004,197.0025775115461,203.0327442598343,209.06291100812248,5.94009283603141,0.5638673096608525,44.18411204577632,204.35633300145466,204.53550093173982,205.5063988121789,67.02797004778556,76.84571313967376
2022-07-14,206.8434295304616,219.56108508396153,229.89568658304216,210.29257150582987,-1.5571891460432141,0.5307669927283092,-2.0879561387715233,197.31020028959495,203.1832239341736,209.05624757875228,5.781012360037541,0.4894238528682253,42.86123067691729,202.8429971377055,202.44374899864198,204.75936478415704,48.681788359941514,65.363175991659
2022-07-15,206.3312963231405,219.28172506332402,229.7339866065979,209.9905099477124,-1.605336181110431,0.38609596612887387,-1.9914321472393048,197.72605012277705,203.34392386436463,208.9617976059522,5.525489657940143,0.4328996943319229,42.00743345267877,201.6946663538615,201.4414987564087,204.04603400827773,38.48533340514205,51.39836393762306
2022-07-18,205.97696290651956,219.04528505039215,229.606281598568,209.8194311850247,-1.3824162312798762,0.48721273276754284,-1.869628964047419,197.8669827220272,203.5292741298676,209.191565537708,5.564105146100423,0.6853249169057607,49.082951330612616,204.9993355751038,204.875000667572,204.546291855194,44.49896634012695,43.88869603507018
2022-07-19,205.47279610633854,218.81673507213597,229.47077159452436,209.60482605278082,-1.2941979466355917,0.46034481392946214,-1.7545427605650539,199.08953229664874,203.8969493627548,208.70436642886088,4.7155360402701785,0.5468079785737122,46.50636451903722,205.11099739074712,205.56199674606327,204.71416878375373,51.480662529225434,44.821654091498154
2022-07-20,205.2031293932597,218.66235503959655,229.36550659275056,209.56047999574463,-0.8811128866379079,0.698743899141717,-1.5798567857796249,200.33990054151045,204.461849398613,208.58379825571555,4.031998017455587,0.9866814629240017,54.74813232164356,207.6443349838257,207.22900099754338,205.5282390095637,72.18359273568312,56.054407201678515
2022-07-21,204.95189631779988,218.4888950366974,229.25247159957888,209.5546182469551,-0.47268283097690755,0.8857391638421739,-1.3584219948190814,200.56838530123062,204.88674950122837,209.2051137012261,4.21536698738232,1.0238390847610026,56.390938888949236,209.20266838073735,209.0767525672913,206.44742910510877,80.27703298089628,67.98042941526829
2022-07-22,204.71122967720032,218.29677006816866,229.15977157449726,209.6258880234333,0.00913134767196766,1.0940426739928393,-1.0849113263208716,200.62067218742715,205.40689962863922,210.1931270698513,4.660240186542155,1.1231523670550707,59.689238531476974,210.33999865849816,210.07549998760226,207.54556646871052,95.69756794523721,82.71939788727222
2022-07-25,204.49759620984398,218.09107002544405,229.05200159978867,209.6491864380728,0.2946195958950568,1.1036247377727428,-0.8090051418776859,200.73024746880265,205.78234936714176,210.83445126548088,4.9101411407501505,0.9391883139825258,56.963577067559385,210.59432973861695,210.88149654865265,208.37679414162264,91.37827776257892,89.11762622957082
2022-07-26,204.43249618848165,217.90784994220735,228.93943159341816,209.6716887867861,0.5151744517820873,1.0593436749278187,-0.5441692231457314,200.55097151364592,205.92304920196534,211.29512689028476,5.217558412366546,0.9002126716861603,56.969085481248285,210.02833112080893,210.09149906635287,209.11156019399425,88.38803195536316,91.82129255439311
2022-07-27,204.47402939160665,217.6786729898453,228.81083659887315,209.61562250031412,0.5240745879743827,0.8545950488960912,-0.33052046092170856,200.54319079291255,206.00229931831365,211.46140784371474,5.300046206732583,0.7051341490112891,52.214503424251205,208.6130002975464,208.86374869346616,209.28237296198745,77.69569361019437,85.82066777604551
2022-07-28,204.89161589304607,217.50232295513152,228.70513159418107,209.73175485583997,0.8708871619521972,0.9611260982991245,-0.0902389363469274,200.43351160629393,206.4588995265961,212.48428744689826,5.836888537251912,1.0076932905027216,60.068314209139075,211.874333190918,211.3412507772446,210.60940275171325,81.28703627815074,82.45692061456943
2022-07-29,205.4124823856354,217.36445289325715,228.61770908689502,209.93843105552048,1.3261290989244117,1.1330944282170712,0.19303467070734043,200.10927968597164,207.03104951858523,213.95281935119883,6.686697332317028,1.0757883187295962,63.66586278735185,213.99766845703127,213.82000133991244,212.32905901709768,86.24360656042195,81.74211214958903
2022-08-01,205.92994919141134,217.30490285491942,228.54512911128998,210.2328063224568,1.8625709333499287,1.3356290101140706,0.5269419232358581,199.8437577344849,207.7834997272492,215.72324172001348,7.642321939120797,1.108426611592155,66.90105400185661,216.84067023595176,216.52075140476228,214.22396955301474,96.20605723574833,87.91223335810702
2022-08-02,206.59279953956604,217.252922911644,228.4654491143227,210.49344160783895,2.21648370080905,1.3516334220585535,0.8648502787504966,199.7135342433063,208.41055012226107,217.10756600121584,8.34604186194297,0.9868598663785355,65.44710766707642,216.91733493804932,216.74375083446506,215.540989168188,96.2478016441709,92.89915514678042
2022-08-03,207.1991662534078,217.14038295650482,228.36281913900376,210.68456163484322,2.3478910220538864,1.186432594642712,1.1614584274111746,199.9134304725273,208.94150023937226,217.96957000621723,8.6417200570514,0.8558624502810556,61.595934862693525,216.00566832224533,216.05250034332278,216.11452555394445,92.18778839331918,94.8805490910795
2022-08-04,207.77033281962076,217.0653029642105,228.2664241566658,210.97332393683735,2.6379576726322114,1.1811993961768295,1.456758276455382,199.94423522589864,209.5968502664566,219.2494653070146,9.210648946572226,0.9377647939820991,65.47530079346652,217.49999841054282,217.18049800395968,216.95176746745702,91.97571250429867,93.47043418059627
2022-08-05,208.33896645545963,217.01301295757293,228.16862414979937,211.24997805986715,2.8335605298794917,1.1014418027392878,1.7321187271402039,199.890975831386,210.13965065479283,220.38832547819968,9.754156144708615,0.8848474829783726,65.42221897201969,217.89066794713344,217.91575160026554,217.74457507521225,92.91754850214686,92.3603497999216
2022-08-08,208.8242996088664,216.96995291042327,228.05848410749437,211.48609646649567,2.8941313491324934,0.9296100975938315,1.9645212515386619,200.07489914729342,210.65870069026946,221.2425022332455,10.048292815151605,0.8123781522062298,63.329038033157744,216.88633324305215,216.61749873161315,217.92380294946534,94.47001835559723,93.12109312068094
2022-08-09,209.1565664068858,216.8906229133606,227.94379411792758,211.71711243151043,2.9170618960596073,0.762032515616756,2.1550293804428513,200.6111079898537,211.26815057754516,221.9251931652366,10.08864096037024,0.7866110811962855,63.505125889155686,217.80566775004073,217.9065005540848,218.26832914268556,90.08760491393832,92.49172392389414
2022-08-10,209.4845330588023,216.76415292167664,227.82441909599308,211.9045196189916,2.831504724213943,0.541180275016873,2.29032444919707,201.59349212591198,211.90280009746553,222.21210806901908,9.730223448497844,0.7227693472485619,60.888302610939014,216.54733505249024,216.6405006885529,218.29921215078346,83.18074689191656,89.24612338715072
2022-08-11,210.039333190918,216.6520129308701,227.72394408750537,212.2254795305623,3.0188261062508843,0.5828013256430515,2.436024780607833,202.6973715892915,212.7543001651764,222.8112287410613,9.454030840342119,0.8646589087077416,66.88196749782504,219.77533073425298,219.77949936389925,219.19556084161292,85.51073386304337,86.2596952229661
2022-08-12,210.58813307444254,216.5191028299332,227.6169090294838,212.5312644357813,3.125920119424819,0.5519162710535892,2.57400384837123,204.2447499144925,213.62594980716707,223.00714969984165,8.782828023601688,0.8409502451533712,66.67981947008109,220.69546384811397,220.90222408771513,219.73948913343665,85.59889766783431,84.76345947426476
2022-08-15,211.2720998954773,216.42049290275577,227.52417404079438,212.9384697841883,3.4049040138051225,0.6647201323471137,2.740183881458009,205.03078782555124,214.49029977321624,223.94981172088123,8.820456643183094,0.9453031558897314,70.83880706467532,222.13166840871176,221.83425011634827,220.7077814141997,93.306898206377,88.13884324575156
2022-08-16,211.91856684684757,216.3087629270554,227.44049909639358,213.3617457432621,3.6498530755454226,0.7277353552699308,2.9221177202754918,206.3915235016052,215.45955009460448,224.52757668760376,8.417381906736242,0.9561332369907325,71.90567236124235,223.2813358942668,223.00562727451327,221.3382861650907,93.50027473908635,90.80202353776589
2022-08-17,212.55980027516685,216.220382894516,227.34876660442353,213.77834405936173,3.820352988499593,0.718588214579281,3.101764773920312,207.0372587815946,216.23510015487673,225.43294152815886,8.507260261349103,0.9212892098486117,72.24430564472256,223.87166643142703,223.71049847602848,222.12850839719667,96.74963361969635,94.51893552171991
2022-08-18,213.1426004378001,216.09578300571445,227.2471016421318,214.1174287893085,3.785954459855816,0.5473517487484028,3.238602711107413,207.87159056318862,216.88580011844633,225.90000967370403,8.31240178041609,0.8072484903197608,66.89041053863295,222.5733349164327,222.49437727928162,222.55284525756014,89.09954521827369,93.11648452568546
2022-08-19,213.6703004105886,215.9719829092026,227.14672160291673,214.46588238545434,3.7619667951498457,0.418691267233946,3.3432755279158997,208.45032251980703,217.46735001564025,226.48437751147347,8.292764403653894,0.806955117855946,67.84133451917822,222.83600025177,222.7937518835068,223.1982988032666,83.76298356665258,89.87072080154088
2022-08-22,214.12146695772805,215.8071128797531,227.02870654916765,214.69957300302653,3.4946490145678695,0.12109878932157558,3.373550225246294,209.52123694150362,217.97759979248048,226.43396264345733,7.758928311007649,0.6447072094820112,59.61686005252246,220.73766619364423,220.9582505941391,223.05792838253834,71.27496336328323,81.37916404940319
2022-08-23,214.50469996770224,215.58026279258726,226.88679156970983,214.77743273342088,2.9470396075272163,-0.34120849417526244,3.2882481017024787,210.59356749280357,218.3006997823715,226.00783207193945,7.0610238970844685,0.39518126888284005,50.12335594131484,217.12233276367192,217.4176248073578,221.81082008026462,49.5276798045308,68.18854224482222
2022-08-24,214.92299994150798,215.36114279079436,226.73868160390856,214.83918064693557,2.4578529688739366,-0.664316106262834,3.1221690751367706,212.4399289114913,218.70620008468626,224.9724712578812,5.730309584976155,0.3121533930169627,49.36954356512598,216.72000230153404,216.67250108718872,220.75035099427765,24.647563074671154,48.483402080828405
2022-08-25,215.38046652475995,215.17624270343782,226.58886158895493,214.9154086022473,2.0809582506869333,-0.83296865955987,2.9139269102468033,213.23182131538985,218.91649988174441,224.60117844809898,5.193467435689266,0.3123459093196095,50.409087367646826,216.6856636365255,216.5631212949753,219.82719838006153,9.893429962843912,28.02289094734864
2022-08-26,215.9357665157318,215.0130926771164,226.4493065800667,215.08535342188432,1.958674328672032,-0.7642020652598172,2.722876393931849,213.73509010952347,219.1288500595093,224.5226100094951,4.922911746692438,0.5111380043416419,55.978493065745354,218.51833391189575,218.26100130081176,219.4146163493983,18.990413298237176,17.84380211191743
2022-08-29,216.19198976516728,214.77407972049713,226.28217008924486,215.01591599287863,1.367155108017215,-1.0845770287317076,2.4517321367489227,212.99647192318926,218.92233499050138,224.8481980578135,5.41366696784888,0.02685069292310618,43.35891025958389,215.3415662765503,216.30717608928683,217.60945146225325,16.84522581851369,15.243023026531608
2022-08-30,216.45348960876467,214.55090960979462,226.11839506101612,214.90517401750017,0.7985736258677889,-1.3225268087049074,2.1211004345726963,212.12135462808126,218.68798446655273,225.2546143050242,6.00547840293055,0.005378785951390487,41.45485637974745,212.40666246414185,212.30562233924866,215.54906417469417,14.60261430514696,16.812751140632624
2022-08-31,216.51372294425965,214.32809965991976,225.94582504415513,214.72383392517497,0.19155928710677017,-1.543632917972741,1.7351922050795112,211.03154684717956,218.43368443489075,225.83582202260195,6.777468966712938,-0.05069786768200292,38.366469581585996,210.8116677920024,211.27387700080877,213.55076636408728,3.988373866607995,11.81207133008956
2022-09-01,216.4993226559957,214.08275966072085,225.7597450056076,214.49854619296,-0.3900683988594551,-1.700208483151173,1.310140084291718,209.5057050067628,217.98023425579072,226.45476350481863,7.7755024697178765,-0.03107595935966591,36.37793865345641,209.8219969113668,210.11199765205384,211.48473076139186,3.9532099409457433,7.51473270423358
2022-09-02,216.42885620752975,213.84696965122225,225.57536001825335,214.2930347380663,-0.8190573861525934,-1.703357976355449,0.8843005902028557,208.25391856053182,217.5417342567444,226.829549952957,8.538881725794315,0.05405391135441208,37.12992880622496,208.43733476003013,208.293625164032,210.06726889515983,7.181324384937589,5.040969397497123
2022-09-06,216.3478896109263,213.63012968063356,225.38208001708986,214.03805297181427,-1.2628518733545206,-1.717721970845901,0.4548700974913804,206.85178986981015,217.06773437023168,227.2836788706532,9.412678977887307,0.045967841191288106,34.80079693994279,208.78866408665976,209.34987385272984,208.73444176076538,7.366796903308084,6.167110409730486
2022-09-07,216.2339229710897,213.4080197019577,225.18488998174666,213.75436450763183,-1.6748978798059966,-1.7038143818379017,0.028916502031905045,205.39021108720277,216.53908404827115,227.68795700933953,10.2973308583711,0.06340488643544895,33.287838142281004,207.02766809463503,207.2683762073517,207.58920278905532,8.934728568160134,7.82761661880195
2022-09-08,216.28942310969035,213.193729678154,225.00095501470568,213.60348757163726,-1.731105589566397,-1.4080176732786416,-0.3230879162877554,204.69183297919307,216.20963439464572,227.72743581009837,10.654290635753355,0.22639605739254035,41.84747666493184,208.95666917165116,208.4108779668808,207.3971588245856,11.667603043871424,9.323042838446561
2022-09-09,216.2293231678009,213.01349963569643,224.82260998916627,213.49252724763343,-1.6862531424789324,-1.0905321809529416,-0.5957209615259909,204.13822242962226,215.74388449192048,227.3495465542187,10.758740243905129,0.28588532236667286,44.00913548828635,210.0910013198853,209.79500265121462,207.7694340181875,19.706929134651528,13.436420248894374
2022-09-12,216.1776900355021,212.8587997198105,224.66284999704362,213.49097731551956,-1.4181860021477064,-0.6579720324973723,-0.760213969650334,203.9416229723516,215.41538496017455,226.8891469479975,10.652685730821112,0.4144839772897514,50.17263330171082,213.04733533859255,212.7620001077652,208.76640223534548,36.54124867890062,22.638593619141204
2022-09-13,216.10522356987,212.6960198221207,224.51036502885822,213.5607823773985,-1.0469743918588392,-0.22940833776680414,-0.8175660540920351,204.0870339028713,215.03318523883823,225.97933657480516,10.180894938433802,0.5108632316188128,53.88268337533902,215.0666687011719,214.92350080013276,209.93647876362223,51.924222149446905,36.057466654333034
2022-09-14,215.79665687561038,212.45687987804416,224.31733504724502,213.3278891575755,-1.3543844801942555,-0.42945474088177626,-0.9249297393124792,203.59405332142427,214.22768516540526,224.86131700938625,9.92741142282405,0.1893968123772935,40.290026814410396,208.82566811243692,209.42262651920316,209.35580406209934,45.9432541503627,44.802908326236754
2022-09-15,215.55599002520245,212.2516298465729,224.14743005466462,213.1247169076396,-1.53791859423157,-0.49039108393527253,-1.0475275102962975,203.48995123495618,213.43578486442567,223.38161849389516,9.31974329964123,0.23412042281982506,41.38300358106078,207.91900030771896,207.96012442111973,209.1535437739027,32.94884106536919,43.60543912172628
2022-09-16,215.15912341117863,212.07685987281798,223.95434506797793,212.85088494714307,-1.8241296008464758,-0.6212816724401424,-1.2028479284063334,203.09551882410895,212.62163472652438,222.1477506289398,8.960627092034159,0.15990163893012255,38.48560626545793,206.8053351720174,206.95750081539154,208.97277117215663,11.176120614732875,30.022738610154935
2022-09-19,214.7256233247121,211.87824983978274,223.7736050720215,212.5439091249062,-2.116846183730331,-0.7311986042591982,-1.385647579471133,202.91880645437948,211.72263502597806,220.52646359757665,8.31637918214873,0.11950454331376172,36.93148642285965,204.65166540145879,204.5897500753403,208.20097840382502,10.93664905396228,18.353870244688128
2022-09-20,214.35479011217754,211.74049978637697,223.6097200508118,212.29301076913956,-2.23247492310648,-0.6774618749082777,-1.5550130481982023,202.85135354581763,211.00868542194365,219.16601729806968,7.73174986594908,0.20194394178574923,39.56891428052388,205.27567033767704,204.83237676620487,207.76295587728293,12.605618848156658,11.572796172283953
2022-09-21,213.91282322565715,211.57872977828978,223.42224501895905,211.97242199304623,-2.45940403339344,-0.72351278815619,-1.7358912452372501,202.13321563639494,210.38033546447755,218.62745529256017,7.840200282858787,0.1203317875657827,36.592876381188745,204.04666439692178,204.17462348937985,206.79755712802594,14.370025363466576,12.63743108852852
2022-09-22,213.41315676371258,211.3483998260498,223.23094999027253,211.56197414445393,-2.8175343829381916,-0.8653145101607531,-1.9522198727774385,201.01077964718343,209.6380353307724,218.26529101436137,8.230620621851049,0.028701027587572103,33.13608088448091,203.06399876276654,203.55999908447265,205.24104917672958,10.924248276693481,12.63329749610559
2022-09-23,212.7384901968638,211.16922982788088,223.0228350143433,211.10264183912562,-3.198194640668021,-0.9967798143124655,-2.2014148263555553,199.81821497545747,208.79133567333224,217.76445637120702,8.595299866191587,0.0017154223241070813,31.127207688346733,200.22900231679282,200.4076256275177,203.5171239844519,4.449755089585251,9.914676243248453
2022-09-26,211.97714060147604,210.9554249038696,222.78202753067018,210.55675418865067,-3.6726978124541176,-1.1770263888788497,-2.495671423575268,198.70313364020467,207.6880109357834,216.67288823136215,8.652283061593614,-0.08462146104871054,28.167788635762562,196.90616846084595,197.2561271905899,201.24997568507774,4.647222219138672,6.673741861805818
2022-09-27,211.0320738951365,210.70793492412568,222.52576754999163,209.92954812752612,-4.211568981709036,-1.3727180465070141,-2.8388509352020215,196.48723843155517,206.75042596817016,217.01361350478516,9.928093244359303,-0.09374469650466036,25.59348672942968,195.2483344395956,195.35250124931338,198.5320901407516,4.959917514768109,4.685631607830694
2022-09-28,210.0431068833669,210.40024492263794,222.27484754753112,209.30733041223024,-4.625652703669317,-1.4294414147738363,-3.196211288895481,194.5162026111755,205.84397600650786,217.17174940184023,11.006174302593376,-0.020004205940442887,25.121542214607963,194.7393320083618,195.09374861717225,196.33684396031126,5.742970620852638,5.116703451586489
2022-09-29,209.16307332992554,210.19425485038758,222.03230753803254,208.84759181569422,-4.6164858032652205,-1.1362196114957919,-3.4802661917694286,193.52947143360703,205.20912573337554,216.88878003314406,11.383172417920317,0.17357212220891194,34.30806962874491,196.65399888356532,196.20674970149997,195.42471400585788,9.24316673637282,6.648684957331206
2022-09-30,208.2272064812978,209.96592487716677,221.78532251930235,208.27901955681102,-4.814756671626213,-1.0675923838854278,-3.7471642877407856,192.02692144328725,204.47762585639956,216.92833026951186,12.178060421981014,0.09325085930237145,30.59420386355363,194.46999788284302,194.82274832725528,194.386431482336,10.373558403775723,8.453231920333744
2022-10-03,207.19253986676534,209.7686407814026,221.53278252220153,207.63917553713426,-5.10556442823048,-1.0867201123917551,-4.018844315838725,190.2419499087099,203.61287550449373,216.98380110027756,13.133673951271058,0.06435781629382836,28.171904770427933,193.1769995053609,193.38024876117706,193.46441258210416,9.050501229035659,9.555742123061416
2022-10-04,206.38070697466534,209.60860088539124,221.28572256374358,207.18548262864053,-4.9475975180296246,-0.7430025617527196,-4.204594956276905,189.414498151758,203.026825838089,216.63915352441998,13.409388271859822,0.24446620637371294,37.36469492171151,195.35700419743856,194.9508772134781,193.20407943012958,10.611426717998972,10.011828783603468
2022-10-05,205.8490071932475,209.52164086341858,221.07065259265903,206.93248341518589,-4.39539470550136,-0.15263979937956407,-4.242754906121796,189.19095678447667,202.72332611560822,216.25569544673976,13.350579423124072,0.4264975932379831,45.84157799369835,200.03833370208744,199.66425206661228,194.34677304802355,26.194365978887394,15.28543130864069
2022-10-06,205.3082736047109,209.43070084571843,220.86268259716036,206.66571923701972,-3.960850006109581,0.22552392000977228,-4.186373926119353,189.07418894095377,202.2344758272171,215.39476271348042,13.014879715669315,0.42004433590784745,44.99235196750603,199.64899768829346,199.41849887371063,195.31029432967478,44.88193907899515,27.229243925293854
2022-10-07,204.6979405212402,209.28468083858493,220.65671758890153,206.34443616902936,-3.7074388721094067,0.3831480432079575,-4.090586915317364,188.97327821212295,201.6194259119034,214.26557361168383,12.544572669605868,0.37559749485242017,42.65767954045166,199.17233667373657,199.26100399494172,195.91745179459272,51.75399053386406,40.943431863915556
2022-10-10,203.85797362645468,209.1007708272934,220.41195757722852,205.86230120786837,-3.819479784613918,0.21688570456275702,-4.036365489176675,188.8334882160205,200.64927544593812,212.46506267585573,11.777552850522206,0.22074307627151296,37.12057444944968,194.69866739908858,195.16950061321262,195.79539458725463,39.19665741513105,45.2775290093301
2022-10-11,203.17541692733766,208.8738008069992,220.1514025683403,205.3515442196668,-3.960417784670227,0.06075816360515862,-4.021175948275386,189.3283781392688,199.52762502670288,209.72687191413695,10.223393263032225,0.1720528931299453,35.75113172238221,193.05166727701825,193.40750072002413,195.46588290728064,22.754814034211915,37.901820661069024
2022-10-12,202.4982839012146,208.70247086620333,219.87941008615496,204.8231701262303,-4.102286980351636,-0.06488882566099985,-4.037398154690636,188.73315559355984,198.74042500495912,208.7476944163584,10.070693379215195,0.15712823919250019,34.66040920531745,192.37800203959148,192.32487773895264,194.90261505713826,10.25999397000424,24.07048847311575
2022-10-13,201.87358403841657,208.5350709018707,219.59220013523102,204.30226172046702,-4.19365123821072,-0.12500246681606697,-4.068648771394653,188.4200802783459,197.91007545471192,207.40007063107794,9.590209244842246,0.1643797200598378,34.264044352250224,191.91966689427696,191.9640012264252,194.31276696613867,6.768434361896779,13.261080788704328
2022-10-14,201.41218427022298,208.40266099929812,219.32515214729312,203.94283983762068,-3.930502018715174,0.11051740214358308,-4.041019420858757,188.59432662386033,197.3598255443573,206.1253244648543,8.882759088705116,0.3732061998619496,41.88111691002542,192.89599955876668,191.69512286186216,194.45294534683237,22.660985784943065,13.229804705614711
2022-10-17,200.82435072898863,208.20756102752685,219.04046213245394,203.45970877952342,-3.959858487127576,0.06492874698494511,-4.024787234112521,188.33065341526657,196.68982536315917,205.04899731105178,8.499851919089977,0.1969300584673109,37.33026072922587,193.3123325347901,194.06174991130834,193.55151618643117,29.753453014990274,19.727624387276723
2022-10-18,200.41215054512026,208.05893096637726,218.77708210515976,203.14462193258473,-3.634438822524686,0.31227872927026823,-3.946717551794954,189.0009809068883,196.1537750196457,203.30656913240313,7.29304762250029,0.44905621316855765,44.37318395457759,195.25433333714804,195.05425016880037,193.5352463124874,47.24697679670959,33.22047186554766
2022-10-19,200.0911504650116,207.91253089904788,218.52541710186009,202.91047968942075,-3.198540878260445,0.5985413388276073,-3.7970822170880525,189.6257436268922,195.80657490730286,201.98740618771353,6.313200956951267,0.6106177925398231,47.30685953323488,197.29032862981163,197.69087202548982,194.27274362983303,52.247322769051664,43.08258419358386
2022-10-20,199.62428383191428,207.72226093864444,218.26289211750031,202.63559827598664,-2.922123932949205,0.6999666273110781,-3.622090560260283,189.92332534308053,195.52632499694823,201.12932465081593,5.731197222629894,0.5334355410537753,45.428925022630374,195.96499741872148,196.00387382507324,194.37368950539897,62.748846228416994,54.08104859805943
2022-10-21,199.08028404235841,207.47675100326538,217.99310716438293,202.31475150527592,-2.787687434314563,0.6675225007565762,-3.455209935071139,190.0034414572928,195.25657526016238,200.50970906303195,5.38074970931988,0.4236103945362814,43.32365099617842,195.3716722170512,195.4285033464432,193.84417394973426,60.36529191887204,58.45382030544692
2022-10-24,198.57321723620097,207.27962102127077,217.7628471918106,202.15499653620654,-2.348494774332295,0.8853721285910758,-3.2338669029233706,189.95938531414055,195.30949991226197,200.6596145103834,5.4786015022565016,0.7739660831539723,49.87114806306446,196.83016732533773,196.21112484931948,194.57135458160238,62.98454472943885,62.032894292242645
2022-10-25,198.0671502240499,207.11793094158173,217.5434371562004,202.07397690846904,-1.8302159846756467,1.1229207345981793,-2.953136719273826,189.86079982456434,195.58579973220827,201.3107996398522,5.854208143415806,0.8932922593308078,52.74031238653085,199.47599713007608,199.32512319087982,196.1809758651649,73.2651059066207,65.53831418497721
2022-10-26,197.90798347155254,206.95168092536926,217.3424946641922,202.10429164527383,-1.1832880137331472,1.4158789644325434,-2.5991669781656905,189.53768442657514,196.0250000476837,202.51231566879227,6.6188655727897,1.0257954944499443,56.72155148196714,202.0606682141622,201.62225081920627,198.37021797515536,89.3427644806249,75.1974717055615
2022-10-27,197.69735021591185,206.80432088661192,217.13871465492247,202.09345664408625,-0.7442388861887252,1.4839424735815725,-2.2281813597702977,189.29789084775726,196.23720019340516,203.17650953905306,7.072368887049689,0.9028354006938318,54.881957054491835,202.493000125885,202.26587433815004,200.0787716674807,91.9346986506679,84.84752301263785
2022-10-28,197.53304998397826,206.6469708595276,216.92181965351105,202.05892873478757,-0.440833332926843,1.429878421474764,-1.870711754401607,189.3747413751674,196.58039998054505,203.78605858592272,7.331004114439471,0.8214553471189877,53.748954140731136,201.7499981244405,201.9076246023178,201.0795984832009,88.7499731663629,90.00914543255192
2022-10-31,197.5182499154409,206.50684088611604,216.71871467828754,202.15775503632457,0.07041448916720583,1.5529009948550505,-1.4824865056878447,189.53908712826666,197.2112000989914,204.88331306971617,7.7806057332176755,0.9801675466135178,58.76631054819437,203.43266464869183,202.81312279701234,202.54343986762743,88.58642723245748,89.75703301649611
2022-11-01,197.4251166756948,206.37407090854646,216.52280971193315,202.20458832354612,0.3722823448395616,1.483815080421925,-1.1115327355823634,189.47514737595202,197.57529997348786,205.6754525710237,8.199559963844447,0.8565799420089363,56.365914305455334,203.59533303578692,203.55537464618683,203.33748298225828,90.24824963981187,89.19488334621077
2022-11-02,197.37528343200685,206.27854093551636,216.32391470909118,202.2209966115687,0.5463917851377857,1.3263396165761194,-0.7799478314383336,189.38258125402987,197.66974982261658,205.9569183912033,8.384862707645844,0.7988505545959623,54.93029863758264,203.30566755930582,203.75387461185457,203.650360430623,91.30384975438763,90.04617554221902
2022-11-03,197.27798345883687,206.1944509382248,216.12353471803664,202.07848704479517,0.3546157528918741,0.9076508674641661,-0.553035114572292,189.37000550824172,197.59260011196136,205.815194715681,8.32277585199091,0.560467686588416,47.6885818770078,200.51666682561236,200.9913737535477,203.16805826291937,76.1130693997837,85.88838959799442
2022-11-04,197.18061687787377,206.16323694229126,215.92410970830917,201.87650727557525,0.06798081187886851,0.49681274116092844,-0.42883192928205993,189.29826382905404,197.51535020828246,205.73243658751088,8.3204534438092,0.4642606118830842,45.058973749719236,197.01266775131228,196.9961263895035,201.83699509987463,55.17867520969953,74.19853145462363
2022-11-07,197.2467132218679,206.1611308813095,215.74526668882373,201.77018922836987,0.021116150779533882,0.3599584640492751,-0.33884231326974124,189.68399301077125,197.7711203289032,205.85824764703517,8.178269208044801,0.5862034618775649,49.13273764780208,198.6761310895284,198.86097447872163,201.30688523638366,42.57201237261561,57.95458566069963
2022-11-08,197.44537989616396,206.14715091800687,215.59174166774747,201.72127984133013,0.09245698163726956,0.34503943592560865,-0.2525824542883391,190.3158254888498,198.1553704214096,205.9949153539694,7.912523305210172,0.6510055403607152,51.48347280107177,200.04066702524824,199.9566242694855,201.18885512131908,44.87818893420788,47.542958838841024
2022-11-09,197.68992679278057,206.1912099943161,215.43924020624164,201.70865723131644,0.21720967827204163,0.37583370604830457,-0.15862402777626297,191.23038767719547,198.6314403438568,206.03249301051815,7.452045510870947,0.6869979222409754,52.99368365008132,201.23179817199707,201.16859788894652,201.0502917002584,57.83088782307715,48.427029709966895
2022-11-10,197.71114344914756,206.20165494441986,215.28138268756865,201.5718665905421,0.05888701678489383,0.17400883564892544,-0.11512181886403161,192.30923638846744,198.96546484947206,205.62169331047667,6.6908379964738165,0.4440397094041011,47.2486122650733,199.06582981745404,199.4209968328476,199.89318175997062,55.09370942425264,52.600928727179245
2022-11-11,198.14097686131794,206.2649649267197,215.1720027141571,201.7943032567673,0.6539977839640301,0.6152956822624494,0.03870210170158073,192.2485886822494,199.570814743042,206.89304080383462,7.337972809521642,1.0239654425127171,60.379029645219354,205.99166717529297,205.5803757429123,201.12368260456955,68.21961443254985,60.381403893293225
2022-11-14,198.69717712084454,206.34176502513884,215.07483273553848,202.0631150835941,1.2248797245972582,0.948942098316542,0.2759376262807162,193.03528263284258,200.42211509227752,207.80894755171246,7.371274827664529,1.056861807395229,61.96647203692743,208.0636664072673,207.91224911212925,202.6607485729259,78.26227036837425,67.19186474172558
2022-11-15,199.06969351768493,206.38710997962954,214.94822772455217,202.26634579701226,1.54623251933549,1.0162359144438189,0.529996604891671,193.43121977835386,201.01314029693606,208.59506081551825,7.543706354104216,0.9110012735919719,59.405972083310644,207.8728317578634,207.86824748516082,203.97314542854244,93.35836682695918,79.94675054262778
2022-11-16,199.3411266676585,206.40178995513918,214.8133477292061,202.52558702790407,1.9105318296704468,1.1044281798230207,0.8061036498474261,193.50284988910124,201.59829041957855,209.69373095005585,8.03125910802972,0.9495559406416707,61.402538521233204,208.80400063196817,209.07524960041047,205.4401406491458,90.24286025869351,87.28783248467566
2022-11-17,199.59642662684124,206.41310995006563,214.66710267066958,202.73199520906198,2.0873869293239693,1.0250266235812346,1.0623603057427347,194.11209197404648,202.19269001960757,210.27328806516866,7.992967544748998,0.8462804111941381,59.30765547969328,207.95549891789756,208.0291253089905,206.4204515916177,85.18048856980651,89.59390521848643
2022-11-18,199.88102650642398,206.44876998996736,214.50826264381408,202.8997992161869,2.1400981928575504,0.8621903096918526,1.2779078831656978,195.3115413860408,202.82053960800172,210.32953782996265,7.4045737541906,0.7790290834328537,57.789363955589224,206.56899808247886,206.32462284564974,207.4338447254308,82.49179859439408,85.97171580763138
2022-11-21,200.3323599592845,206.48907999134065,214.3747076187134,203.08372858987522,2.2031957103108084,0.7402302617160883,1.46296544859472,195.81362489309282,203.28798953056338,210.76235416803394,7.353473911302392,0.7877842414262902,58.63801863518768,207.46300099690757,207.69812622070313,208.3859506791503,79.54476532276173,82.4056841623208
2022-11-22,200.8027602005005,206.53462008190155,214.23315263414383,203.23534728224124,2.176469871158531,0.5708035380510488,1.6056663331074823,196.14567078249323,203.6310399913788,211.11640920026437,7.351894101412519,0.7216968302572309,57.267459637785,206.88466993967697,206.93812824487688,209.00920516066515,77.62360396511458,79.88672262742348
2022-11-23,201.38134009043375,206.58359411525726,214.10473464727403,203.4706435274488,2.3130385630775834,0.5658977839760806,1.7471407791015028,196.0903411960865,203.95045993328094,211.81057867047537,7.707870567946486,0.8361871352365609,60.79171427390361,208.62613439559937,208.4379741191864,209.60671085609192,82.71715363442955,79.96184097410197
2022-11-25,202.01070647875468,206.64032409000396,213.97524962282182,203.7432064255447,2.488254862375328,0.59289126661906,1.895363595756268,196.10269035532002,204.38010984897613,212.65752934263224,8.10002450803319,0.864901620882431,62.518678399162674,210.03699804941814,209.80224776268005,210.03546841715732,88.67957302126331,83.0067768736025
2022-11-28,202.51943967819216,206.694904088974,213.8318996238709,204.0042179261512,2.5954216036762148,0.5600464063359571,2.0353751973402576,196.30060863099536,204.83941008567814,213.37821154036092,8.337068976239738,0.8255485933732792,62.46370416144982,210.35899922053022,210.30912289619448,210.37886114937925,95.96623482886962,89.12098716152086
2022-11-29,203.05900641759237,206.70128412628176,213.69434961986542,204.15346428348437,2.4432768092684967,0.3263212895425909,2.116955519725906,196.36625949485926,205.00096011638644,213.6356607379136,8.424058713310359,0.6626599487860246,56.20008878430873,208.35400053660075,208.5343742609024,210.0080880500458,91.31312835822052,91.98631206945117
2022-11-30,203.46017337163292,206.70698418712615,213.57197962331776,204.28313246075174,2.2683114296079907,0.12108472790566793,2.1472267017023228,196.54293896613754,205.2063600635529,213.86978116096824,8.443618506494897,0.6300665588633299,55.3914448298298,207.48433434168496,207.55650200843812,209.47745441667323,83.55869328894401,90.27935215867808
2022-12-01,203.9794736925761,206.78263417243957,213.4800596408844,204.61528429994576,2.527614331186413,0.3043101035872722,2.223304227599141,196.54311041050937,205.71286029815673,214.88261018580408,8.915096386639975,0.8838787397858089,63.860335895307735,210.7120027224223,209.90787589550018,209.66079923923215,84.19884035987677,86.35688733568044
2022-12-02,204.5464401594798,206.87370409584045,213.3741196293831,204.9405671765738,2.7144908349888794,0.3929492859117909,2.3215415490770885,197.36054717098474,206.4290100479126,215.49747292484048,8.786035329843473,0.857336612279553,64.0781723584792,212.86233282089233,212.972124171257,210.5202869052676,87.2268043618066,84.99477933687581
2022-12-05,205.15723984082538,206.9708940963745,213.26598959016803,205.24791732899178,2.819439640303159,0.39831847298085643,2.4211211673223025,198.87088735896106,207.2215097045899,215.57213205021873,8.059609600888717,0.8326989371966429,63.73033564567244,212.15800021489466,211.77112660408022,211.36701861706408,90.65842476996526,87.36135649721622
2022-12-06,205.53130661328635,207.03962410831448,213.16067458581927,205.4132148050248,2.6050902278503827,0.14717524842246377,2.457914979427919,200.20663867899793,207.73638999938967,215.2661413197814,7.249332984378771,0.6146527219145275,55.571870482030974,210.05833333333337,210.39900138378144,211.20198436485526,73.20528164964604,83.69683692713932
2022-12-07,205.77173985163373,207.05636402511598,213.0508245377541,205.4872845451933,2.235076770829636,-0.1782705668786262,2.413347337708262,201.30269261288615,208.0753396654129,214.84798671793968,6.509802712245713,0.44290663014817166,50.98938768127376,207.7749966621399,208.1899991750717,210.66868060898,51.83658094096498,71.90009578685878
2022-12-08,205.91723985671996,207.0850140504837,212.95087456130983,205.55492055712998,1.9125305115794617,-0.4006534609030403,2.313183972482502,202.30244511207653,208.36596964359282,214.4294941751091,5.820071811042725,0.40484356185779313,50.80152247697499,207.34700075785324,207.24587695598606,210.03332404629242,30.627959644929092,51.88994074518005
2022-12-09,206.13264005978903,207.08317408657075,212.87276456308365,205.66217877869593,1.7240225989566795,-0.4713290988206582,2.1953516977773377,204.97490968723008,208.86944510936738,212.76398053150467,3.729157627721043,0.42560859775315435,53.03386055113263,208.0816657702128,208.02312524318697,209.57282298496793,23.981481231470003,35.48200727245471
2022-12-12,206.32434038798016,207.05870408058166,212.77379955863955,205.7132307796374,1.4509064232042022,-0.5955562196585085,2.0464626428627106,204.93570683654977,208.85544527053835,212.77518370452694,3.753542005008487,0.258728739214644,50.02694706540531,207.56000229517622,207.60050356388092,208.84194151637305,20.01653186404221,24.87532424681379
2022-12-13,206.47637358665466,207.0363840589523,212.66657706356048,205.84761370530717,1.3939752615449947,-0.521989905054173,1.9159651665991677,204.95958552098722,208.87999479770662,212.800404074426,3.7537431772881686,0.5331598779818307,54.57819140197252,208.45633020401002,208.1858719825745,208.55323432985253,25.102829841784445,23.03361431243224
2022-12-14,206.69947359720865,207.03463412475585,212.56285207509995,206.01221725322037,1.4056797507133467,-0.4082283327086569,1.8139080834220036,205.14332590497003,209.01997009277343,212.89661428057684,3.709352925543679,0.632206366468333,56.35841776457965,210.85633583068852,211.53237524032593,208.66958392887312,32.12250121160253,25.74728763914308
2022-12-15,206.9179403845469,207.02417419433593,212.46601206827165,206.1363265094968,1.3295885559308829,-0.3874556219928966,1.7170441779237795,205.15833348477048,209.03497039794925,212.91160731112802,3.70907978296516,0.5183190860404,54.16567823851916,209.50566638310752,209.61937298774723,208.69824577666907,40.98886162008025,32.738064224489094
2022-12-16,207.13534040768943,206.99284424304963,212.33575861644746,206.09603932689376,0.9303081258080965,-0.6293888416925466,1.5596969675006431,204.6904312689579,208.90097078323365,213.1115102975094,4.03113446384586,0.049705279185939595,45.27504671430227,205.58643522262574,205.93507599830627,207.82473631764506,31.532314710543705,34.88122584740885
2022-12-19,207.34360700766246,206.8988342766762,212.20057861590382,205.98152801716768,0.45268015240145587,-0.8856134520793499,1.3382936044808058,203.86956941230693,208.70922096014024,213.54887250797356,4.637697870337603,-0.07165479545098968,41.76690696703291,203.3016673088074,203.43212502002717,206.35278229807764,18.255572328606757,30.258916219743586
2022-12-20,207.42909367720287,206.76611426877977,212.06528358101843,205.81480131681013,-0.042039274605997434,-1.1042663032694426,1.0622270286634452,202.70918909792758,208.4162209057808,214.123252713634,5.476571624847956,-0.08578819716140734,39.31290543237418,202.02666614850364,202.31562526226043,204.6238826440457,7.64797884631574,19.14528862848875
2022-12-21,207.47112692038218,206.60950423669817,211.9572035458088,205.65673056533663,-0.42485319322548776,-1.1896641775111463,0.7648109842856586,201.78056553499897,208.15792050123213,214.53527546746528,6.12741994239456,0.000269047219029933,39.455966957134905,201.6673326810201,201.56787488460543,203.62750197798368,7.5507085577064466,11.15141991087633
2022-12-22,207.56104685624442,206.4816841893196,211.8673035504818,205.5955647142194,-0.5354238400470024,-1.040187859466129,0.5047640194191265,201.30762164879127,207.9010004925728,214.4943793363543,6.342806266598096,0.2115288518334126,45.39389685050596,203.8346671104431,203.6465008020401,203.44224478784514,13.434662894511147,9.544450099511128
2022-12-23,207.68506369749704,206.34742417764664,211.74390356707576,205.45224849519707,-0.7879401905633188,-1.0341633679859563,0.2462231774226375,200.50650695219034,207.4770006775856,214.44749440298088,6.719292936210559,0.10289760191117073,41.32536704522852,201.4879966259003,201.82762306928635,202.9627433240282,17.370547870974267,12.785306441063971
2022-12-27,207.53283023039504,206.19371414995194,211.6295085570812,205.3434151254334,-0.9180892942433729,-0.9314499773328083,0.013360683089435416,199.95704607783782,207.0909005713463,214.2247550648548,6.889587590596006,0.19063687736134616,43.19700925017632,202.04066638946531,201.86712491512301,202.54917794583906,22.14006363906691,17.648424801517457
2022-12-28,207.30576316197713,206.0318040370941,211.52240849733352,205.20590836711506,-1.0766043373102434,-0.8719720163197431,-0.20463232099050038,199.31211649558622,206.79225020885468,214.27238392212314,7.234442979090098,0.16877213626876178,41.56728244573147,201.8889987309774,202.04037251472477,201.870195145869,18.910672917759697,19.473761475933642
2022-12-29,207.06191313743594,205.85839403820043,211.41417347431184,204.99900990328783,-1.3406530166845982,-0.9088165565552783,-0.43183646012932,198.37122918865822,206.41574994564058,214.46027070262295,7.794483472410301,0.09688385411331746,38.05695445044216,200.80199712117516,201.06312210559847,200.87755955895238,14.185350386008203,18.412028980944953
2022-12-30,206.85478004932403,205.71125404787065,211.30093848061563,204.90740184988036,-1.3142330130055484,-0.7059172423009827,-0.6083157707045657,198.2639828508958,205.91124995470045,213.55851705850512,7.427731224483392,0.2876205074825209,45.19954924029025,202.2240004062653,201.95387455224994,200.80412156429924,14.152470506609388,15.749497936792446
2023-01-03,206.67108007272086,205.56907405424118,211.16661348795893,204.80428790868248,-1.309269469740542,-0.560762959228781,-0.748506510511761,198.29488368866075,205.37964988946914,212.46441609027752,6.899190065443442,0.2811040299551118,44.422444037727956,201.74066616694134,201.6858757734299,200.6330047457559,15.188711353824077,14.50884408214724
2023-01-04,206.49564685344697,205.38566408872603,211.01883850979803,204.68443351275496,-1.3327390502353467,-0.4673860317788685,-0.8653530184564782,198.4510054719924,204.82815012693408,211.20529478187575,6.226824438915933,0.25850090588608876,43.318353769724595,202.12333192825318,202.41374859809878,200.6931540508062,19.460534573360555,16.26723881126469
2023-01-05,206.34781371275585,205.21698418283464,210.8680435063839,204.6244558857648,-1.2236994163317263,-0.2866771183001984,-0.9370222980315279,198.4684489920359,204.5127501797676,210.55705136749933,5.910928470150395,0.38768377740525095,47.078799943049816,202.93199961980187,202.9387498378754,201.3530631667965,22.02817209640301,18.89247267452923
2023-01-06,206.15988024234773,205.00095418596268,210.7107235443592,204.49455569938053,-1.2713443849195585,-0.2674576695104245,-1.003886715409134,198.15785955862447,204.21325057744983,210.2686415962752,5.93045848073291,0.2604407844625429,43.049915289573576,201.50399907430014,201.65674922466278,201.6629011982089,23.190108371742884,21.559605013835498
2023-01-09,206.02686665058138,204.8160840563774,210.5624234917164,204.52398464379868,-0.9804418055684891,0.01875592787251601,-0.9991977334410052,198.19514802501698,204.11490012407305,210.03465222312911,5.800411528465286,0.5954510965206324,52.409588959547555,204.11533295313518,203.74825038909913,202.61481892732488,48.47368064119748,31.230653703114474
2023-01-10,205.85703332742057,204.6294940056801,210.42493845009804,204.55543613753483,-0.7348916995839829,0.21144482708561774,-0.9463365266696007,198.33086241204435,203.96669975042343,209.6025370888025,5.526232806899526,0.6205941461785826,52.582440512946675,206.07499802907307,206.11037509441377,203.36954631595836,61.85241909066667,44.505402701202364
2023-01-11,205.7229331000646,204.46900388765334,210.2823934466839,204.62683051921312,-0.4503740079618126,0.39677001496623054,-0.8471440229280431,198.3584662940945,203.9372991538048,209.51613201351506,5.471125569337709,0.7185666588201653,54.870564205130556,205.7809999148051,205.5941241502762,204.15339313486115,81.74570735231633,64.02393569472684
2023-01-12,205.7446664762497,204.32359394598006,210.14778842759134,204.77722937429104,-0.055923586530838065,0.6329763491177641,-0.6888999356486022,198.44448420604533,203.90339945077898,209.36231469551262,5.354413177453075,0.9175373374150453,59.09377856151615,207.8926664352417,207.68637466430664,205.30765517601628,84.15015046904044,75.91609230400783
2023-01-13,205.81109955310822,204.2138739657402,210.0104934227467,204.96059273645838,0.33280970761069284,0.8173677146074361,-0.48455800699674323,198.54350898895476,203.87379899740222,209.20408900584968,5.229009352511631,1.0233482702924175,60.962747220638256,208.96599998474122,209.01387515068052,206.78116011441438,91.89478903344,85.9302156182656
2023-01-17,205.72059930324556,204.1474039731026,209.86383338284494,205.15970662382546,0.6802469332282897,0.9318439521800264,-0.2515970189517367,198.40511116493465,203.9168486762047,209.42858618747474,5.405867682882854,1.0552829915791573,62.064611516225405,209.40566708246865,209.06387407779692,208.02197107398902,96.41893246875675,90.82129065707909
2023-01-18,205.61513277848562,204.08134394693377,209.72124336886407,205.33956134097596,0.9214104392783327,0.9384059665840555,-0.01699552730572282,198.0926444622208,204.1486986041069,210.204752745993,5.932983343313144,0.962124609185973,61.13702163766168,209.9973366101583,210.00775210857392,209.08116751408843,93.33321057856189,93.88231069358623
2023-01-19,205.4390661064784,203.98847397089006,209.58235833716392,205.42412740223241,0.9203681434906059,0.749890936637063,0.17047720685354292,198.15657304063882,204.36469835281372,210.57282366498862,6.075535904402861,0.75219348778774,54.391217104210284,208.6239976247152,209.11749799251558,209.36286964311714,84.87750255184989,91.54321519972285
2023-01-20,205.3368326997757,203.85994396352768,209.43651832032208,205.46224008319405,0.821314104371254,0.5206695180141688,0.30064458635708513,198.4530809734162,204.59799853324893,210.74291609308165,6.006820793835008,0.646299947558139,51.40496600959607,206.48966474533083,206.4953742742538,209.04677333066735,71.23933797865615,83.150017036356
2023-01-23,205.39873312473298,203.8183870329857,209.2962333767414,205.60721129279582,0.9547586267094061,0.5232912322818568,0.43146739442754933,198.65858432508242,204.96674897193913,211.27491361879584,6.155305363915711,0.8322881686505615,57.688847861454526,208.14950237274172,207.80612764358526,209.50623053770815,68.52296200626567,74.87993417892393
2023-01-24,205.52313323179885,203.80590713739394,209.17840837359432,205.8164973621589,1.1908219112523,0.6074836134598005,0.5833382977924995,198.50334026612353,205.3090992069245,212.11485814772544,6.629768448734607,0.9139807847768378,61.18121061703646,210.6096676508586,210.3073748111725,210.17433299536236,76.23604655436976,71.99944884643054
2023-01-25,205.61106634616854,203.8123771071434,209.07023838353157,206.01694839259005,1.3609242125316712,0.6220687317913374,0.7388554807403338,198.71882673814517,205.7584490823746,212.79807142660403,6.842608287167972,0.8671752050744664,61.13247972382273,210.64300152460737,210.55450119972232,210.571027418493,88.0002228948527,77.58641048516273
2023-01-26,205.74649950504306,203.83285713529585,208.95780839800835,206.213420987741,1.4865836486106048,0.5981825342962167,0.8884011143143881,198.92946634105292,206.17594918251038,213.42243202396784,7.029416253631753,0.83471757903543,61.33758546047895,210.13533579508467,209.89387652873995,210.92303235001637,91.36386817593598,85.20004587505282
2023-01-27,205.8648331562678,203.8671771435738,208.85707339739798,206.46740467139662,1.700755045145712,0.649883144665059,1.050871900480653,199.23161703488165,206.71859978914262,214.20558254340358,7.243646930559559,0.8987858211920168,64.70674615835574,212.0853349685669,212.09062733650208,211.26231302009845,93.7715115111938,91.04520086066084
2023-01-30,205.9654662624995,203.91990712022783,208.7750184004307,206.72609458091225,1.8790054789717772,0.6625068627928992,1.216498616178878,200.0838197368734,207.37529978036883,214.66677982386426,7.0321586526629085,0.8900921040543849,65.43621691628186,213.0590024630229,212.82650258541108,211.84420205252513,93.31947173048377,92.8182838058712
2023-01-31,206.0204995107651,203.96014715623858,208.68408342909814,206.88695364582694,1.8188771080534707,0.481902793499674,1.3369743145537967,200.68128987292522,207.7835495901108,214.88580930729637,6.836209826231208,0.7143297533008467,57.7508037346251,211.42533458073936,211.50875155925755,211.73487681881417,84.76488763431009,90.61862362532923
2023-02-01,206.29593273639682,203.99479713106155,208.5942634046078,207.14126919391492,1.953980163234661,0.4936046789446913,1.4603754842899697,201.3100738798753,208.33824977874755,215.36642567761982,6.746889643487062,0.8581121485683437,63.06585682793191,212.58066765467325,212.22925076484682,212.1894057827207,82.50655195345202,86.86363710608198
2023-02-02,206.70216625849406,204.04068720388412,208.52709341979028,207.46369026834168,2.196389281964656,0.5888110381397491,1.6075782438249069,202.03868932885806,209.0190000677109,215.99931080656373,6.6791160005469274,0.9544214979409767,66.60656846201316,214.4836689631144,214.08012712001803,213.159119396629,82.36164507602489,83.21102822126234
2023-02-03,207.23576638857523,204.08353717470172,208.4711684472561,207.8666044170532,2.5507391271104893,0.7545287066284658,1.7962104204820235,202.33700926986052,209.7481499195099,217.15929056915928,7.06670419023327,1.0390432808311312,70.26807769402302,217.48266496658326,217.39237239360813,214.61375181512543,91.48875197788168,85.45231633578622
2023-02-06,207.69463322639467,204.08632713365554,208.39117347788815,208.1679141375146,2.624754184945175,0.662835011570521,1.961919173374654,203.72236670535744,210.46004997730256,217.19773324924768,6.402814474929331,0.8777227354029629,63.37395440892608,216.05067024230956,215.87637624740603,215.43225928862012,86.41988090087449,86.75675931826038
2023-02-07,208.03029968897502,204.151777033329,208.3043284556866,208.4031722199359,2.542506113084926,0.46446955176821714,2.0780365613167087,204.43241224391045,210.9061500501633,217.37988785641613,6.13897489922706,0.7518518116338415,59.40645720516659,214.17299734751384,214.1928717136383,215.76930623358402,78.6779177478697,85.52885020887531
2023-02-08,208.50903290430705,204.23333704137804,208.24248344397546,208.7129692932369,2.6194856617515825,0.43315928034789897,2.1863263814036835,205.10662161819147,211.45500004291534,217.80337846763922,6.004472273945242,0.8818295966191458,63.23475171963851,215.52899824778243,215.09187257289892,216.24044772221515,74.97678524835736,80.02486129903387
2023-02-09,208.9040331331889,204.31718706655505,208.1970234696865,208.94097067125423,2.508270917752128,0.2575556290787553,2.250715288673373,205.8321527775306,211.86255062103274,217.89294846453487,5.692745438800036,0.7209185762525212,58.31071798856309,214.94800106684372,215.0949995517731,215.97185280726518,72.04731746791772,75.23400682138161
2023-02-10,209.2718667586645,204.39567706727982,208.13696345353128,209.09512874503181,2.2605295533260517,0.007851411722143098,2.2526781416039086,206.2467617206211,212.08305063247684,217.9193395443326,5.503776840676979,0.5675901186541971,54.08424477762745,213.7850007692973,214.36975102424623,215.43202474552194,65.19768513693496,70.74059595107003
2023-02-13,209.71153343359632,204.465417034626,208.1029584105015,209.25296674669627,2.0604523486153425,-0.153780634390853,2.2142329830061955,206.5428168676274,212.26640076637267,217.98998466511793,5.392830780642316,0.5745684029625263,54.61509521210094,212.8096632321676,212.6901217699051,215.0552706689101,53.63118788194267,63.625396828931805
2023-02-14,210.12426658948263,204.5746870570183,208.07670841765403,209.4801052749822,2.0337771331293766,-0.14436467990145552,2.178141813030832,206.76699636745244,212.51675088405608,218.26650540065972,5.411107117613114,0.7198570675174122,58.6147850361382,214.43366734186807,214.16762707233426,215.0641514683816,53.08604317097511,57.304972063284275
2023-02-15,210.54196669896447,204.70771703481674,208.02805843043328,209.6890815243472,1.9708746227341578,-0.16581375223733952,2.1366883749714973,207.0849374076156,212.7699007701874,218.4548641327592,5.343766521480058,0.679341425225933,57.940625122152476,214.59566793441775,214.51000142097476,214.93043684676468,55.38178586975486,54.0330056408909
2023-02-16,210.997700064977,204.86342704915998,208.01632843852047,209.91382349566328,1.9478728324370138,-0.15105243402758672,2.0989252664646005,207.91893970668278,213.166101064682,218.41326242268124,4.923072976229988,0.7147733388062931,59.247477216804604,214.81500021616617,214.5785013437271,215.02769473379809,59.46888863206899,55.978905890933
2023-02-17,211.32899991671243,205.02254197740555,207.9889834406376,210.03853628314977,1.722103471414357,-0.30145743604019515,2.023560907454552,209.26800460162667,213.50100100517275,217.73399740871884,3.9653176178256175,0.4519251388610737,52.553047411790594,213.71266555786136,213.61037330627445,214.56839311767405,47.57068857178046,54.14045435786812
2023-02-21,211.71070009549462,205.2045420460701,207.95623848509788,210.145378252298,1.4991895272240754,-0.4194971041843816,1.918686631408457,209.92264901446552,213.68120103359223,217.43975305271894,3.5179061152280204,0.37785262349832466,51.658549338927756,212.30533927281695,212.25025565624236,213.78699669701714,38.09443441528316,48.37800387304423
2023-02-22,211.84226696014406,205.35583207941056,207.87803850102424,210.10799085893444,1.0225904319007952,-0.7168769596061295,1.7394673915069248,209.51583705995435,213.59360071659088,217.67136437322742,3.81824515618065,-0.03970771306229816,43.129307432466454,209.85833193461102,210.11425011157993,212.42215016941472,18.66362897305473,34.776250653372806
2023-02-23,211.96216712951662,205.4692221455574,207.8317384979725,210.06152073957415,0.6160746874068934,-0.8987141632800251,1.5147888506869185,209.07410139413582,213.49335092544555,217.91260045675529,4.139941138357031,-0.017095502055123543,42.55926959193771,209.10100320180263,209.17700302600863,211.31566550915048,10.605901934936751,22.45465510775823
2023-02-24,212.07916728337608,205.62459212827684,207.79525850272182,210.0546374747326,0.3673787395403565,-0.9179280889172496,1.2853068284576061,208.86434614885255,213.43630082130434,218.00825549375614,4.284139722117449,0.11173025658126917,45.34428781653456,209.484331480662,209.6653725385666,210.84597471865993,9.185759621746431,12.818430176579325
2023-02-27,212.05970041910808,205.78374211168293,207.77619144654275,209.9692789618278,0.008162331693682745,-1.0217155974111387,1.0298779291048215,208.02474535616037,213.1957003450394,218.36665533391843,4.850899882605769,-0.014189831550996825,40.89210938120356,207.6530001004537,207.62662432193758,209.86670125416325,12.316474156770303,10.702711904484515
2023-02-28,212.02896720886235,205.90835203599931,207.75847646069528,209.91287581831241,-0.2212766030696116,-1.0009236257395466,0.7796470226699349,207.41191862985195,212.96905041694646,218.52618220404096,5.2187224164401975,0.1006886479579269,42.85704638205731,208.90566355387372,209.04512202739718,209.07018400422842,16.012304617239593,12.504846131918795
2023-03-01,211.95950066566468,205.98055201482774,207.7510964391232,209.83605718106057,-0.4445431306875207,-0.9793521226859645,0.5348089919984438,206.91667533040533,212.8253504085541,218.73402548670288,5.552604580991953,0.08777985117347067,41.54290012760409,208.33499828974405,208.32024869918823,208.51276183558048,13.809973461254785,14.046250745088246
2023-03-02,211.87160044988,206.05034200048445,207.74052142310143,209.7291135832787,-0.6818088464529808,-0.9732942707611397,0.29148542430815894,206.10940652224158,212.5122001743317,218.9149938264218,6.0258127738903084,0.07805881070789952,39.62653984297702,207.23666601181034,207.29812483787538,207.7688754379356,12.056712175368432,13.959663417954289
2023-03-03,211.8974674542745,206.14833205080032,207.7165064446926,209.67197211079133,-0.7671551134822607,-0.8469124302323358,0.07975731675007502,205.64125747228303,212.1576501464844,218.67404282068577,6.142972143311469,0.20185620281780284,43.490318333756,207.63733676274623,207.26887736320498,207.2882880667802,13.876194253089665,13.247626629904312
2023-03-06,212.0503339036306,206.31765204668048,207.70921143698692,209.7233455279147,-0.6090979426182628,-0.5510842074946702,-0.058013735123592536,205.8152426331919,211.81984980583192,217.82445697847194,5.6695415261074364,0.43023227545899334,51.30977144531818,210.2706644376119,209.98362216949465,207.56558758913818,26.284003381311052,17.4056366032564
2023-03-07,212.1175671164195,206.50103208971024,207.68741644835475,209.7803124606124,-0.46284626296684905,-0.3238660222746052,-0.13898024069224385,205.84232276064174,211.60114980697637,217.359976853311,5.443096175600049,0.46308731866323044,51.82372491341418,211.48799985249835,211.47524933815,208.1504584283096,41.71451907429295,27.291572236231243
2023-03-08,212.039333635966,206.66822205781938,207.68534646201132,209.73390811501778,-0.5487192590614427,-0.3277912146953591,-0.22092804436608363,205.5483874611193,211.3226501274109,217.0969127937025,5.464878149890871,0.2639829847563749,45.020583995530444,209.38599739074706,209.81824760437013,208.21344557018068,43.16259384702378,37.053705434209284
2023-03-09,211.97090020815534,206.84157195806506,207.68832142996789,209.70022527928506,-0.5875692890472521,-0.2933129957449348,-0.29425629330231734,205.56350585307268,210.95125003814695,216.33899422322122,5.108046701880161,0.3073169249510935,45.8458266509706,208.690331808726,208.7007478952408,208.55729749889178,36.98130536797658,40.61947276309779
2023-03-10,211.80506698290506,206.95072194910048,207.6766914741993,209.5571577315261,-0.8365074226003628,-0.43380090343843636,-0.40270651916192646,205.00003655524344,210.52749995708467,216.0549633589259,5.251060695603174,0.09515813852680001,39.3813807967983,207.2279998143514,207.7481252193451,208.15852016134565,22.42291727950737,34.1889388315026
2023-03-13,211.5272001806895,207.07803197908405,207.64279650330548,209.3531123637993,-1.1574647212642333,-0.6038065616818454,-0.5536581595823878,204.07247320370323,210.10159992218018,216.13072664065714,5.739248745092942,0.023347299197264148,36.08545970074171,205.01933320363366,205.32625041007998,207.50550130047648,16.886902861112052,25.430375169532017
2023-03-14,211.2507336552938,207.17148205327987,207.61520650982857,209.17338253001006,-1.3625512663139432,-0.6471144853852442,-0.715436780928699,203.39790988201642,209.68410011291502,215.97029034381362,5.995867333301361,0.10913539598373573,37.46629112644096,204.8249980926514,204.45224833488464,206.75844463977182,13.554266043999723,17.621362061539735
2023-03-15,211.12806674639387,207.27122204065324,207.59187646985055,209.093955508019,-1.3180066012016312,-0.4820558562183457,-0.8359507449832855,203.4214495425985,209.2892498254776,215.1570501083567,5.607359468077936,0.3175418169491051,44.80681993492163,206.72133340835572,206.72062573432925,206.63227432670203,26.055278216097623,18.832149040403152
2023-03-16,210.9059334723155,207.3792920231819,207.55077648091319,209.00038869985042,-1.3031859591384887,-0.37378817132416253,-0.9293977878143261,203.49774850035402,208.88419993877415,214.27065137719427,5.157356506618444,0.29799334831716345,43.78273789482158,205.97633759180704,205.81600246429446,206.55427041609224,36.34070512422495,25.316749794774115
2023-03-17,210.69910015741985,207.5263320384026,207.501541520834,209.00656981534365,-1.0812812090822206,-0.12150673701431558,-0.959774472067905,204.0885355129575,208.57110020637515,213.0536648997928,4.298356473147322,0.5654655290769914,50.558931667170796,208.03066759109495,207.49312629699708,206.89243879653606,51.30252924257845,37.899504194300356
2023-03-20,210.36993368148805,207.6225521082878,207.4510865647793,208.9617242062138,-0.9984067904078131,-0.030905854671926414,-0.9675009357358867,204.33101957001622,208.3095505666733,212.28808156333037,3.8198258177160906,0.44388082127338657,47.31268665590916,208.24533522923787,208.42575232982637,206.9754203712548,53.74051691865157,47.12791709515167
2023-03-21,210.16323372522993,207.71515218400955,207.4165415627957,208.97691163346323,-0.8035577783956,0.1311545258722293,-0.9347123042678294,204.68029677736632,208.13885042190554,211.59740406644477,3.3233138719932387,0.6749507602808751,51.18581693349167,208.96966867446898,208.83625285625456,207.35080121994028,62.745565469053986,55.929537210094686
2023-03-22,210.05993399302167,207.79736218976979,207.37452155756952,209.05891522717096,-0.5046127634920481,0.34407963262062513,-0.8486923961126732,204.56924207537648,208.23265059947965,211.89605912358283,3.5185726287943915,0.8869828678504679,55.2811504152944,210.7463367144267,210.68875324726105,207.9925132246333,69.25809738284906,61.91472659018489
2023-03-23,209.80840058008832,207.86665215063098,207.33548651862148,209.047075226149,-0.44899993118647785,0.31975397194095634,-0.7687539031274342,204.56648791339816,208.2243502187729,211.88221252414766,3.5133857318143447,0.5728082330430093,49.29366205972322,210.01633240381875,210.2583748102188,208.13808589788593,70.91261725712293,67.63876003634202
2023-03-24,209.62056709925335,207.94344220113754,207.2952065303326,209.04099384503058,-0.38954220129673445,0.30336936146455984,-0.6929115627612943,204.58201715245224,208.17465034484866,211.76728353724508,3.451556840801794,0.5998361959549576,49.63683503178232,209.24399696985884,209.28174912929535,208.60059270229968,67.92980616003243,69.36684026666815
2023-03-27,209.52123384157818,207.99657224512103,207.25170656561852,209.07436678531673,-0.2587468983440431,0.34733173153380104,-0.6060786298778441,204.60946605478867,208.27535076618196,211.94123547757525,3.520229060143324,0.7204997133598172,52.21651459687364,209.14199953079228,209.0063753604889,209.3635187079879,62.26698574489876,67.03646972068474
2023-03-28,209.40670082410176,208.05989227914813,207.21698159384727,209.098274255037,-0.1699155813942923,0.3489304387868415,-0.5188460201811338,204.61692693354723,208.33300118923188,212.04907544491653,3.5674369729923696,0.6817786703111508,51.624209674289226,209.95733823776246,210.09125270843506,209.82653769838942,65.21605958334042,65.13761716275722
2023-03-29,209.2170007991791,208.12720226717,207.2028716013432,209.10830265563584,-0.12470752359888593,0.3153107972657983,-0.44001832086468423,204.66543948242992,208.4030010843277,212.1405626862255,3.5868596732783486,0.6272216336843538,50.642669462042875,209.18099721272787,209.21449825763705,210.21839565926885,66.68580052353337,64.72294861725754
2023-03-30,209.1108007526398,208.25756222295763,207.22600658059125,209.20691816865443,0.09313589370202635,0.4265233716533685,-0.33338747795134216,204.69113970406036,208.6287012243271,212.56626274459384,3.7747074080980783,0.8802222514963967,56.73378955554249,211.3096666653951,211.22675030231474,210.80708284399012,72.19255772061474,68.03147260916286
2023-03-31,209.01556757291158,208.4139122576714,207.28857459998133,209.3385294718861,0.33773596424225616,0.5368987537548786,-0.1991627895126225,204.55482856785915,208.84325124263765,213.13167391741615,4.106833856743726,0.9336973568745166,58.99166259810759,212.36967086791992,212.44600281715395,211.28935200995153,81.35142564238623,73.40992796217813
2023-04-03,209.08186742782593,208.573088239193,207.36710956025124,209.56380263863562,0.7265501026577112,0.740570313736267,-0.01402021107855575,204.0388678294934,209.04830129146575,214.0577347534381,4.792608627790707,1.1023329762081784,64.3610767928808,214.41933345794678,214.07362630367282,212.19487351428012,92.88809031104006,82.1440245580137
2023-04-04,209.18010069847108,208.72495828676227,207.4360546023846,209.80483016715124,1.072914634348848,0.869547876341923,0.20336675800692502,203.54271671808925,209.27500140666962,215.00728609524998,5.478231656958599,1.0612948029198246,65.56906763706021,215.4153371810913,215.2565020561218,213.25570411807888,96.76391537264571,90.33447710869069
2023-04-05,209.37843391736348,208.86238421678547,207.5267971055508,210.01413079935315,1.28674470417252,0.8667023569324759,0.420042347240044,203.33941573799524,209.60225113868714,215.86508653937904,5.975923795348915,0.9422713352007019,63.470250407486475,215.2719996452332,215.44825112819677,213.93135984902864,94.62552925245025,94.75917831204536
2023-04-06,209.5765670681,209.02884923124316,207.6152520878315,210.20443929103897,1.4176743900926851,0.7981056342821129,0.6195687558105722,203.2458917146431,209.90185121536257,216.55781071608203,6.341973129041481,0.8729850009936236,62.428368219452096,214.82299998601277,214.8723741054535,214.60949125709138,89.36643471242235,93.58529311250612
2023-04-10,209.76270060221353,209.11110925054552,207.6880370886326,210.41093200548926,1.5522018513141518,0.7461064764028635,0.8060953749112882,203.5425677277499,210.37275125026704,217.20293477278418,6.493410845201809,0.8731416763876318,63.83043000084013,215.04833307266236,214.91737568378448,215.14512537212144,86.57611236534588,90.1893587767395
2023-04-11,210.01386759122215,209.1787492527962,207.76025713896755,210.60709173334922,1.6353650650171403,0.6634157520846816,0.9719493129324587,204.3481523998515,210.92570146083835,217.5032505218252,6.23683981177427,0.8411075739210362,63.588876038791696,214.91333637237554,214.71762704849246,215.6471222097795,86.60324666903034,87.5152645822662
2023-04-12,210.24496765454612,209.26093427705763,207.82402212834361,210.79755875172395,1.685952818053778,0.5712028040970554,1.1147500139567226,205.24258513255188,211.4604014158249,217.6782176990979,5.880832762675056,0.8219457687138354,63.721156144217815,215.56366704305015,215.6027491092682,216.20307402243984,88.60774527949924,87.26236810462517
2023-04-13,210.47760086059574,209.3214942727089,207.86164211392403,210.95973279086724,1.6640146703504684,0.4394117251149965,1.2246029452354719,205.78767271293566,211.8496515798569,217.91163044677813,5.7229066195902325,0.754318370099089,61.22683878973012,215.36833432515462,215.66249980926514,216.27741971131215,86.16221287262367,87.1244016070511
2023-04-14,210.81093415578206,209.41469425916677,207.91390210461617,211.20088030076315,1.8014473823549224,0.46147554969556026,1.3399718326593621,206.37715531118346,212.36970119953156,218.36224708787967,5.643503620808713,0.8954323572971226,66.93820290346375,216.5696644465129,216.3057492733002,216.71466203270393,88.9015571734114,87.89050510851148
