,BBL_20_2.0,BBM_20_2.0,BBU_20_2.0,BBB_20_2.0,BBP_20_2.0
2019-01-09,45.74423983531747,46.96789991140365,48.191559987489825,5.2106229079621915,0.4130065407194508
2019-01-10,45.75758094525953,46.925600013732904,48.09361908220628,4.978174250863296,0.4963189180601895
2019-01-11,45.78382576976909,46.883250018358225,47.98267426694736,4.690051343107112,0.5258093495564751
2019-01-14,45.83090666721881,46.83844994425773,47.84599322129665,4.302205893824383,0.5568460421819421
2019-01-15,45.89303390451396,46.78887492418289,47.68471594385182,3.829290706906534,0.5363483259970833
2019-01-16,45.92952708216159,46.76432489275932,47.59912270335705,3.570233559501175,0.6824842890360655
2019-01-17,45.94676954514002,46.752124840021125,47.55748013490223,3.445213656649447,0.7352218617309743
2019-01-18,45.977638475259184,46.738374882936476,47.49911129061377,3.2552967859181026,0.8316689496779758
2019-01-22,45.96877418080816,46.7422748887539,47.51577559669963,3.30964083278642,0.9296855940746422
2019-01-23,45.96407547566608,46.7456748855114,47.52727429535672,3.3440501683186667,0.8168668348069075
2019-01-24,45.96852331336967,46.781374832391734,47.594226351413795,3.475107441516393,0.8159398571422171
2019-01-25,46.14589838216839,46.86847492814064,47.591051474112895,3.083422479951038,0.9349203120484435
2019-01-28,46.16833315988073,46.93427497267723,47.70021678547373,3.263891104070068,0.9881086915277176
2019-01-29,46.21877192468228,46.984025080204006,47.74927823572573,3.257503605599573,0.8070726369189494
2019-01-30,46.28229908332458,47.030525074005126,47.77875106468567,3.181873855344674,0.7489054423278924
2019-01-31,46.29055868942265,47.09085005164147,47.89114141386028,3.3989251047334554,0.962424940074219
2019-02-01,46.29548124070225,47.14510006904602,47.994718897389795,3.60427203293436,0.9136562018593615
2019-02-04,46.46620075210444,47.23390005111695,48.00159935012945,3.250628460413791,0.9279665974563115
2019-02-05,46.51394407599997,47.30804998636246,48.10215589672495,3.3571703360903995,0.9873084429584195
2019-02-06,46.55230919515257,47.38634995222092,48.22039070928927,3.5201730367893043,1.0081579429789822
2019-02-07,46.59712911731146,47.46189997315407,48.326670828996676,3.644063370121082,0.9649205656477782
2019-02-08,46.65044942782256,47.52174996972084,48.393050511619116,3.666954783666176,0.8398659814101406
2019-02-11,46.699486964392584,47.589349888563156,48.47921281273373,3.7397565894651024,0.8948076366827583
2019-02-12,46.77168068222183,47.65334985136986,48.53501902051789,3.700344978466139,0.828722532531902
2019-02-13,46.87008608950602,47.73157493710518,48.59306378470434,3.609723118226568,0.898685570072942
2019-02-14,46.94410536785165,47.799174867868416,48.654244367885184,3.57775841269412,0.863609981443134
2019-02-15,47.019091535689306,47.86722491383553,48.71535829198175,3.543691449307638,0.8683236653926285
2019-02-19,47.08013649706598,47.9352249777317,48.79031345839742,3.5676831852273647,0.890472149291919
2019-02-20,47.11851939502241,48.00017503619194,48.88183067736147,3.6735517756123404,0.9002839721254483
2019-02-21,47.2090252758732,48.075425049066546,48.94182482225989,3.6043353638957205,0.886989919003903
2019-02-22,47.314947352048186,48.14672505736351,48.978502762678836,3.455178745072771,0.8452090161187837
2019-02-25,47.37259494411085,48.21977494597435,49.06695494783785,3.5138281039788493,0.9356950036978765
2019-02-26,47.41291798872404,48.285024946928026,49.15713190513201,3.6123289121733007,0.9024596698146212
2019-02-27,47.52560237856271,48.36212478399277,49.19864718942283,3.4594113024038915,0.8788742788864251
2019-02-28,47.694446151120324,48.43702479839325,49.17960344566618,3.0661612696639504,0.8124083944970563
2019-03-01,47.780179541927275,48.48747478723526,49.19477003254324,2.9174348567815445,0.7492059815309624
2019-03-04,47.877236877523494,48.53862468838692,49.20001249925034,2.725202104960604,0.751269824870301
2019-03-05,47.98424150922286,48.5854247701168,49.18660803101074,2.4747473701771847,0.7009172951477983
2019-03-06,48.058784851894465,48.62442482113838,49.1900647903823,2.326567239919386,0.7100056820761808
2019-03-07,48.11053983187952,48.65667483448982,49.20280983710012,2.244851315746618,0.7035433131389359
2019-03-08,48.16444398655672,48.6861748957634,49.20790580497008,2.1432405003009656,0.6627523027421587
2019-03-11,48.267270283850316,48.72597484588623,49.18467940792214,1.882792754733932,0.7005920248813238
2019-03-12,48.320995245816924,48.768524832725525,49.216054419634126,1.8353214022511988,0.9183792085536244
2019-03-13,48.39620090388583,48.81942497253418,49.24264904118253,1.733834713892915,1.0098678823517566
2019-03-14,48.42503923079736,48.86594987869263,49.306860526587904,1.8045720956609324,1.0477861881091801
2019-03-15,48.46983327216541,48.91344988822937,49.357066504293336,1.813883981104002,1.0157029334258605
2019-03-18,48.486564089248056,48.966099839210514,49.44563558917297,1.95864384354525,1.1036038850642813
2019-03-19,48.48387418787645,49.01834985494614,49.55282552201582,2.1807166852874165,1.08903702268695
2019-03-20,48.47530030175022,49.068599829673765,49.661899357597314,2.4182451913565965,1.0413791137735953
2019-03-21,48.48320555039367,49.11599982500076,49.748794099607856,2.5767337603295273,0.9567053700594592
2019-03-22,48.438802747228195,49.18709985971451,49.93539697220082,3.0426559590645317,1.1387170299980722
2019-03-25,48.43494857814351,49.23326487302781,50.0315811679121,3.2429955516586024,0.9058757985114821
2019-03-26,48.44275726704585,49.27681481599808,50.11087236495031,3.3851926187463235,0.8484080612597931
2019-03-27,48.458215950476465,49.32086488008499,50.183513809693515,3.4981094987117705,0.8223413446752538
2019-03-28,48.498769530924534,49.368414933681485,50.23806033643844,3.5230841578575296,0.7780366233600997
2019-03-29,48.55724612512537,49.42191491365433,50.286583702183286,3.4991310637786235,0.7822374828322408
2019-04-01,48.61522360098995,49.47991501331329,50.34460642563663,3.4951208468756705,0.818660078736214
2019-04-02,48.689352350516195,49.545814936161044,50.40227752180589,3.4572550143675564,0.8498019238011781
2019-04-03,48.7619452135399,49.61751492977142,50.47308464600293,3.4486600848208004,0.8965106325083224
2019-04-04,48.84063094963564,49.69486494064331,50.54909893165099,3.437916541389101,0.9279473625994799
2019-04-05,48.963354636474314,49.76871493577957,50.57407523508483,3.236411871773162,0.850331197705005
2019-04-08,49.08866997550915,49.846564946174624,50.6044599168401,3.0409115311511092,0.9093146712070097
2019-04-09,49.16686047656234,49.91906495571136,50.671269434860385,3.0136961892871357,0.9479727488872197
2019-04-10,49.250782024391434,49.9834647989273,50.71614757346317,2.931700623329302,0.8791093338871664
2019-04-11,49.30865521972332,50.053664786815645,50.79867435390797,2.976843235217268,0.9693459028906907
2019-04-12,49.398174997841,50.1179648900032,50.837754782165405,2.872382762316741,0.8744397137888718
2019-04-15,49.466949457782064,50.17401492834091,50.881080398899755,2.8184528249082086,0.847906227583148
2019-04-16,49.53650588695937,50.22001483917236,50.903523791385346,2.722057946027694,0.7545578536570999
2019-04-17,49.59725066405994,50.269564859867096,50.94187905567425,2.6748359476805352,0.8216021107818878
2019-04-18,49.67551363793285,50.32121475934982,50.96691588076679,2.566317703198914,0.8142197903628288
2019-04-22,49.67405025150907,50.358164756298066,51.04227926108706,2.7169953793974777,0.8828564203807071
2019-04-23,49.72069276505538,50.41024977684021,51.09980678862504,2.7357809764379644,0.8717966937969962
2019-04-24,49.764022832362194,50.47434973716735,51.18467664197251,2.814605471904079,0.9685511896634196
2019-04-25,49.82295128235396,50.53884970903397,51.254748135713974,2.8330618160153227,0.938714080712256
2019-04-26,49.91204972289937,50.604549665451046,51.29704960800272,2.736907835875729,0.9053797731084814
2019-04-29,50.01810101735479,50.66369966745377,51.30929831755275,2.5485649659877216,0.8324814657721904
2019-04-30,50.116451309605814,50.71569962024689,51.31494793088796,2.363166889654182,0.796454499484279
2019-05-01,50.196914947182655,50.76704967975616,51.33718441232967,2.2460818037289005,0.8551362017598304
2019-05-02,50.26236812355927,50.807649655342104,51.35293118712494,2.146454462986563,0.7754079748876694
2019-05-03,50.314507792666916,50.83639964580536,51.3582914989438,2.0532211438049957,0.6576949995505617
2019-05-06,50.3868781868358,50.88112457990646,51.37537097297712,1.942749485792004,0.8504069217608036
2019-05-07,50.44802879370343,50.91347459793091,51.378920402158386,1.8283796496041687,0.7154125876375637
2019-05-08,50.483160376835855,50.9262246966362,51.36928901643654,1.7400242112571436,0.41172438535006284
2019-05-09,50.53409227987076,50.94197481632232,51.34985735277388,1.6013613053762878,0.39215784128925074
2019-05-10,50.53918993272475,50.943874933719634,51.348559934714515,1.5887484080133103,0.31112047305472673
2019-05-13,50.56960032396076,50.95437494516373,51.33914956636669,1.5102711852203192,0.38646082791680564
2019-05-14,50.53135044093818,50.9461748957634,51.360999350588614,1.628481257617287,-0.03537826570924222
2019-05-15,50.55618440153421,50.95212486743927,51.34806533334432,1.55416664932096,0.16519530848922873
2019-05-16,50.58771367713796,50.96692487478256,51.346136072427164,1.4880677952466665,0.5409738176296194
2019-05-17,50.61904955144389,50.98477485418319,51.3505001569225,1.4346451613654614,0.6356532272357178
2019-05-20,50.62078099577075,50.98562485218048,51.350468708590206,1.4311636170685256,0.3812850024102141
2019-05-21,50.58194440237819,50.97257483243942,51.36320526250065,1.5327082508401293,0.1024689934685603
2019-05-22,50.57528672698596,50.959824895858766,51.344363064731574,1.5091816726554632,0.402708152572826
2019-05-23,50.567540880352404,50.943324880599974,51.319108880847544,1.4753022152689323,0.35852772286313667
2019-05-24,50.52746840828113,50.91547480344772,51.303481198614314,1.5241197167047456,0.10506354317734101
2019-05-28,50.51068122605942,50.8974749135971,51.284268601134784,1.519893425732018,0.2873881122106902
2019-05-29,50.50189165776048,50.88312495708466,51.26435825640884,1.498466533436048,0.3699946315461886
2019-05-30,50.50313708359618,50.863075015544894,51.22301294749361,1.415321161131957,0.37209850424695684
2019-05-31,50.509549076425934,50.85177500486374,51.194000933301545,1.3459743672863864,0.5441582579923042
2019-06-03,50.49160096200145,50.8352750825882,51.178949203174945,1.3521088261188972,0.2610026455861544
2019-06-04,50.450657487690265,50.79405006408691,51.137442640483556,1.352097641213437,-0.06939370084087693
2019-06-05,50.464921306807696,50.775650036334994,51.08637876586229,1.2239281202897103,0.45228921493634294
2019-06-06,50.45239813896002,50.78640002250672,51.12040190605342,1.3153201778376893,0.914070789522331
2019-06-07,50.421584027605064,50.80464994907379,51.18771587054252,1.5079955155786322,1.0408331946348932
2019-06-10,50.301932489282834,50.850399885177616,51.3988672810724,2.15718026655934,1.279991986691451
2019-06-11,50.21582777441806,50.89559982299805,51.57537187157804,2.671240936128332,1.1438922404525265
2019-06-12,50.210727970502674,50.95734987735749,51.7039717842123,2.930379655346121,1.02211842703809
2019-06-13,50.20022649895811,51.01034992694855,51.82047335493899,3.176310020027742,0.9546532391066422
2019-06-14,50.160566514359985,51.054299879074094,51.9480332437882,3.5011090812369683,0.960260034822258
2019-06-17,50.139844933873526,51.08964988708496,52.03945484029639,3.7181893213620807,0.8692067303612379
2019-06-18,50.130423382396515,51.140299968719475,52.150176555042435,3.9494355212646868,0.8820772020730757
2019-06-19,50.120955752166694,51.221650052070615,52.322344351974536,4.297769785959583,0.9848535289937353
2019-06-20,50.09814773266615,51.29655006885529,52.49495240504443,4.672448086978662,0.9532911327759479
2019-06-21,50.049641514416166,51.394900116920475,52.740158719424784,5.234988683483856,1.0237281835279908
2019-06-24,50.08841308039255,51.50060014724731,52.912787214102075,5.484157710073768,0.932803680746268
2019-06-25,50.11649163679628,51.60980013847351,53.10310864015074,5.786918366940202,0.9376860929923609
2019-06-26,50.19129953867303,51.705300073623654,53.21930060857428,5.856268246368654,0.8265186545674413
2019-06-27,50.26529105895611,51.81734993934631,53.369408819736506,5.990498866526089,0.8848594940555237
2019-06-28,50.37041850307555,51.91065001010895,53.450881517142356,5.93416382470057,0.7718262182869831
2019-07-01,50.53438555019822,52.022649965286256,53.51091438037429,5.7216017103362615,0.7984516059916875
2019-07-02,50.81325175658296,52.14699998378753,53.480748210992104,5.115340202194699,0.7785380686318686
2019-07-03,51.030190234760354,52.26729996681213,53.50440969886391,4.733780902542501,0.8575671114042333
2019-07-05,51.17294872477542,52.388249940872186,53.603551156968955,4.639594632263588,0.9499914900080509
2019-07-08,51.3317519304419,52.49684997558594,53.66194802072998,4.438735069574192,0.8837231568694277
2019-07-09,51.41533661064046,52.57989996433258,53.74446331802471,4.429690259898181,0.8379378377317991
2019-07-10,51.50021180850786,52.665200033187865,53.83018825786787,4.424129117314146,0.8484159944420182
2019-07-11,51.6202630578512,52.75070003986359,53.88113702187598,4.285960114872872,0.8079782833038482
2019-07-12,51.76896223132471,52.83315004348755,53.89733785565039,4.028485188889542,0.7644507063186418
2019-07-15,51.91082960238672,52.91220010757446,53.91357061276221,3.78502690552229,0.7725267768226473
2019-07-16,52.10247796705425,53.0016502571106,53.900822547166946,3.3929973338357238,0.8216020942843851
2019-07-17,52.31656806707433,53.06855020046235,53.820532333850366,2.8340029284669144,0.6206479970190885
2019-07-18,52.45223835718656,53.12040014743805,53.788561937689536,2.515650440873848,0.6538548585461276
2019-07-19,52.57035305342675,53.18315016269683,53.79594727196692,2.304478419933481,0.8711265192333119
2019-07-22,52.61662294805883,53.21755020141602,53.8184774547732,2.2583799933774293,0.728355742633324
2019-07-23,52.67770488341911,53.26520026683808,53.85269565025705,2.2059257469261104,0.8496203726178561
2019-07-24,52.701264100932725,53.30915022373199,53.917036346531255,2.280607063695598,0.9004448874739932
2019-07-25,52.77740989629333,53.369900236129766,53.962390575966204,2.2203164600833944,0.9549432155897741
2019-07-26,52.806798901635716,53.41245027065277,54.01810163966982,2.2678284405530285,0.8719545377959665
2019-07-29,52.912793760258566,53.469050254821774,54.02530674938498,2.0806671968632733,0.8693889908437796
2019-07-30,52.99457331822834,53.518500218391424,54.04242711855451,1.9579281856745216,0.8640763891064853
2019-07-31,53.11072778045047,53.56610025882721,54.02147273720396,1.7002263602406027,0.8029386461310841
2019-08-01,53.1767777250523,53.59370022773743,54.01062273042256,1.5558638456142795,0.6322771298362827
2019-08-02,53.188293674166125,53.60675019264221,54.025206711118294,1.5612083066864197,0.662800016715999
2019-08-05,53.208508384186466,53.61565016269684,54.02279194120721,1.5187422973512363,0.4427096547314307
2019-08-06,53.128842189011436,53.59880017757416,54.06875816613689,1.7536138383909465,-0.1051603401167297
2019-08-07,53.1149737582632,53.593200163841246,54.071426569419295,1.7846532922686074,0.2614107658845187
2019-08-08,53.12930687277046,53.60325009346009,54.077193314149724,1.768337628271752,0.5472088417277168
2019-08-09,53.14922962403359,53.62715005874634,54.10507049345909,1.782382372321513,0.7582539997259008
2019-08-12,53.16758708519121,53.642149977684014,54.11671287017682,1.7693656674470777,0.6220587016440957
2019-08-13,53.16720102014679,53.64189990043641,54.11659878072602,1.7698809369940065,0.4295344819139218
2019-08-14,53.221055113440514,53.676149840354924,54.131244567269334,1.6957055536507948,0.7843907208150036
2019-08-15,53.23719889198939,53.680449805259705,54.123700718530024,1.6514426197184673,0.19717999868834055
2019-08-16,53.2384962214752,53.68144971370697,54.124403205938734,1.6503037626372539,0.4735289752120661
2019-08-19,53.2549444461632,53.70489972591399,54.15485500566478,1.6756582064100713,0.7845850572110877
2019-08-20,53.2446253383692,53.72614973545075,54.2076741325323,1.7925140716488766,0.8892341012402853
2019-08-21,53.237103053170124,53.73919971942902,54.24129638568791,1.868642141603623,0.8164728878992841
2019-08-22,53.22326539450688,53.750899744033816,54.27853409356075,1.9632577390874288,0.8715640437033558
2019-08-23,53.218560592332146,53.76024969100952,54.30193878968689,2.0152030609633194,0.7674496033992013
2019-08-26,53.20698013156418,53.748199639320376,54.28941914707657,2.013907484857439,0.39911637850945597
2019-08-27,53.2058769071357,53.74324969768524,54.28062248823478,1.9997778086451852,0.5537341273631912
2019-08-28,53.20611926553744,53.74479975700378,54.28348024847013,2.0045864675350136,0.6189958931081001
2019-08-29,53.212023283261,53.752749781608586,54.293476279956174,2.011902648867266,0.6019457735106344
2019-08-30,53.209694397914895,53.770199828147895,54.330705258380895,2.0848181037987668,0.7870630098555212
2019-09-03,53.22787220537726,53.795599870681755,54.36332753598625,2.1106843930330568,0.747830583007978
2019-09-04,53.3895828214463,53.848099870681764,54.30661691991723,1.7030017784717146,0.7528809287252017
2019-09-05,53.456713466998075,53.893199810981756,54.32968615496544,1.6198197379801476,0.9281918785434972
2019-09-06,53.4571434044079,53.93084991455078,54.40455642469365,1.7567181340306206,0.9962470023211929
2019-09-09,53.44284913739658,53.95694995403289,54.47105077066921,1.905596283979316,0.9270082907658526
2019-09-10,53.46452759526947,53.976149983406074,54.487772371542675,1.895735017387826,0.6620820810418787
2019-09-11,53.51001805176287,53.99075005054474,54.47148204932661,1.7807939261144596,0.3712914755857319
2019-09-12,53.516797474704425,53.9998000574112,54.482802640117974,1.788905078141987,0.6202885442912428
2019-09-13,53.63125337333565,54.04000011444092,54.44874685554619,1.5127562555131844,0.7152926610026709
2019-09-16,53.67244672299371,54.050700206756595,54.42895369051948,1.399624731283683,0.26378338845160854
2019-09-17,53.666343151185295,54.04795014858246,54.42955714597962,1.4121053484844226,0.3140095843908426
2019-09-18,53.66465856291784,54.04550011634827,54.4263416697787,1.4093367722032706,0.5085342660309886
2019-09-19,53.666573976972664,54.04939009666443,54.4322062163562,1.416541866641313,0.6115538095779554
2019-09-20,53.66642555244816,54.050740065574644,54.43505457870113,1.4220508827824778,0.6551580250084158
2019-09-23,53.666006734806466,54.05034014701844,54.43467355923041,1.422131335960422,0.4891503605277019
2019-09-24,53.739373785133964,54.075940208435064,54.412506631736164,1.2447917576793268,0.6115088821904258
2019-09-25,53.763906721864274,54.08284024238586,54.40177376290745,1.1794259291568596,0.2744994795287409
2019-09-26,53.777849773527144,54.087290186882015,54.396730600236886,1.144225980949293,0.29755390345933574
2019-09-27,53.79557029041152,54.09269014358521,54.3898099967589,1.0985582428420797,0.29521451638191876
2019-09-30,53.74129617051453,54.07524016857146,54.40918416662839,1.235108700454813,0.002552687059393372
2019-10-01,53.728655661960914,54.068140192031855,54.407624722102796,1.255765516865221,0.3039096280025144
2019-10-02,53.65655790954881,54.04569017410279,54.43482243865677,1.4400121944984996,-0.03283968624892429
2019-10-03,53.51214018776825,53.99859018802643,54.4850401882846,1.8017137060961206,-0.1923530507106201
2019-10-04,53.49176818225502,53.96184017181397,54.431912161372914,1.742238545098689,0.18532510253038606
2019-10-07,53.51316481662519,53.93894016742706,54.364715518228934,1.5787308741338244,0.4988965082830111
2019-10-08,53.499437881277686,53.92044013023376,54.34144237918983,1.5615682955822574,0.32370492282626157
2019-10-09,53.44432565488684,53.90236503124237,54.3604044075979,1.699514951115948,0.06677788699400776
2019-10-10,53.43832637052342,53.887115139961246,54.33590390939907,1.6656626292655852,0.4152011388982287
2019-10-11,53.43688689838544,53.863315134048456,54.28974336971147,1.5833716680890322,0.35540967926997624
2019-10-14,53.42979732729925,53.85816508769989,54.28653284810053,1.590725416297075,0.3959243334360358
2019-10-15,53.42711855457386,53.854965043067935,54.28281153156201,1.588884100665282,0.48484704728932754
2019-10-16,53.428482411217864,53.84736495018005,54.26624748914224,1.5558144371585865,0.5628263412534575
2019-10-17,53.42105538589331,53.824425020217895,54.22779465454248,1.4988349031989368,0.31601945569573897
2019-10-18,53.43179595993114,53.80347512722015,54.17515429450917,1.3816176981511645,0.4294096030381196
2019-10-21,53.39990228799389,53.776550159454345,54.1531980309148,1.4007885234127027,0.137527321457262
2019-10-22,53.41115191852756,53.75065016746521,54.09014841640286,1.2632340181185266,0.3267303176220728
2019-10-23,53.38347359909451,53.728550157547,54.07362671599949,1.2845184075901177,0.16449551903715434
2019-10-24,53.36276356576705,53.70505020618439,54.04733684660173,1.274690700793446,0.18878561271623065
2019-10-25,53.37336619808955,53.6952003288269,54.01703445956425,1.1987445014319846,0.6224242465811475
2019-10-28,53.34943757722988,53.7120002746582,54.074562972086525,1.3500249313909238,1.0061189749114423
2019-10-29,53.299113319904336,53.72930021286011,54.159487105815884,1.601312100665733,1.1412322837652777
2019-10-30,53.2938937369664,53.75385020256042,54.21380666815444,1.7113433320990639,0.9002004163206091
2019-10-31,53.32991757129189,53.80210018634796,54.27428280140403,1.7552571866920705,1.0166426912788835
2019-11-01,53.296614088273444,53.84120019435883,54.38578630044421,2.0229344967032943,1.0571207387190358
2019-11-04,53.24531657450333,53.87205014228821,54.49878371007309,2.326748531490959,1.0448481936227658
2019-11-05,53.21188706080627,53.9140001487732,54.61611323674013,2.604566851020069,0.9963579764895647
2019-11-06,53.24462233728368,53.96327518463136,54.681928031979034,2.663488622174467,0.8671626660858476
2019-11-07,53.248440700220186,53.99637508392334,54.74430946762649,2.770313312849923,0.8186272079582185
2019-11-08,53.27287305380738,54.02772510051727,54.782577147227165,2.794313642876906,0.7247298501493871
2019-11-11,53.294804336230314,54.062275133132935,54.82974593003556,2.8392101331757114,0.7591142803667055
2019-11-12,53.314338807674105,54.09277522563934,54.87121164360458,2.878153005528431,0.7307352174507643
2019-11-13,53.32997428386545,54.12307525634765,54.91617622882985,2.930731370033096,0.7414093765867664
2019-11-14,53.37653923887723,54.17052523612976,54.9645112333823,2.931431784320136,0.786198403715664
2019-11-15,53.41906578396178,54.21607517719269,55.01308457042361,2.9401220602047444,0.7797487803471949
2019-11-18,53.518638493942994,54.27930008411407,55.039961674285145,2.802768602367068,0.8212329204020369
2019-11-19,53.60598171224446,54.337500014305114,55.06901831636577,2.6924989256703906,0.8140722851116101
2019-11-20,53.7540422314715,54.40320001602173,55.052357800571954,2.3864691207835182,0.8140998400473592
2019-11-21,53.951079350622,54.4673499584198,54.9836205662176,1.8957067240903749,0.7979542481534109
2019-11-22,54.0997699121899,54.507949886322024,54.91612986045415,1.4976896947450655,0.5956068492513532
2019-11-25,54.175194362537106,54.53429979801179,54.89340523348647,1.316989259254316,0.5998292212897072
2019-11-26,54.19996851091788,54.56194981098175,54.923931111045626,1.3268635058603344,0.8757792306696478
2019-11-27,54.270513770636605,54.600849776268014,54.93118578189942,1.210003166562393,0.952795433979215
2019-11-29,54.28637527904481,54.63879972934723,54.99122417964964,1.2900153445835052,1.0819671595834974
2019-12-02,54.29857431603143,54.66369972705841,55.02882513808539,1.3358971780179165,0.8865806657592772
2019-12-03,54.29365704848388,54.661649742126464,55.02964243576905,1.3464382995340916,0.29938461218485546
2019-12-04,54.27958380393914,54.6552497434616,55.030915682984066,1.374674679141518,0.27073952327927464
2019-12-05,54.27761235571339,54.65454980850219,55.03148726129099,1.3793451930699632,0.2644856846928427
2019-12-06,54.27474629377138,54.6535999059677,55.032453518164026,1.3863811820196523,0.23657584687345337
2019-12-09,54.31329981416971,54.66859990119934,55.023899988228976,1.2998323998483754,0.49774933721699166
2019-12-10,54.33110695821012,54.67529995918274,55.019492960155354,1.2590438506220176,0.38190001006943713
2019-12-11,54.351926214370565,54.68269995212554,55.01347368988051,1.2097929986798939,0.3749908686075312
2019-12-12,54.373414342534,54.69664993286133,55.019885523188655,1.181920979526504,0.6366634175200178
2019-12-13,54.377344130357336,54.710349907875056,55.043355685392775,1.217341062809713,0.7832531614137842
2019-12-16,54.35794895374312,54.73279983997345,55.10765072620379,1.3697486235906609,1.004465648132199
2019-12-17,54.32788030587592,54.754349884986866,55.18081946409781,1.5577559774036407,1.021315246470025
2019-12-18,54.31281969461895,54.77164994716644,55.230480199713924,1.6754297268389047,0.9046709628740803
2019-12-19,54.30076273363574,54.788749933242784,55.276737132849824,1.7813408781971751,0.8732172864214538
2019-12-20,54.288633951218365,54.81079988956451,55.33296582791065,1.9053396024076534,0.8879985337163278
2019-12-23,54.28989635797836,54.848199920654295,55.40650348333023,2.0358136219004583,0.9350681443294886
2019-12-24,54.29016939298622,54.848299980163574,55.40643056734093,2.035179166461698,0.2847272972326761
2019-12-26,54.27202205907988,54.83814990997314,55.4042777608664,2.0647226495520443,0.3170453956968212
2019-12-27,54.26746731715762,54.83309990882873,55.39873250049984,2.0631063814068193,0.46985597551011193
2019-12-30,54.26207079976268,54.81934998512268,55.37662917048267,2.0331477316357605,0.45931140219538674
2019-12-31,54.23874782994992,54.801499881744384,55.364251933538846,2.053783392822528,0.311194492660308
2020-01-02,54.252581373627194,54.80659992694855,55.360618480269906,2.0217220336959585,0.3279847547589606
2020-01-03,54.29245567193923,54.83439995527267,55.376344238606116,1.976658024070642,0.68876446915141
2020-01-06,54.34003534078184,54.8608498263359,55.38166431188996,1.898674509063277,0.6393481510620467
2020-01-07,54.398279173484596,54.892299678325664,55.38632018316673,1.7999628645040446,0.6930070530117112
2020-01-08,54.4207648500024,54.917349660396575,55.41393447079075,1.8084806111912037,0.752374373530382
2020-01-09,54.45924140190757,54.94815962553024,55.43707784915291,1.779561779519566,0.7679806599211562
2020-01-10,54.486928552794936,54.989009573459626,55.491090594124316,1.8261140710089048,0.9262159336341547
2020-01-13,54.48873473902939,55.02340965509414,55.55808457115889,1.9434452332789995,0.9204338541286957
2020-01-14,54.470416906130794,55.05890960931778,55.64740231250477,2.1376838276048753,0.9673713527396502
2020-01-15,54.44992948045825,55.08310972929,55.71628997812175,2.2989996459661057,0.9042224166204836
2020-01-16,54.422110023089566,55.10780975580216,55.79350948851475,2.4885755240540908,0.9267107153484145
2020-01-17,54.37498492392757,55.14658474683762,55.918184569747666,2.798359414104226,1.0002046127454474
2020-01-21,54.32209647622967,55.19243479013444,56.062773104039216,3.1538319235749537,1.0041525300655292
2020-01-22,54.279263629477065,55.237084810733805,56.194905991990545,3.4680366805694067,0.9551552757184835
2020-01-23,54.23543929024049,55.280084807872775,56.32473032550506,3.779464236579856,0.9374284051897323
2020-01-24,54.2734919535741,55.36658477544785,56.459677597321594,3.94856510043753,0.9443419519279507
2020-01-27,54.33338595116508,55.45293480157852,56.572483651991966,4.037834442557134,0.9042093548591176
2020-01-28,54.40773272134106,55.517134854793554,56.626536988246045,3.99661162757826,0.7550316138222546
2020-01-29,54.48022065603834,55.598584892749784,56.71694912946123,4.022995329355157,0.8596395556187651
2020-01-30,54.59712653819674,55.70058494329453,56.80404334839232,3.9621070630448694,0.9206839930551505
2020-01-31,54.717936854398566,55.812434866428376,56.906932878458186,3.9220579236479756,0.9753614155187352
2020-02-03,54.82099337836208,55.87693494796753,56.93287651757297,3.7795257402315814,0.7140583821145047
2020-02-04,54.94029990155702,55.95330994606019,56.966319990563356,3.620911954912856,0.7863687860222021
2020-02-05,55.03314997566599,56.04441001892089,57.05567006217579,3.608781118093645,0.9255038087842635
2020-02-06,55.11845927715096,56.139384946823114,57.160310616495266,3.6371102769978814,0.9545452524334145
2020-02-07,55.2007414716287,56.242724876403805,57.28470828117891,3.7053091117648123,0.9963008971295462
2020-02-10,55.28380843224787,56.331374878883366,57.378941325518866,3.7193001196503563,0.9098186844806735
2020-02-11,55.33815220389291,56.43517486572266,57.532197527552405,3.887726633043719,1.0076583357146334
2020-02-12,55.40533435414094,56.53084985256195,57.65636535098296,3.9819514525483526,0.9405309195940601
2020-02-13,55.47637216640272,56.639849758148195,57.80332734989367,4.10833572727865,0.9878260619707923
2020-02-14,55.57885569895631,56.738249673843384,57.89764364873046,4.086816148019315,0.8979446429642134
2020-02-18,55.647356597735104,56.83311467647552,58.01887275521593,4.172771756362051,0.9143702336294192
2020-02-19,55.71361141627906,56.921264595985406,58.128917775691754,4.243240863596423,0.8774821801506794
2020-02-20,55.77283348533191,57.01961462497711,58.26639576462231,4.373165788107784,0.9236451208987312
2020-02-21,55.866111832501055,57.102364583015444,58.33861733352983,4.329952917158532,0.8019749120259824
2020-02-24,55.96482643861792,57.16033968448638,58.35585293035484,4.183016589710471,0.6410110334474455
2020-02-25,56.01424582284449,57.17563977241516,58.33703372198583,4.062548155800425,0.2797306524058602
2020-02-26,55.97744659870852,57.16821475505829,58.358982911408056,4.165839921542797,-0.01803325772482155
2020-02-27,55.88335974202695,57.14576467037201,58.40816959871707,4.418192443926029,0.0279781430002454
2020-02-28,55.482750558185494,57.06096461772918,58.63917867727286,5.531676760519827,-0.17416905152040743
2020-03-02,55.15938121166162,56.969614739418034,58.77984826717445,6.355084323587296,-0.0368404575568313
2020-03-03,55.122125916107926,56.955789756774905,58.789453597441884,6.438902343370155,0.25369308331155777
2020-03-04,54.9597794588184,56.901464791297904,58.843150123777406,6.824728817091713,0.12546319501346476
2020-03-05,54.911704349461786,56.871114745140076,58.83052514081837,6.890705077468986,0.35375303446194856
2020-03-06,54.800995275400055,56.80923977375031,58.81748427210057,7.070133331649343,0.25619491972882763
2020-03-09,54.654732929546086,56.722839884758,58.79094683996992,7.291972543735907,0.21620467015156514
2020-03-10,54.18637949445404,56.561939921379086,58.937500348304134,8.399854850194565,-0.045121832007823666
2020-03-11,53.973712190462756,56.42378989219666,58.87386759393056,8.684555597612368,0.1657676996382242
2020-03-12,53.642938537014636,56.24886493682861,58.854791336642585,9.26570305993058,0.0731142988703022
2020-03-13,52.64181000506664,55.9256650018692,59.20951999867176,11.74364219609299,-0.20262916052285349
2020-03-16,52.277453604984586,55.69306510210038,59.10867659921617,12.265841324603182,0.10708877705830051
2020-03-17,51.315677248481315,55.31737009525299,59.319062942024665,14.46812399028014,-0.1266685179923316
2020-03-18,50.82066692248669,54.994970109462734,59.16927329643878,15.180672627578332,0.06759608043532943
2020-03-19,50.130679357016135,54.59047009706497,59.05026083711381,16.339081646005525,-0.016220434449605258
2020-03-20,49.61133496382138,54.205770118236536,58.800205272651695,16.951830568566887,0.05916556176224731
2020-03-23,49.07376621973248,53.81369509935379,58.5536239789751,17.616069184136844,0.061418031629352304
2020-03-24,48.57482659104012,53.46109503269196,58.347363474343794,18.279717011646834,0.1061313848573867
2020-03-25,48.37791536402053,53.22292006492614,58.067924765831755,18.206459529072195,0.28824378857071187
2020-03-26,48.25759477265944,52.99497012376785,57.73234547487626,17.878584854541636,0.33113331801822043
2020-03-27,48.22413800259164,52.878920202255244,57.53370240191885,17.6054358971766,0.4713283936211982
2020-03-30,48.16114371499059,52.72467005252838,57.288196390066176,17.31078196598009,0.41413750679463873
2020-03-31,48.254409769315274,52.5551949930191,56.85598021672293,16.366736815552105,0.5125332229217754
2020-04-01,48.29561345055708,52.38854499340057,56.48147653624407,15.625291915853303,0.46646102762389186
2020-04-02,48.43151928877932,52.13447001457214,55.837420740364955,14.20538359652569,0.37604878336215924
2020-04-03,48.64118320849209,51.93357001543045,55.22595682236881,12.67922388528318,0.48153761178567317
2020-04-06,48.88387354815466,51.7301200056076,54.576366463060545,11.004213626971696,0.45606169176179695
2020-04-07,48.95704786974282,51.68411990642547,54.41119194310812,10.552843084568474,0.7507961485743612
2020-04-08,49.18936777944718,51.58791984081269,53.986471902178195,9.298890394366873,0.7655932608299402
2020-04-09,49.28576972459266,51.55036982297897,53.81496992136528,8.785970328293736,0.880338524635981
2020-04-13,49.25135919921319,51.65686976671219,54.06238033421119,9.313419796292484,0.8708421768256766
2020-04-14,49.22042575195814,51.676969761848454,54.13351377173877,9.507306721780376,0.8529411757218185
2020-04-15,49.27384488031184,51.86977471113205,54.46570454195226,10.00941239971526,0.9407331221229726
2020-04-16,49.265379166008,51.99559971570968,54.72582026541136,10.501736934007445,0.8490378032856291
2020-04-17,49.47718181230893,52.206999700069424,54.93681758782992,10.457670057438168,0.8676069137110468
2020-04-20,49.7000547853944,52.419499704837804,55.13894462428121,10.37569963374689,0.8650561211844212
2020-04-21,50.14757185576048,52.639449656009674,55.131327456258866,9.467719805329319,0.7840327464528275
2020-04-22,50.743643481437395,52.82534972429276,54.90705596714812,7.881466961298879,0.6212109314500794
2020-04-23,50.9742937867622,52.96384972810745,54.95340566945269,7.512882660753434,0.7455700574094483
2020-04-24,51.1916583712164,53.09587475299835,55.0000911347803,7.172747000177893,0.7467225268853913
2020-04-27,51.20302710541537,53.19197469949722,55.18092229357907,7.478374718435297,0.837370444227147
2020-04-28,51.32854279959741,53.32754979848861,55.326556797379816,7.497089239782995,0.8314022252808335
2020-04-29,51.3840010774711,53.41804979562759,55.45209851378408,7.615585840136693,0.7593228300406433
2020-04-30,51.472953110875125,53.579849779605865,55.686746448336606,7.864511294440733,0.9200845451336439
2020-05-01,51.84605952267242,53.7850748038292,55.724090084985974,7.21023550949391,0.8960580442329443
2020-05-04,52.17749925471052,53.93099985599518,55.684500457279846,6.502755765577514,0.7279727065409584
2020-05-05,52.69693734646165,54.10929983854294,55.521662330624224,5.220405720627111,0.8316079671234374
2020-05-06,52.804137973981085,54.2225999712944,55.641061968607715,5.2319955076453475,0.8861227581721768
2020-05-07,52.98817316610267,54.34925001859665,55.71032687109063,5.008631589316361,0.8841624713702464
2020-05-08,53.056833021501795,54.4799250984192,55.90301717533661,5.2242805927011045,0.994196989937181
2020-05-11,53.11027899548403,54.61222510337829,56.114171211272556,5.500402538263737,0.9909544707435144
2020-05-12,53.229451361337084,54.7418751001358,56.25429883893452,5.525655582795206,0.9172526609478618
2020-05-13,53.2743706910359,54.820625143051146,56.36687959506639,5.6411412601749396,0.7950274269211584
2020-05-14,53.38712661492956,54.90150018453598,56.41587375414241,5.516692857267234,0.7038799209025921
2020-05-15,53.450314106316654,54.98280024766923,56.51528638902181,5.574420125746657,0.7796764516689575
2020-05-18,53.503348285689256,55.05395031690598,56.60455234812271,5.633027320622866,0.7495968614825479
2020-05-19,53.59769299713456,55.165400383472445,56.73310776981033,5.683661771473598,0.8567631320978901
2020-05-20,53.91865067152593,55.31260038852692,56.7065501055279,5.040261015427228,0.8448476406766041
2020-05-21,54.07539585253994,55.45262533187865,56.82985481121736,4.967229129716123,0.967922744927554
2020-05-22,54.296682042606335,55.5720002937317,56.84731854485706,4.589787102801889,0.8336421518612573
2020-05-26,54.42666604914524,55.67080033779145,56.914934626437656,4.469611649544196,0.8372624311053387
2020-05-27,54.571343856430104,55.75512528896331,56.93890672149652,4.246359151371283,0.746614050738383
2020-05-28,54.78389585191381,55.858975353240965,56.93405485456812,3.8492632366725865,0.8213837986643419
2020-05-29,54.828165502690545,55.92057542324066,57.01298534379078,3.9070052919953,0.8027367297619821
2020-06-01,54.865320198520195,55.999125475883474,57.132930753246754,4.049367798972372,0.8937517308369239
2020-06-02,55.07704080015223,56.103350496292116,57.129660192432,3.658639589475898,0.8467034982444543
2020-06-03,55.22103430695979,56.202825498580935,57.184616690202084,3.4937431807443127,0.9240594652536985
2020-06-04,55.33066636420789,56.28902547359466,57.24738458298143,3.4051366188115604,0.8928459113756794
2020-06-05,55.464754412930056,56.363675475120544,57.26259653731103,3.1897176847073467,0.791640662792933
2020-06-08,55.46794369891545,56.437425508499146,57.406907318082844,3.4355989871922827,0.9765823814275304
2020-06-09,55.43672135956963,56.51242552280426,57.58812968603888,3.8069651170804932,0.9994747702835566
2020-06-10,55.43157434681149,56.59722545146942,57.76287655612735,4.119110417020165,0.9730291407745778
2020-06-11,55.42975092915415,56.72100042343139,58.01224991770863,4.552985612516892,1.075992134029357
2020-06-12,55.6228880320201,56.79280039787292,57.96271276372573,4.1199319549547475,0.5693214327006705
2020-06-15,55.76457072821752,56.86065039634705,57.956730064476574,3.8553187854493585,0.6534333694325659
2020-06-16,55.9289572095081,56.938700323104854,57.94844343670161,3.546772609374145,0.7229771729532782
2020-06-17,55.98134406571628,57.01637532711029,58.0514065885043,3.6306456012186072,0.8966670195500588
2020-06-18,56.05738311496899,57.09562527656554,58.13386743816209,3.636853634818457,0.8676284163570939
2020-06-19,56.067335353820326,57.15630025863648,58.24526516345263,3.81048073401709,0.8667238071047404
2020-06-22,56.1562358147798,57.22530021190643,58.29436460903306,3.7363347790850003,0.7701890550297743
2020-06-23,56.215817794549295,57.308725185394294,58.401632576239294,3.814104701542158,0.8979175816088173
2020-06-24,56.3214092713243,57.409400196075445,58.49739112082659,3.790288423272962,0.93341334637439
2020-06-25,56.44557539283321,57.474950056076054,58.504324719318895,3.5819941113076927,0.6875161585803544
2020-06-26,56.57049934346175,57.55309999465942,58.53570064585709,3.4145880979090646,0.8011902207377174
2020-06-29,56.65693472200646,57.59234998703003,58.527765252053605,3.2484010992231784,0.5452477740199612
2020-06-30,56.77409538480115,57.64644996166229,58.51880453852343,3.0265682533488185,0.6436057984841443
2020-07-01,56.84243863077781,57.708399868011476,58.574361105245146,3.001161838533954,0.8268618897889889
2020-07-02,56.93170855689488,57.76659986495971,58.601491173024534,2.8905675944803444,0.7631483037730575
2020-07-06,57.07233705864175,57.839499840736394,58.60666262283104,2.652729654326405,0.8301118292562357
2020-07-07,57.07287660643252,57.91077481746673,58.74867302850094,2.8937558292916696,1.022871461726822
2020-07-08,57.08409811395783,57.96254476070404,58.840991407450254,3.031083781337907,0.8755798994394115
2020-07-09,57.04756727229818,58.0282448387146,59.00892240513102,3.3800007880374174,1.0025892748452996
2020-07-10,56.984531568037696,58.07401988506317,59.16350820208865,3.752067858163534,0.9818686682902971
2020-07-13,57.13612097583881,58.17956986427307,59.22301875270733,3.5869941660569897,0.9247597224423063
2020-07-14,57.296305585877676,58.24576978206634,59.195233978255004,3.2601996668297133,0.6449393060561384
2020-07-15,57.41807834327032,58.32074482440949,59.22341130554866,3.0955245302744157,0.8144880679513805
2020-07-16,57.4621746673789,58.37666980266571,59.291164937952516,3.1330842899333966,0.8167488805634762
2020-07-17,57.52624150247687,58.418669800758366,59.31109809903986,3.055284556547398,0.657060282336316
2020-07-20,57.5796909418248,58.46206992149354,59.344448901162274,3.0186374887295275,0.7045217936725281
2020-07-21,57.62409226643273,58.54196991443634,59.459847562439954,3.135793514790023,0.9679431712091063
2020-07-22,57.64168940382796,58.59699490070343,59.5523003975789,3.2605955253995456,0.8569560439242706
2020-07-23,57.61892745338955,58.658669981956486,59.69841251052342,3.54506001887448,0.9459428121598781
2020-07-24,57.73267583316252,58.71917000770568,59.70566418224884,3.3600412758344635,0.6783230644519166
2020-07-27,57.80099794367839,58.75192003250122,59.702842121324046,3.237075786788871,0.5252806579510976
2020-07-28,57.98571488502702,58.8377199602127,59.68972503539838,2.8961185979396338,0.8258663089414517
2020-07-29,58.15517513293404,58.90376999855041,59.65236486416678,2.541755360089146,0.7098806012716854
2020-07-30,58.2303882708394,58.96589507102967,59.70140187121994,2.4946854425063467,0.8746435107035107
2020-07-31,58.32811184795578,59.03972004890443,59.751328249853074,2.4106083171099018,0.9516388623667983
2020-08-03,58.31280952579449,59.13614509582519,59.95948066585589,2.78454257948858,1.1913066454504158
2020-08-04,58.14799057017807,59.238595013618465,60.32919945705886,3.6820739694777607,1.232348146060224
2020-08-05,58.060061933429736,59.35802510261535,60.655988271800965,4.373336771032246,1.1367573763896663
2020-08-06,57.97087648125439,59.46232501983643,60.95377355841846,5.016448778565224,1.0490213624068845
2020-08-07,57.84761372626582,59.58357493400574,61.31953614174566,5.826979027903763,1.066090934107996
2020-08-10,57.86003002948585,59.67872496128083,61.49741989307581,6.094952373647183,0.8547256734499823
2020-08-11,57.97971914606068,59.801974945068366,61.62423074407605,6.094299730674561,0.8248786138683014
2020-08-12,58.08815112549171,59.87039985656738,61.65264858764305,5.953689086244403,0.6084581703994523
2020-08-13,58.18799079273587,59.96298489093781,61.737978989139755,5.920299336099922,0.7379490221285049
2020-08-14,58.358126740818925,60.06663485050201,61.7751429601851,5.688709260757959,0.7064269459796085
2020-08-17,58.530707356485024,60.16178478240967,61.79286220833431,5.422303981917588,0.6729578349595112
2020-08-18,58.603215848368166,60.24923484802245,61.89525384767674,5.464032875459214,0.7736194216580927
2020-08-19,58.709201317912495,60.34838490486145,61.9875684918104,5.432402505992852,0.7786799726715959
2020-08-20,58.79375388163767,60.42273487567901,62.051715869720354,5.391947244337758,0.6995928556656325
2020-08-21,58.97690429470347,60.543084921836865,62.10926554897026,5.17377212989851,0.7984698320760536
2020-08-24,59.26296977001664,60.68848492622376,62.11400008243088,4.697810986515987,0.8575953092142088
2020-08-25,59.42281147980226,60.8151349401474,62.20745840049254,4.578871564505862,0.8989248289916453
2020-08-26,59.69185097499888,60.947034826278696,62.20221867755851,4.118933283161517,0.8620839986825666
2020-08-27,59.861365765899656,61.09203474521637,62.32270372453308,4.02890158905069,1.0383106368870139
2020-08-28,60.061243174363554,61.224309768676754,62.387376362989954,3.799362046571383,0.9744743729579073
2020-08-31,60.12073252280684,61.339434776306156,62.55813702980547,3.9736337902157177,1.007738937279101
2020-09-01,60.10664771917455,61.43103489398957,62.755422068804585,4.311785328378357,0.9669958986680466
2020-09-02,60.01800831778327,61.54253486633301,63.067061414882744,4.954383344335506,1.0570466874745705
2020-09-03,59.93624341387118,61.661309900283825,63.38637638669647,5.595296269905233,1.02583191143129
2020-09-04,59.95114999859608,61.678009972572326,63.40486994654857,5.599596921963488,0.5593534547161725
2020-09-08,60.00542784277158,61.70416002273559,63.402892202699604,5.506053981897151,0.43755387349176084
2020-09-09,59.9048072535881,61.67386005401611,63.44291285444412,5.736799347012199,0.13430695600657644
2020-09-10,60.05454346544405,61.7193000793457,63.38405669324735,5.394606263393972,0.33375922990002
2020-09-11,60.02292163562336,61.7099650812149,63.39700852680643,5.467653217341024,0.17725670140960909
2020-09-14,59.97373880216906,61.69596511363983,63.4181914251106,5.582946334654284,0.15046249029706302
2020-09-15,60.021818068841135,61.712515134811404,63.403212200781674,5.479268061841039,0.3061407032383922
2020-09-16,60.03634268356032,61.71916517734528,63.40198767113024,5.453160258890411,0.370407025456066
2020-09-17,59.99774982775317,61.703315157890316,63.408880488027464,5.528277778180444,0.2776938372575601
2020-09-18,59.95421440765362,61.68781511306763,63.421415818481634,5.620561215327493,0.23326752980003185
2020-09-21,59.8018333767661,61.63101509094238,63.460196805118656,5.935912986268842,0.1476524819656003
2020-09-22,59.66275272289189,61.566365122795105,63.46997752269832,6.183936297380661,0.19758431563363668
2020-09-23,59.58118993483509,61.50821514129639,63.43524034775769,6.2659116413459515,0.30664107766049015
2020-09-24,59.37135337130668,61.4110652589798,63.45077714665291,6.6428155221582275,0.1327755620340326
2020-09-25,59.23428021756691,61.295265312194815,63.35625040682272,6.724777465700488,0.21026838047380786
2020-09-28,59.193065034966665,61.21326533794403,63.233465640921395,6.600531083660754,0.36999693361620517
2020-09-29,59.220910367942984,61.141765403747556,63.06262043955213,6.2832828693128855,0.5013628989784081
2020-09-30,59.27440104079086,61.0631153011322,62.85182956147354,5.858575185757584,0.5089126304383874
2020-10-01,59.473958649675325,60.96261523723602,62.45127182479672,4.8838344016823765,0.59014277741736
2020-10-02,59.88012927269694,60.86244018554687,61.844751098396806,3.2279708465688626,0.8102677007722263
2020-10-05,59.94870414596755,60.813040175437926,61.677376204908306,2.8426009519566184,0.5474120033725819
2020-10-06,59.960150248411786,60.807040147781365,61.65393004715094,2.7854994991085054,0.8335503428582578
2020-10-07,60.01027427450939,60.836315135955815,61.66235599740224,2.71561766882298,0.5781947240331734
2020-10-08,59.99914071983575,60.846875247955325,61.6946097760749,2.7864521379774905,0.8126723111705898
2020-10-09,59.988425883815914,60.89857522964478,61.80872457547364,2.9890661395500495,0.9155502368016841
2020-10-12,59.95381280583811,60.97792529582978,62.00203778582144,3.358961411111518,1.0375755886964275
2020-10-13,59.76289860035276,61.06635026454925,62.36980192874574,4.268968617085268,1.174804292510687
2020-10-14,59.66075958866584,61.13470017910004,62.60864076953423,4.821944284068277,1.014029993439703
2020-10-15,59.622099862426786,61.21455018520355,62.80700050798031,5.202849054542858,0.9167947056407181
2020-10-16,59.629820982337094,61.30120020866394,62.97257943499079,5.453006533763188,0.8574294085389188
2020-10-19,59.724782908683125,61.40650023460388,63.08821756052464,5.477326730869687,0.8096537346189389
2020-10-20,59.84916157523008,61.487350192070004,63.12553880890993,5.328538672499836,0.6662353104760862
2020-10-21,59.92998674231846,61.555925211906434,63.181863681494406,5.2828008481415045,0.6779204141040532
2020-10-22,60.210305893508796,61.66760015487671,63.12489441624462,4.726288221717574,0.6643113107206498
2020-10-23,60.49019824364228,61.76257511138916,63.03495197913604,4.120219616659893,0.5934959753332464
2020-10-26,60.652234277544096,61.82742510318756,63.00261592883102,3.8015195479420796,0.5670425598519964
2020-10-27,60.7008814131735,61.84497506141663,62.98906870965977,3.699875849596401,0.3483626620562671
2020-10-28,60.78949991639911,61.88102506160736,62.97255020681561,3.5278185651305987,0.4702134858636407
2020-10-29,60.68211775163332,61.85522510528565,63.028332458937975,3.7930743980174526,0.014014760845521336
2020-10-30,60.630921465738425,61.83732513904572,63.04372881235301,3.9018624126920307,0.20021411673604866
2020-11-02,60.560668111613154,61.82182514667511,63.082982181737066,4.07997347884765,0.009646705852160743
2020-11-03,60.44248497944793,61.78702505111695,63.131565122785965,4.352176109973465,0.08683790639131536
2020-11-04,60.456084046767124,61.791100115776054,63.12611618478498,4.321062633639963,0.22131436111161773
2020-11-05,60.49935117645987,61.82495006084442,63.15054894522898,4.288232770362059,0.5863950322789198
2020-11-06,60.47715115965175,61.89100001335144,63.30484886705113,4.568835059684567,0.8837043174603526
2020-11-09,60.437491677689444,61.940399932861325,63.44330818803321,4.8527560584075005,0.8748064789339502
2020-11-10,60.4522292463092,61.92572494029999,63.399220634290785,4.758913021725066,0.705726773296634
2020-11-11,60.456891990005914,61.89327498435974,63.32965797871357,4.641483245851178,0.5374988496875897
2020-11-12,60.44687741348794,61.90284997463226,63.35882253577658,4.704056636296964,0.7852559743389996
2020-11-13,60.43940697972301,61.91165000915527,63.38389303858752,4.755948288293226,0.7582287881106741
2020-11-16,60.41735780886357,61.93374998092652,63.45014215298947,4.896820142587676,0.8153042490620113
2020-11-17,60.37748732832752,61.99254998207092,63.60761263581432,5.210505630791115,0.8762856557755333
2020-11-18,60.34188496607279,62.04892496109009,63.755964956107384,5.502238744950876,0.8553153781909372
2020-11-19,60.33837835313312,62.0881999874115,63.838021621689876,5.636567446417052,0.7411104474152569
2020-11-20,60.333531718058694,62.14812503814697,63.96271835823525,5.839575430391399,0.7895622145196277
2020-11-23,60.34369405893019,62.20502501964569,64.06635598036118,5.9845035352936415,0.746591104812118
2020-11-24,60.41276551333228,62.28737500190734,64.16198449048241,6.01922777615098,0.7287476617432738
2020-11-25,60.44212875634679,62.36902498245239,64.29592120855798,6.179016672611869,0.780236739552573
2020-11-27,60.68698447299251,62.501100053787226,64.31521563458195,5.8050676843560325,0.7357624761106049
2020-11-30,60.881581001207515,62.61167508125304,64.34176916129856,5.526426430215536,0.706296592130905
2020-12-01,61.23057332864996,62.77724512577057,64.32391692289117,4.927491781526694,0.8617948876347528
2020-12-02,61.62096940059541,62.95144510746002,64.28192081432462,4.2269901972653425,0.9541810080813065
2020-12-03,62.0007197844029,63.1044451379776,64.2081704915523,3.4980906690849065,0.954169133954829
2020-12-04,62.113446328105006,63.21424513816834,64.31504394823166,3.4827555328938753,0.9704561968239286
2020-12-07,62.07739400860876,63.28514513015747,64.49289625170617,3.8168550267673167,0.9590575500177033
2020-12-08,62.04680951075852,63.3555952167511,64.66438092274367,4.131555236802625,0.9280326203962322
2020-12-09,62.11601669590737,63.452145175933836,64.78827365596031,4.2114525090421635,0.8782772361769252
2020-12-10,62.37775924504068,63.54399515151978,64.71023105799888,3.6706408015367256,0.6260485819907953
2020-12-11,62.48517379488266,63.61142013549805,64.73766647611345,3.5410193270843062,0.7089148904682091
2020-12-14,62.62684883975542,63.67792011260987,64.72899138546433,3.301211066554025,0.6541667600194983
2020-12-15,62.735001510764356,63.742770175933835,64.75053884110332,3.1619857825067257,0.7204031922291938
2020-12-16,62.75535376166549,63.81904519081117,64.88273661995684,3.333460806144529,0.9298497117276844
2020-12-17,62.742217057692905,63.91124518394471,65.08027331019652,3.6582861838701293,1.0110034291818994
2020-12-18,62.75174946001329,64.0443951320648,65.33704080411633,4.036717559392904,1.099779353905867
2020-12-21,62.766472500478656,64.1644450855255,65.56241767057234,4.357468012646166,1.0134415215380659
2020-12-22,62.8258063300253,64.29459504127502,65.76338375252473,4.5689337037018465,0.9872737645807016
2020-12-23,62.90219867116683,64.43334510803223,65.96449154489763,4.752652324035639,0.9854716268841295
2020-12-24,63.01345492843614,64.5316951751709,66.04993542190564,4.705409466196412,0.7912270912580432
2020-12-28,63.1660369545841,64.63857007980347,66.11110320502284,4.5562057557936875,0.7904616590766553
2020-12-29,63.30099410250463,64.77804512023927,66.25509613797391,4.560344527202004,0.9525760380770645
2020-12-30,63.375850499760936,64.88177501678466,66.38769953380839,4.642057085010849,0.8616462597145949
2020-12-31,63.405709449457596,64.98682507514954,66.56794070084149,4.865957442492611,0.9029353623626144
2021-01-04,63.47787489902143,65.09287504196166,66.7078751849019,4.962141069661262,0.8514319838096204
2021-01-05,63.55828823893733,65.18832509040831,66.8183619418793,5.001008537066486,0.7977467224494154
2021-01-06,63.58733089610996,65.30502506256104,67.02271922901213,5.2605267812256775,0.9142105388205385
2021-01-07,63.64460711246113,65.41407497406006,67.18354283565898,5.410052384905262,0.8512141842730773
2021-01-08,63.64339512536531,65.56312500953675,67.4828548937082,5.8561268514647535,0.9898800786095862
2021-01-11,63.825096684404784,65.7446749305725,67.66425317674022,5.839494219706233,0.9491412136134513
2021-01-12,64.08068847884087,65.86437490463257,67.64806133042427,5.416240352616614,0.6714494108949003
2021-01-13,64.40643880614923,65.98822481155396,67.5700108169587,4.794146258433005,0.655132850833747
2021-01-14,64.72801163859003,66.12462475776672,67.52123787694342,4.224184634069024,0.7829613989850788
2021-01-15,64.95063057844942,66.23549975395203,67.52036892945463,3.8796994973256567,0.7784331208880737
2021-01-19,65.11624084742571,66.29219974517822,67.46815864293073,3.5478047259641343,0.47780535775535027
2021-01-20,65.20229694605678,66.33527479171752,67.46825263737827,3.415913627306503,0.5534986820890827
2021-01-21,65.29904053170931,66.39207475662232,67.48510898153533,3.2926647613282687,0.6573253432645978
2021-01-22,65.38421209230862,66.43764970779418,67.49108732327974,3.171206748338597,0.5948555298335308
2021-01-25,65.44509942112653,66.48114969253541,67.5171999639443,3.11682417106337,0.6490523299158084
2021-01-26,65.6265530483641,66.55814970016479,67.48974635196548,2.7993466044275634,0.7135317943660939
2021-01-27,65.82587087520305,66.62298473358155,67.42009859196004,2.3929094788114678,0.6052013096919177
2021-01-28,65.84869303562272,66.63003973007201,67.41138642452131,2.345328616385782,0.26070873058556077
2021-01-29,65.93860730094501,66.66016468048096,67.38172206001691,2.1648832792254833,0.4399446807785165
2021-02-01,65.88821317826763,66.64701461791992,67.40581605757221,2.2770755569545433,0.07234134984131654
2021-02-02,65.93047461439235,66.6652645969391,67.40005457948584,2.2044163088208344,0.4508263802324452
2021-02-03,65.98738750746783,66.71636447906494,67.44534145066204,2.1853018439751866,0.8186894318739777
2021-02-04,65.98303014339557,66.73851457595825,67.49399900852093,2.2640133283243196,0.78623123009376
2021-02-05,65.95259750930205,66.78241453170776,67.61223155411346,2.4851363288511092,0.9534638120452842
2021-02-08,65.94991353918324,66.78361463546753,67.61731573175182,2.496723487744623,0.9104512429268286
2021-02-09,65.74026271784453,66.8368648147583,67.93346691167207,3.281428893928695,1.2738162787694214
2021-02-10,65.58899047212677,66.95031491279602,68.31163935346527,4.066670761571173,1.1591690683064124
2021-02-11,65.56747775813095,67.04571506500244,68.52395237187393,4.409639916401234,0.9536777448721462
2021-02-12,65.44556042245418,67.15021512985228,68.85486983725039,5.077138484520759,1.0440357278656298
2021-02-16,65.35262466410404,67.25921504974364,69.16580543538325,5.669380423870618,0.990871921171405
2021-02-17,65.41137769389967,67.39565008163451,69.37992246936936,5.888428660696507,0.89637963442528
2021-02-18,65.45919143899053,67.52867499351501,69.59815854803949,6.129199350418827,0.8837488042603252
2021-02-19,65.52379300573648,67.63307502746582,69.74235704919516,6.237427533415453,0.7823056293972959
2021-02-22,65.60791250502575,67.7553501701355,69.90278783524525,6.338798809887264,0.8091244926337126
2021-02-23,65.71711218059751,67.82435009956359,69.93158801852967,6.213809394038371,0.5820148480030719
2021-02-24,65.75755722191738,67.84160003662109,69.9256428513248,6.143849241700476,0.37030002883737406
2021-02-25,65.8705942367526,67.89811518669129,69.92563613662998,5.972245162811544,0.5056441813942162
2021-02-26,65.89898839042462,67.9049951171875,69.91100184395037,5.9082744157509985,0.12330742919165841
2021-03-01,65.88133744651785,67.90027019500732,69.9192029434968,5.946759100342806,0.1480143588927025
2021-03-02,66.16015353109931,67.98537016868592,69.81058680627252,5.369439433977818,0.42182514936641125
2021-03-03,66.2521694137198,68.01122007369995,69.77027073368009,5.172824889993041,0.24383286297400575
2021-03-04,66.13513321530932,67.97817006111146,69.82120690691359,5.422437362304007,0.104410697680074
2021-03-05,65.75512889266686,67.88997000694275,70.02481112121863,6.289120805496209,-0.08153508962715342
2021-03-08,65.55945858821505,67.82102004051208,70.08258149280911,6.66920506635292,0.1318868861232662
2021-03-09,65.27280600231516,67.72832000732421,70.18383401233326,7.251070171956157,0.06947532595980145
2021-03-10,65.20366837040665,67.6506198978424,70.09757142527816,7.234084569013088,0.36296823673209927
2021-03-11,65.15820520071337,67.56526982307435,69.97233444543532,7.125153584568194,0.39047438230281134
2021-03-12,65.15620357782208,67.53726968765258,69.91833579748308,7.051117466970432,0.5608402688302688
2021-03-15,65.16556556061512,67.4508196926117,69.73607382460828,6.776060372315679,0.46175078908472755
2021-03-16,65.2243522184068,67.38351976394654,69.54268730948627,6.408592347516374,0.5929710351322488
2021-03-17,65.28045954467999,67.32503469467164,69.3696098446633,6.07374406642073,0.6159077788771371
2021-03-18,65.36896328275442,67.2659346961975,69.16290610964059,5.640214239230121,0.6763505770471914
2021-03-19,65.4154463822304,67.17448477745056,68.93352317267072,5.2372218441209135,0.4489824247242113
2021-03-22,65.5536483982551,67.08015983581542,68.60667127337574,4.551305307848362,0.538107365635773
2021-03-23,65.58970122874764,67.03830983161927,68.4869184344909,4.321733666943911,0.6017147691576031
2021-03-24,65.57803603382307,67.02180985450744,68.46558367519181,4.308370137477784,0.4824037722071663
2021-03-25,65.55541224185318,66.9523598098755,68.34930737789783,4.172959913554164,0.34954405827327717
2021-03-26,65.56684725824266,66.95697493553162,68.34710261282058,4.152301320743416,0.33060082363573745
2021-03-29,65.61813262919887,66.99677496910095,68.37541730900304,4.115548369419032,0.600905511741964
2021-03-30,65.62821755255563,66.97872502326966,68.3292324939837,4.0326460984285495,0.6333847315058734
2021-03-31,65.6297764389016,66.98167509078979,68.33357374267798,4.036622404727177,0.5692819650902607
2021-04-01,65.67741072325808,67.03252510070801,68.38763947815795,4.04315479810449,0.6861369959617251
2021-04-05,65.94730554448829,67.17180011749267,68.39629469049704,3.645859038651844,0.9167842839755359
2021-04-06,65.95801619405748,67.31000020027162,68.66198420648576,4.017186160129243,1.0954214811572163
2021-04-07,66.22695407144217,67.46255019187927,68.69814631231638,3.6630578503859814,0.9865873623646347
2021-04-08,66.24567791992803,67.53840015411376,68.83112238829949,3.828110323122577,0.8707675160979903
2021-04-09,66.20328845993598,67.64175012588501,69.08021179183405,4.253176960300343,1.0086157970175953
2021-04-12,66.09765467625239,67.71815016746521,69.33864565867803,4.786000465769897,1.0050460692784073
2021-04-13,66.06192106227327,67.82420008659362,69.58647911091397,5.196608355337428,0.9462402469477118
2021-04-14,65.92977199744867,67.93635004043578,69.9429280834229,5.907229463439817,1.021197989564819
2021-04-15,65.91854373569865,68.01270014762878,70.1068565595589,6.158133429152321,0.8135632592166707
2021-04-16,65.84749839326058,68.11730027198792,70.38710215071525,6.6643917761395866,0.9206756845378036
2021-04-19,65.93173539083071,68.26030029296876,70.58886519510682,6.822603745204771,0.8424214534780552
2021-04-20,66.05079276322986,68.36152517318726,70.67225758314466,6.760330183106303,0.6859745685591351
2021-04-21,66.16834692044462,68.4420251941681,70.71570346789157,6.644099929168124,0.610168365097902
2021-04-22,66.3625761609971,68.54917522430421,70.73577428761132,6.379650976549902,0.6291561165335362
2021-04-23,66.65611787249549,68.64107524871825,70.62603262494102,5.783584738526752,0.4317181624180132
2021-04-26,67.03781496186255,68.7595001220703,70.48118528227806,5.007846645630665,0.527589049249586
2021-04-27,67.2663792802356,68.86305003166198,70.45972078308837,4.63723506493618,0.6512360486577903
2021-04-28,67.51727119836372,68.96062515258788,70.40397910681205,4.186023404023622,0.6142742710442404
2021-04-29,67.86543578324817,69.05207518577575,70.23871458830332,3.4369405968903157,0.4772150491960441
2021-04-30,68.10831318403379,69.10277529716491,70.09723741029603,2.878211790639676,0.22257659563808785
2021-05-03,68.18382053197351,69.1215002822876,70.05918003260169,2.713134832099036,0.20432321137762763
2021-05-04,68.12997108556496,69.10120020866394,70.07242933176292,2.8110340201506543,0.19770220644225991
2021-05-05,67.93656165350433,69.05625012397766,70.175938594451,3.2428302100480186,-0.07616504298539786
2021-05-06,67.81541824506009,69.02540014266968,70.23538204027928,3.5059033199624023,0.026686806872468577
2021-05-07,67.69920571858901,68.9747253227234,70.25024492685779,3.6985130369607253,0.15377915812133264
2021-05-10,67.6491589761765,68.93037526130675,70.211591546437,3.7174214713711318,0.31955561629229357
2021-05-11,67.43177991621937,68.83557532310486,70.23937072999036,4.078691578580603,0.024654967527177288
2021-05-12,67.28138109902247,68.70455533981324,70.12772958060401,4.142881745618587,0.04434388839494763
2021-05-13,66.7996943040953,68.55040523529053,70.30111616648576,5.107806219922806,-0.15899118961689115
2021-05-14,66.44573048529881,68.35561518669127,70.26549988808372,5.588084303465704,-0.08234273693820829
2021-05-17,66.34612227323443,68.21281504631042,70.07950781938642,5.473143929945358,0.17487515303804238
2021-05-18,66.10314942720568,68.07081502914428,70.03848063108289,5.781231210750618,0.07060405192323782
2021-05-19,65.81763683927805,67.92651500701905,70.03539317476005,6.2092929911775405,0.05675120364849041
2021-05-20,65.56402149306163,67.76766491889953,69.97130834473742,6.503524736982131,0.08462740644526903
2021-05-21,65.43223048292717,67.67736477851868,69.92249907411019,6.634815947514952,0.25204926183154996
2021-05-24,65.27228789232305,67.54243982315063,69.81259175397821,6.722149619621738,0.19463728919208548
2021-05-25,65.29895606390872,67.42336486816406,69.5477736724194,6.301699146606791,0.39200158076731595
2021-05-26,65.35264747378372,67.30473972320557,69.25683197262742,5.800757145633246,0.40094191810182866
2021-05-27,65.41424084612748,67.2067396736145,68.99923850110153,5.334282948978587,0.45293148372267994
2021-05-28,65.43412167920333,67.12173962593077,68.80935757265821,5.028528629122343,0.41978652134129646
2021-06-01,65.47410229637572,67.0311395740509,68.58817685172608,4.645713283615243,0.4113249862484079
2021-06-02,65.51782391878487,66.93123965263365,68.34465538648243,4.22348589742029,0.35310807560935215
2021-06-03,65.5277788419873,66.88833962440489,68.24890040682249,4.068155346828728,0.5072246766960355
2021-06-04,65.54386996605959,66.82803965568542,68.11220934531124,3.843206223741372,0.4400236277892217
2021-06-07,65.62232692114118,66.78201462745666,67.94170233377214,3.4730539735430153,0.6677120427425697
2021-06-08,65.83418889592289,66.70909970283508,67.58401050974726,2.623062852922898,0.6717892256741759
2021-06-09,65.87662663106441,66.67614967346191,67.4756727158594,2.398227991007459,0.6037185339523647
2021-06-10,65.90078601356497,66.66521980285644,67.42965359214791,2.2933511403759574,0.8425947745863689
2021-06-11,65.91326316619482,66.72616990089416,67.5390766355935,2.4365454690617456,0.9525925947554509
2021-06-14,65.93345615756677,66.80530993461609,67.67716371166541,2.6101331702603514,1.021125779312684
2021-06-15,65.81493097451913,66.86251004219056,67.910089109862,3.133531980807804,1.1111666368595632
2021-06-16,65.81927633665511,66.94013005256653,68.06098376847795,3.3488244347037943,0.9430863263921532
2021-06-17,65.93991952102195,67.01608001708983,68.09224051315772,3.2116485947654727,0.7601465410758973
2021-06-18,66.10209598384839,67.10948005676269,68.116864129677,3.0022109307425358,0.8452106818909396
2021-06-21,66.16883200781248,67.15128010749817,68.13372820718385,2.926074076660774,0.6265818896953156
2021-06-22,66.33953993255436,67.21543018341065,68.09132043426693,2.606217793938822,0.6276253861053219
2021-06-23,66.35839185996605,67.25365513801574,68.14891841606544,2.662348317611785,0.7654767868725485
2021-06-24,66.3930844979739,67.29015521049499,68.18722592301607,2.6662762471416395,0.6994519102389543
2021-06-25,66.39538537400462,67.33980522155761,68.2842250691106,2.8049378653404666,0.8659358465532755
2021-06-28,66.45202721492613,67.38500518798828,68.31798316105044,2.769096686894547,0.6982867575285201
2021-06-29,66.49695566370002,67.46165522575379,68.42635478780755,2.859993751488885,0.928291113675217
2021-06-30,66.57536390064566,67.56795526504517,68.56054662944469,2.938053580298327,1.0410315350908523
2021-07-01,66.620621318727,67.64920531272888,68.67778930673076,3.0409344477793563,0.9296170726263726
2021-07-02,66.75534641851168,67.73830530166626,68.72126418482084,2.902224609184019,0.8650684003637225
2021-07-06,66.75095675413462,67.82645519256592,68.90195363099721,3.1713243317164412,1.0148982098191541
2021-07-07,66.78228249414424,67.93312016487121,69.08395783559818,3.3881490146012156,1.025651668758977
2021-07-08,66.85909092496279,68.06022010803223,69.26134929110167,3.529607107243802,1.0510561074306128
2021-07-09,66.95694705847265,68.14852009773254,69.34009313699244,3.4969887462003433,0.8384104524084389
2021-07-12,67.00438305185108,68.23522000312805,69.46605695440502,3.607629465312916,0.8902950514213005
2021-07-13,67.03568311319304,68.30907007217408,69.58245703115512,3.728310040337538,0.8462938720886611
2021-07-14,67.03093204955891,68.36382000923156,69.6967079689042,3.899395790032386,0.8279268595051491
2021-07-15,67.02814093022597,68.44655000686645,69.86495908350692,4.1445743474234416,0.9023697845736274
2021-07-16,67.12910891795958,68.53085007667542,69.93259123539126,4.090832543730319,0.7608007168215731
2021-07-19,67.21540412246917,68.59325010299683,69.9710960835245,4.017438970915504,0.6668364868661364
2021-07-20,67.39024683245808,68.65469999313355,69.91915315380902,3.6835152168808136,0.48983678884723947
2021-07-21,67.59093885096378,68.72994977951049,69.8689607080572,3.3144529632299196,0.5939621337150579
2021-07-22,67.73700730602191,68.81349988937379,69.88999247272567,3.128724988795727,0.7724127838413031
2021-07-23,67.90771160903348,68.91934988975524,69.930988170477,2.9357162606437566,0.9179607864529002
2021-07-26,67.9729375027532,69.02290000915528,70.07286251555736,3.0423598726301377,1.0138763273236402
2021-07-27,68.04666105704368,69.17070000648499,70.2947389559263,3.250043585899611,1.1851628598418038
2021-07-28,68.10899046210854,69.27589998245239,70.44280950279624,3.368875815801538,0.978228707016066
2021-07-29,68.11256247415075,69.37339984893799,70.63423722372524,3.6349303264154353,0.983249953318807
2021-07-30,68.16488063284825,69.47894982337951,70.79301901391077,3.782639760306438,0.9432983725216906
2021-08-02,68.26184797991962,69.59142477035522,70.92100156079081,3.821093747751441,0.9189580974308843
2021-08-03,68.32045087779976,69.66937480926514,71.01829874073051,3.872358364513382,0.8052898623525211
2021-08-04,68.36109884813769,69.74002485275268,71.11895085736768,3.954475231479844,0.7958736231368584
2021-08-05,68.37157188766243,69.80892484664916,71.2462778056359,4.117963318140772,0.8315380114678763
2021-08-06,68.44058418990463,69.91127486228943,71.38196553467424,4.207306118453018,0.8708213804969988
2021-08-09,68.49312905859084,70.00342492103576,71.51372078348068,4.3149199175570105,0.8428385871766817
2021-08-10,68.55855782263954,70.10262484550476,71.64669186836998,4.405161793208467,0.8472569200541445
2021-08-11,68.65856614612744,70.18497484207154,71.71138353801564,4.349673699759201,0.7293044535617879
2021-08-12,68.71443259051664,70.25677493095398,71.79911727139132,4.390586792385806,0.7487212931449597
2021-08-13,68.83965240754577,70.34407485008241,71.84849729261904,4.2773252636924095,0.7206573726807423
2021-08-16,69.01552418145153,70.45982485771178,71.90412553397204,4.099643106342969,0.8143996878448466
2021-08-17,69.36086029240691,70.6021249294281,71.84338956644929,3.5162245846337403,0.8516070075100598
2021-08-18,69.71314638004434,70.70957496643067,71.706003552817,2.818369610790006,0.6923988094639438
2021-08-19,69.96429089251338,70.76627501487732,71.56825913724127,2.2665715333902905,0.3551882342414899
2021-08-20,70.1647967606053,70.8322249698639,71.4996531791225,1.8845326672783889,0.6886152540174371
2021-08-23,70.23479692117552,70.91107494354247,71.58735296590943,1.9073974633874686,1.0677593142327184
2021-08-24,70.13777614705464,70.98017493247985,71.82257371790507,2.3736171014696774,1.1605092233938508
2021-08-25,70.15563231113411,71.05992506980895,71.9642178284838,2.5451553960589424,1.0125977801821382
2021-08-26,70.18612276284983,71.12137510299682,72.05662744314381,2.63001759679863,0.8740298658892522
2021-08-27,70.24180464508353,71.1645252418518,72.08724583862008,2.5932038291056307,0.6855799181862868
2021-08-30,70.26189861671871,71.2301003074646,72.19830199821048,2.718518397606195,0.9063717857993935
2021-08-31,70.29928374781699,71.32340029716491,72.34751684651283,2.8717546978439037,1.0056064710057326
2021-09-01,70.3994260716498,71.39195024490357,72.38447441815734,2.780493234458525,0.7695396460290533
2021-09-02,70.47364554661124,71.45230018615723,72.43095482570322,2.7393229804954347,0.7639837120706447
2021-09-03,70.51363768124597,71.50650008201599,72.49936248278601,2.7769850283015844,0.7918328802837501
2021-09-07,70.54098780468603,71.5710500907898,72.60111237689357,2.878432787550579,0.8684002488779518
2021-09-08,70.58451525281751,71.60745000839232,72.63038476396713,2.8570623739706478,0.6444613671532882
2021-09-09,70.68273518052791,71.65230002403258,72.62186486753725,2.706304872780003,0.5668855495245515
2021-09-10,70.76301766679396,71.6893999671936,72.61578226759323,2.584433126301985,0.5413439406814866
2021-09-13,70.81206383378374,71.70385009765624,72.59563636152875,2.4874152856727942,0.2718910642276245
2021-09-14,70.79081647413909,71.69630003929137,72.60178360444365,2.525886453432194,0.23533424361176142
2021-09-15,70.7753418208406,71.68945004463197,72.60355826842334,2.5501889698477918,0.3077632876813627
2021-09-16,70.84908697580177,71.72127524375915,72.59346351171654,2.432160513022327,0.5047163284527306
2021-09-17,71.08591859965014,71.77322524070739,72.46053188176464,1.9152173773777417,0.35434175326979017
2021-09-20,71.06732540326199,71.76962524414061,72.47192508501924,1.9570949088548029,-0.03938921743801286
2021-09-21,70.70982843116143,71.69500022888184,72.68017202660225,2.748230126439255,-0.26560215263277687
2021-09-22,70.39476687448766,71.59305032730103,72.7913337801144,3.347485397912769,-0.14218907793714294
2021-09-23,70.27715974734662,71.52670017242431,72.77624059750201,3.4939132437691636,0.15319198111072396
2021-09-24,70.22561260694616,71.48645020484925,72.74728780275234,3.5274869413436414,0.31343757537817507
2021-09-27,70.1534193670886,71.4504501438141,72.74748092053959,3.630574122667817,0.24424304000469843
2021-09-28,70.03504579664379,71.37270018577576,72.71035457490773,3.7483642503371564,0.15959094280551295
2021-09-29,69.68608537908823,71.22020018577575,72.75431499246328,4.308089004765035,-0.12289991969661523
2021-09-30,69.36030412901395,71.0852001094818,72.81009608994965,4.853038263411378,-0.03864180299293523
2021-10-01,69.08154317240158,70.94530024528504,72.8090573181685,5.254067757666083,0.023999237960429257
2021-10-04,69.0105260510528,70.84080033302307,72.67107461499333,5.167288549440803,0.2692152710978845
2021-10-05,68.905830382033,70.69700031280517,72.48817024357734,5.067173777803809,0.15302001783924135
2021-10-06,68.86224209927855,70.59635034561157,72.33045859194459,4.912741913267528,0.2963360776390225
2021-10-07,68.87783989252452,70.52590023994446,72.1739605873644,4.67363150789393,0.45361135446934076
2021-10-08,68.91372857010204,70.4604501914978,72.00717181289356,4.390325685379735,0.4988845428170867
2021-10-11,68.91562524904573,70.414100189209,71.91257512937226,4.25617862370385,0.4852853833841695
2021-10-12,68.91836592130274,70.37087518692017,71.82338445253761,4.128154614417569,0.49367433338414846
2021-10-13,68.91454722398827,70.30432516098021,71.69410309797216,3.953605795403586,0.39303112874248924
2021-10-14,69.0110716193288,70.24619996070862,71.48132830208844,3.5165698417015423,0.6298643709967156
2021-10-15,69.03965294068925,70.23689984321595,71.43414674574265,3.409167845389577,0.9803099864388345
2021-10-18,68.93891522225312,70.27554991722107,71.61218461218903,3.803982171729437,1.0646460059536047
2021-10-19,68.86784889061369,70.35522479057312,71.84260069053255,4.228188892543272,0.9789554568192451
2021-10-20,68.75020542315956,70.47177464485168,72.1933438665438,4.885840410201421,1.0556627211309657
2021-10-21,68.6131847842345,70.5687247943878,72.5242648045411,5.5422285604594625,1.0191090643840843
2021-10-22,68.53333676289536,70.63727487564087,72.74121298838638,5.957019481426935,0.9158219067926424
2021-10-25,68.48401567419067,70.71482486724854,72.9456340603064,6.309311229281037,0.8638087508377676
2021-10-26,68.44036579753738,70.82602470397948,73.21168361042159,6.7366731830935604,0.8898237238525357
2021-10-27,68.58929837847592,70.99227478027345,73.39525118207098,6.769684192357346,0.8416028035837196
2021-10-28,68.81134264867218,71.15567492485046,73.50000720102874,6.589305150022663,0.7856518949963662
2021-10-29,69.06373953060316,71.34379981994628,73.62386010928941,6.391754560585284,0.8486089295066273
2021-11-01,69.18905156327043,71.4964996623993,73.80394776152818,6.454716272892967,0.8366270323281122
2021-11-02,69.48349381818214,71.67064956665038,73.85780531511863,6.103351264967368,0.7894966695470162
2021-11-03,69.68948964100359,71.8493496990204,74.0092097570372,6.0121909719838476,0.8737864204452829
2021-11-04,69.83687571497587,72.00919985771179,74.18152400044771,6.033462799276676,0.8592467972012386
2021-11-05,69.95907837749209,72.19174993515016,74.42442149280822,6.185392540459746,0.9291386243213601
2021-11-08,70.12602857700007,72.39379992485047,74.66157127270087,6.265098254835345,0.9447540735910364
2021-11-09,70.3115088659479,72.61937495231629,74.92724103868468,6.3560615548778685,0.9862987108387472
2021-11-10,70.66662014263004,72.86942490577698,75.07222966892392,6.0458958362722255,0.9854205433360036
2021-11-11,71.04141954352008,73.05552496910096,75.06963039468184,5.513903093387533,0.8062090426667755
2021-11-12,71.27229606805047,73.2003249835968,75.12835389914314,5.26781517972326,0.7807723545635764
2021-11-15,71.42995693208255,73.34462487220763,75.25929281233272,5.221017745911486,0.846371731959156
2021-11-16,71.64101112540331,73.48377490997315,75.32653869454299,5.015430377188589,0.7928276136640021
2021-11-17,71.77119019240895,73.58667494773866,75.40215970306836,4.934275822678672,0.7358389754005612
2021-11-18,71.88225272933006,73.68382487297058,75.48539701661109,4.8900071263846225,0.7381740634583716
2021-11-19,72.04887940979616,73.80007484436035,75.55127027892455,4.745782272598923,0.7603725879784422
2021-11-22,72.23100220524846,73.94042482376099,75.64984744227353,4.623783600343084,0.8523340074662162
2021-11-23,72.40743920531224,74.02677492141723,75.64611063752221,4.375000039712612,0.619254027854923
2021-11-24,72.61994941196805,74.11077483177186,75.60160025157568,4.023235280397268,0.5681585866773508
2021-11-26,72.91091618591196,74.2137248802185,75.51653357452506,3.5109643031913347,0.6305935896172068
2021-11-29,73.06134266870524,74.25185006141662,75.442357454128,3.206674020180417,0.2665500157520876
2021-11-30,73.26472887934143,74.33710017204285,75.40947146474427,2.8851577212981545,0.6948487979149056
2021-12-01,73.55452014855595,74.41350027084351,75.27248039313108,2.308667430402075,0.5299773419711046
2021-12-02,73.6528645919512,74.434650182724,75.2164357734968,2.1005958618832827,0.1497444228572361
2021-12-03,73.78791869730787,74.46880012512207,75.14968155293627,1.828635419585615,0.34152862076146184
2021-12-06,73.62188882529007,74.43365007400513,75.24541132272019,2.181167383053149,-0.13359144156761732
2021-12-07,73.44174717907745,74.38070000648499,75.31965283389252,2.5247216746432053,-0.04779127989773515
2021-12-08,73.44886467014145,74.36820003509521,75.28753540004898,2.472388371696295,0.6336835848889876
2021-12-09,73.46511320368002,74.35575015068055,75.24638709768108,2.395610145000678,0.7263831733799613
2021-12-10,73.45393400215411,74.34875022888184,75.24356645560957,2.407078058401909,0.38838540172023617
2021-12-13,73.45619916826499,74.37770033836365,75.29920150846232,2.4778963746029112,0.7627784354233333
2021-12-14,73.44282089934272,74.3560503578186,75.26927981629449,2.456368927830916,0.4353659727461633
2021-12-15,73.37465256593231,74.31655032157899,75.25844807722567,2.5348263652468908,0.2114591844095224
2021-12-16,73.37344652642453,74.33040044784545,75.28735436926637,2.5748655076663374,0.7035631735271616
2021-12-17,73.27455437783598,74.28160042762757,75.28864647741915,2.711427982149486,0.14470321737796646
2021-12-20,73.12613542454461,74.20820044517518,75.29026546580575,2.9162950028143926,0.05446361504516471
2021-12-21,72.92086537070142,74.0884504699707,75.25603556923997,3.151868049238029,-0.07317008750321709
2021-12-22,72.87390981699421,74.04870047569275,75.2234911343913,3.1730216766847326,0.3166903935369861
2021-12-23,72.87092227996051,74.0404503917694,75.20997850357828,3.159159906836267,0.5464066949877591
2021-12-27,72.82273247631085,73.98857533454894,75.15441819278703,3.1514131822827616,0.2975393221068202
2021-12-28,72.85339592398805,74.01727512359619,75.18115432320434,3.1448852924257675,0.6085691945948355
2021-12-29,72.85080569660862,73.96805510520934,75.08530451381007,3.0208970805345485,0.41163352391122016
2021-12-30,72.81773617912579,73.92335516929627,75.02897415946676,2.9912576008987695,0.34065318246940723
2021-12-31,72.76795684832399,73.89825513839722,75.02855342847045,3.059066247116109,0.2729559069681525
2022-01-03,72.67389272421988,73.84125510215759,75.0086174800953,3.161816186148757,0.18807623343070118
2022-01-04,72.66216898409581,73.83680519104004,75.01144139798427,3.1817091866449507,0.278312938137226
2022-01-05,72.60667599896908,73.81935523986816,75.03203448076724,3.285531923053529,0.16340868571570133
2022-01-06,72.18773445976728,73.67100529670715,75.15427613364702,4.026742491068364,-0.18227729549493216
2022-01-07,71.78347086648826,73.49940529823303,75.2153397299778,4.669247117802251,-0.1330092339376786
