,MACD_12_26_9,MACDh_12_26_9,MACDs_12_26_9
2019-01-09,-0.3592610242763996,0.029105324571869096,-0.3883663488482687
2019-01-10,-0.3158483878766276,0.05801436877731292,-0.37386275665394053
2019-01-11,-0.2764014687460019,0.07796903032635094,-0.35437049907235285
2019-01-14,-0.2413089495363252,0.09044923962882212,-0.3317581891651473
2019-01-15,-0.2189622926947763,0.09023671717629683,-0.3091990098710731
2019-01-16,-0.18180791070018643,0.10191287933670934,-0.28372079003689576
2019-01-17,-0.14568065235584982,0.11043211014483678,-0.2561127625006866
2019-01-18,-0.10678109004329883,0.11946533796591025,-0.22624642800920908
2019-01-22,-0.06200481013128467,0.13139329430233954,-0.1933981044336242
2019-01-23,-0.03945910631797034,0.1231511984925231,-0.16261030481049343
2019-01-24,-0.017037846652698363,0.11645796652623608,-0.13349581317893444
2019-01-25,0.016836961958794916,0.1202662201101835,-0.10342925815138858
2019-01-28,0.0579429607088926,0.12909777508822495,-0.07115481437933235
2019-01-29,0.07130024256522205,0.11396404555564352,-0.042663802990421475
2019-01-30,0.0768843095372489,0.0956384900221363,-0.018754180484887403
2019-01-31,0.11452551107417719,0.10662375324725168,0.007901757826925515
2019-02-01,0.14406753944170703,0.10893262529182521,0.03513491414988182
2019-02-04,0.16900133563112263,0.10709313718499265,0.06190819844612998
2019-02-05,0.20184685938129832,0.11195092874813467,0.08989593063316365
2019-02-06,0.23740562348326932,0.11800775428008453,0.11939786920318479
2019-02-07,0.26511233613057783,0.11657157354191441,0.14854076258866342
2019-02-08,0.27167339995779827,0.09850610989530786,0.1731672900624904
2019-02-11,0.2879171477650999,0.09179988616208759,0.19611726160301232
2019-02-12,0.29265604315739324,0.07723102524350473,0.21542501791388852
2019-02-13,0.30783165247608935,0.07392530764976066,0.2339063448263287
2019-02-14,0.3164125283913748,0.06600494685203684,0.25040758153933795
2019-02-15,0.325193543390931,0.05982876948127441,0.26536477390965657
2019-02-19,0.33722215509801856,0.05748590495068956,0.279736250147329
2019-02-20,0.3510197243513602,0.05702677936322498,0.2939929449881352
2019-02-21,0.3610205019623294,0.05362204557935529,0.3073984563829741
2019-02-22,0.36274724395740066,0.04427903005954126,0.3184682138978594
2019-02-25,0.3788721957427512,0.04832318547591341,0.3305490102668378
2019-02-26,0.38950158865142726,0.04716206270767154,0.3423395259437557
2019-02-27,0.394108463396762,0.041415149962404973,0.352693313434357
2019-02-28,0.3856483835572817,0.026364056098339694,0.359284327458942
2019-03-01,0.3697590694760038,0.008379793613649378,0.3613792758623544
2019-03-04,0.35556925985147814,-0.00464801280870103,0.36021727266017917
2019-03-05,0.3368900611530279,-0.018661769205721046,0.35555183035874893
2019-03-06,0.3212081042966233,-0.02747498084970057,0.34868308514632385
2019-03-07,0.3066172295332237,-0.033652684490480145,0.3402699140237038
2019-03-08,0.2898567903976783,-0.040330498900820466,0.3301872892984988
2019-03-11,0.2777298006586051,-0.041965990911915,0.3196957915705201
2019-03-12,0.2836504152114472,-0.02883630108725832,0.3124867162987055
2019-03-13,0.29367219079769313,-0.015051620400809873,0.308723811198503
2019-03-14,0.3059947990299534,-0.002183209734839653,0.30817800876479307
2019-03-15,0.3139170709761814,0.004591249769110628,0.30932582120707075
2019-03-18,0.33042695477070794,0.016880906850909705,0.31354604791979823
2019-03-19,0.3478132346704186,0.02741374940049629,0.3203994852699223
2019-03-20,0.3624967625283091,0.03367782180670942,0.3288189407215997
2019-03-21,0.3685138991113348,0.0317559667117881,0.3367579323995467
2019-03-22,0.40484618864287825,0.05447060499466522,0.35037558364821303
2019-03-25,0.40782161851806364,0.045956827895880514,0.36186479062218313
2019-03-26,0.4036465794937385,0.033425431097244274,0.3702211483964942
2019-03-27,0.3972912578868417,0.021656087592277995,0.3756351702945637
2019-03-28,0.3857903203566124,0.008124120049638972,0.37766620030697345
2019-03-29,0.37700971043089027,-0.000525191900866584,0.37753490233175685
2019-04-01,0.3754864481088944,-0.0016387633782899425,0.37712521148718436
2019-04-02,0.37910791248987863,0.0015861608021554008,0.37752175168772323
2019-04-03,0.38967054414792557,0.009719033968161817,0.37995151017976375
2019-04-04,0.4038757427421018,0.01913938604987042,0.3847363566922314
2019-04-05,0.4029838999272073,0.014598034587980702,0.3883858653392266
2019-04-08,0.40838216401999716,0.015997038944616404,0.39238512507538076
2019-04-09,0.41800886082261,0.020498988597783374,0.39750987222482664
2019-04-10,0.4164797694475837,0.015175917778205594,0.4013038516693781
2019-04-11,0.4276068286416219,0.021042381577795033,0.4065644470638269
2019-04-12,0.4237936033331877,0.013783325015488679,0.41001027831769904
2019-04-15,0.416694358380191,0.0053472640499935276,0.41134709433019745
2019-04-16,0.39856596185964577,-0.010224905976441379,0.40879086783608715
2019-04-17,0.3905102150711386,-0.014624522211958868,0.40513473728309746
2019-04-18,0.3817426729742337,-0.01871365144709103,0.4004563244213247
2019-04-22,0.38288793358341877,-0.014054712670324765,0.39694264625374354
2019-04-23,0.3826924611200866,-0.011400148106925578,0.39409260922701217
2019-04-24,0.39548860376554273,0.0011167956308243965,0.39437180813471834
2019-04-25,0.40316095544698527,0.007031317849813534,0.39612963759717174
2019-04-26,0.4044979743620942,0.00669466941193797,0.39780330495015626
2019-04-29,0.3951123300614441,-0.0021527799109697376,0.3972651099724138
2019-04-30,0.3815012543804812,-0.012611084473546141,0.39411233885402736
2019-05-01,0.3745467981410755,-0.01565243257036153,0.39019923071143703
2019-05-02,0.3597242995704022,-0.02437994491282791,0.3841042444832301
2019-05-03,0.33547617194439283,-0.03890245803106984,0.3743786299754627
2019-05-06,0.3307236510948286,-0.034923983104507283,0.3656476341993359
2019-05-07,0.31417719021003165,-0.04117635519144336,0.355353545401475
2019-05-08,0.2764137608236794,-0.06315182766223648,0.3395655884859159
2019-05-09,0.24415563083697833,-0.07632796611915005,0.3204835969561284
2019-05-10,0.2110741705281498,-0.08752754114238287,0.2986017116705327
2019-05-13,0.1888128780839864,-0.08783106686923703,0.2766439449532234
2019-05-14,0.14010300739252557,-0.10923275004855831,0.24933575744108388
2019-05-15,0.1151012636598523,-0.1073875950249853,0.2224888586848376
2019-05-16,0.11901049773521777,-0.08278268875969585,0.20179318649491362
2019-05-17,0.127577294552907,-0.05937271355360532,0.18695000810651233
2019-05-20,0.11807758402056123,-0.05509793926876089,0.17317552328932212
2019-05-21,0.09038314973631856,-0.06623389884240286,0.1566170485787214
2019-05-22,0.08544444712425303,-0.05693808116357471,0.14238252828782774
2019-05-23,0.07677221225581832,-0.05248825282560754,0.12926046508142586
2019-05-24,0.05091481239944784,-0.06267652214558242,0.11359133454503026
2019-05-28,0.03996783583272645,-0.05889879896984304,0.09886663480256949
2019-05-29,0.03500398030308105,-0.05109012359959075,0.0860941039026718
2019-05-30,0.02967910532472473,-0.045131998862357664,0.0748111041870824
2019-05-31,0.03402346401581724,-0.03263011213701213,0.06665357615282937
2019-06-03,0.02020764008307907,-0.03715674885580024,0.05736438893887931
2019-06-04,-0.012226066644871025,-0.055672364467000274,0.04344629782212925
2019-06-05,-0.0101358677745651,-0.04286573247735548,0.03272986470279038
2019-06-06,0.01690509446824251,-0.012659816187638298,0.029564910655880808
2019-06-07,0.050342716575094926,0.016622244735371293,0.03372047183972363
2019-06-10,0.11481564037838154,0.06487613483092633,0.049939505547455215
2019-06-11,0.16920531862577093,0.09541265046265257,0.07379266816311836
2019-06-12,0.20717781955782044,0.10670812111576167,0.10046969844205877
2019-06-13,0.23536510795482712,0.10791632761021466,0.12744878034461246
2019-06-14,0.26513723057091454,0.11015076018104164,0.1549864703898729
2019-06-17,0.2785810037792871,0.09887562671153133,0.17970537706775574
2019-06-18,0.2955918200269423,0.09270915436734922,0.20288266565959306
2019-06-19,0.33562484694434147,0.10619374502779871,0.22943110191654276
2019-06-20,0.37066348839039165,0.11298590917907908,0.25767757921131257
2019-06-21,0.42747533035387875,0.13583820091405296,0.2916371294398258
2019-06-24,0.46065296959413615,0.13521267212344829,0.32544029747068787
2019-06-25,0.49687311902864195,0.1371462572463632,0.35972686178227875
2019-06-26,0.5017990273593043,0.11365773246162042,0.38814129489768384
2019-06-27,0.5253073888310027,0.10973287514665503,0.41557451368434767
2019-06-28,0.5166795016876833,0.08088399040266847,0.4357955112850148
2019-07-01,0.5170344570058631,0.06499115657667864,0.4520433004291845
2019-07-02,0.5097451733198923,0.04616149831256622,0.4635836750073261
2019-07-03,0.5191254334715154,0.044433406771351436,0.47469202670016397
2019-07-05,0.5468835371024525,0.05775320832183084,0.4891303287806217
2019-07-08,0.5551397748140516,0.05280755682674387,0.5023322179873078
2019-07-09,0.5533674146195366,0.04082815730578315,0.5125392573137535
2019-07-10,0.5544476474665814,0.033526712122262214,0.5209209353443192
2019-07-11,0.5465822520424553,0.020529053358508853,0.5260531986839464
2019-07-12,0.5301227001634885,0.0032556011836336607,0.5268670989798548
2019-07-15,0.5161316387753629,-0.00858836816359354,0.5247200069389565
2019-07-16,0.5090204108942444,-0.01255967683576964,0.5215800877300141
2019-07-17,0.4713232545170456,-0.040205466570374826,0.5115287210874204
2019-07-18,0.4424798820601481,-0.05523907122181787,0.49771895328196597
2019-07-19,0.43972823367751346,-0.04639257568356203,0.4861208093610755
2019-07-22,0.42091450428425503,-0.05216504406145639,0.4730795483457114
2019-07-23,0.4160557507461249,-0.04561903807966927,0.46167478882579416
2019-07-24,0.41708023090877333,-0.035675646333616695,0.45275587724239
2019-07-25,0.4221440127006133,-0.0244894916334214,0.4466335043340347
2019-07-26,0.41763114240760757,-0.023201889541141718,0.4408330319487493
2019-07-29,0.41069225256389785,-0.02411262350788118,0.43480487607177903
2019-07-30,0.4021708879910264,-0.02610719046460208,0.4282780784556285
2019-07-31,0.38628476484939966,-0.03359465088498309,0.41987941573438275
2019-08-01,0.3584276196712679,-0.0491614368504919,0.4075890565217598
2019-08-02,0.33562875050014895,-0.05756824481728873,0.3931969953174377
2019-08-05,0.300061211886252,-0.07450862674494857,0.3745698386312006
2019-08-06,0.2257783128396298,-0.11903322063325666,0.34481153347288646
2019-08-07,0.1917301758891341,-0.1224650860670019,0.314195261956136
2019-08-08,0.18544465644495745,-0.10300048440894288,0.28844514085390033
2019-08-09,0.19643535029427284,-0.07360783244770197,0.2700431827419748
2019-08-12,0.19355409238067978,-0.061191272289036036,0.2547453646697158
2019-08-13,0.17449274563147554,-0.06420209523059223,0.23869484086206777
2019-08-14,0.18628800402738932,-0.04192546946774278,0.2282134734951321
2019-08-15,0.15168556905447161,-0.06122232355252841,0.21290789260700002
2019-08-16,0.14247068262028506,-0.056349767989371996,0.19882045060965706
2019-08-19,0.1577985425305073,-0.03281752646331981,0.1906160689938271
2019-08-20,0.17917739414938438,-0.00915093987555421,0.1883283340249386
2019-08-21,0.1903752091605213,0.001637500108466139,0.18873770905205517
2019-08-22,0.20383930411811946,0.01208127605285142,0.19175802806526804
2019-08-23,0.20464626710894862,0.010310591234944433,0.1943356758740042
2019-08-26,0.17016006786902693,-0.01934048640398181,0.18950055427300874
2019-08-27,0.15412497191459096,-0.02830046588673424,0.1824254378013252
2019-08-28,0.14554912817020949,-0.02950104770489259,0.17505017587510208
2019-08-29,0.1363736067563508,-0.030941255295001024,0.16731486205135182
2019-08-30,0.14589859761417756,-0.017133011549739424,0.16303160916391699
2019-09-03,0.1505019418392024,-0.010023733859771677,0.16052567569897408
2019-09-04,0.15263273521970433,-0.006314352383415794,0.15894708760312012
2019-09-05,0.16748008059380481,0.006826394392547758,0.16065368620125706
2019-09-06,0.18789356243484434,0.02179190098686981,0.16610166144797453
2019-09-09,0.20134691679926675,0.028196204281033754,0.173150712518233
2019-09-10,0.18933055835753265,0.01294387667143973,0.17638668168609292
2019-09-11,0.1558212419203926,-0.016452351812560273,0.17227359373295287
2019-09-12,0.1476548495989931,-0.019694995307167812,0.16734984490616092
2019-09-13,0.14755129428955627,-0.01583884049328374,0.16339013478284
2019-09-16,0.11834708810223304,-0.03603443734448558,0.15438152544671863
2019-09-17,0.0968297832593592,-0.046041393749887555,0.14287117700924676
2019-09-18,0.09051481509576575,-0.04188508953078479,0.13239990462655055
2019-09-19,0.09114071245515021,-0.03300735373712027,0.12414806619227048
2019-09-20,0.09340040355309043,-0.02459813011134404,0.11799853366443447
2019-09-23,0.08389570716971662,-0.027282261195774288,0.1111779683654909
2019-09-24,0.08418809680911465,-0.021591897245101008,0.10577999405421566
2019-09-25,0.0665461189321519,-0.03138710009765103,0.09793321902980293
2019-09-26,0.05380039709268658,-0.03530625754969309,0.08910665464237967
2019-09-27,0.043919135747493954,-0.03615001511590858,0.08006915086340254
2019-09-30,0.01748907715074921,-0.05006405897012267,0.06755313612087188
2019-10-01,0.011898685271368947,-0.04452356067960235,0.0564222459509713
2019-10-02,-0.016867636962210497,-0.058631906330545436,0.04176426936833494
2019-10-03,-0.0636233897864571,-0.08431012732383363,0.020686737537376532
2019-10-04,-0.07232801335636196,-0.0744118007149908,0.002083787358628835
2019-10-07,-0.05662561643505626,-0.046967523034948076,-0.009658093400108184
2019-10-08,-0.056920155889613966,-0.037809649991604626,-0.01911050589800934
2019-10-09,-0.07776147098335429,-0.046920772068275954,-0.030840698915078332
2019-10-10,-0.0688334258722918,-0.03039418156577077,-0.03843924430652103
2019-10-11,-0.06671800909601444,-0.02262301183159473,-0.04409499726441971
2019-10-14,-0.061986967724728004,-0.014313576368246629,-0.047673391356481375
2019-10-15,-0.051750625094001634,-0.0032617869900162105,-0.048488838103985424
2019-10-16,-0.038514175407634355,0.00797973015708086,-0.046493905564715214
2019-10-17,-0.04557361391960768,0.0007362333160860282,-0.04630984723569371
2019-10-18,-0.04460221159388311,0.001366108513448483,-0.045968320107331595
2019-10-21,-0.06307645447837018,-0.013686507496830869,-0.04938994698153931
2019-10-22,-0.06650130189390069,-0.013689083929889094,-0.052812217964011594
2019-10-23,-0.07927573742207983,-0.021170815566454587,-0.05810492185562524
2019-10-24,-0.0887795949809913,-0.024539738500292854,-0.06423985648069845
2019-10-25,-0.0727181951059066,-0.006782670900166515,-0.06593552420574009
2019-10-28,-0.034975370099502356,0.024768123284990187,-0.059743493384492544
2019-10-29,0.011107732344221688,0.05668098058297139,-0.045573248238749704
2019-10-30,0.03440238899860759,0.06398050978988584,-0.029578120791278247
2019-10-31,0.06566283497546976,0.07619276461339841,-0.010529929637928644
2019-11-01,0.10201041464293326,0.09003227542468951,0.011978139218243738
2019-11-04,0.13786087006183578,0.10070618467487363,0.03715468538696215
2019-11-05,0.16884497143914245,0.10535222884174424,0.06349274259739822
2019-11-06,0.1816235485631168,0.09450464477257486,0.08711890379054194
2019-11-07,0.18812952474151956,0.08080849676078208,0.10732102798073748
2019-11-08,0.1826271208059822,0.060244874260195785,0.12238224654578642
2019-11-11,0.18365368285194705,0.049017149044928515,0.13463653380701854
2019-11-12,0.18172688907824153,0.03767228421697838,0.14405460486126315
2019-11-13,0.1824539166140582,0.030719449402236032,0.15173446721182215
2019-11-14,0.19043723599907025,0.030962215029798457,0.1594750209692718
2019-11-15,0.19747329171298134,0.03039861659496762,0.16707467511801372
2019-11-18,0.20919123842752896,0.033693250647612194,0.17549798777991676
2019-11-19,0.2183014177901157,0.03424274400815913,0.18405867378195656
2019-11-20,0.22406818322936317,0.032007607557925255,0.19206057567143792
2019-11-21,0.2231609677361277,0.024880313651751806,0.1982806540843759
2019-11-22,0.20483007758134164,0.005239538797572579,0.19959053878376906
2019-11-25,0.18972936433150522,-0.007888939561811081,0.1976183038933163
2019-11-26,0.19392433218470018,-0.0029551773668929082,0.19687950955159308
2019-11-27,0.20026591158941187,0.0027091216302550236,0.19755678995915685
2019-11-29,0.2148381605008538,0.013825096433357553,0.20101306406749625
2019-12-02,0.21559049657516738,0.011661946006136903,0.20392855056903048
2019-12-03,0.17926145741857624,-0.019733674520363398,0.19899513193893964
2019-12-04,0.146282678316922,-0.04216996289761413,0.18845264121453612
2019-12-05,0.11829912642615881,-0.056122811830701835,0.17442193825686064
2019-12-06,0.09319179880813522,-0.06498411155898035,0.15817591036711556
2019-12-09,0.08945017865816851,-0.054980585367157636,0.14443076402532615
2019-12-10,0.07967605252924415,-0.05180376919686561,0.13147982172610975
2019-12-11,0.07158881673407791,-0.04791280399362549,0.1195016207277034
2019-12-12,0.07919454483268851,-0.032245660716011926,0.11144020554870043
2019-12-13,0.09334503497993296,-0.014476136455013972,0.10782117143494693
2019-12-16,0.12027942895908694,0.009966606019312,0.11031282293977494
2019-12-17,0.1470312266889593,0.029374722999347472,0.11765650368961182
2019-12-18,0.16184784106352623,0.035353069899131506,0.12649477116439473
2019-12-19,0.17240959601105033,0.03673185987732447,0.13567773613372586
2019-12-20,0.18374522895385326,0.03845399425610191,0.14529123469775135
2019-12-23,0.19994564405592996,0.0437235274865429,0.15622211656938706
2019-12-24,0.15244510913844067,-0.0030216059447571164,0.1554667150831978
2019-12-26,0.11532700984158595,-0.03211176419328948,0.14743877403487543
2019-12-27,0.09833335986989056,-0.039284331331987915,0.13761769120187847
2019-12-30,0.08190442785210195,-0.04457061067982121,0.12647503853192316
2019-12-31,0.05334140654352382,-0.05850690559071947,0.11184831213424329
2020-01-02,0.032509108942505804,-0.06347136255338999,0.0959804714958958
2020-01-03,0.04956054029346291,-0.03713594496194632,0.08669648525540923
2020-01-06,0.05972259626725673,-0.021579111190522,0.08130170745777873
2020-01-07,0.07314614500887728,-0.006524449959121173,0.07967059496799846
2020-01-08,0.0896103552280394,0.007951808208032748,0.08165854702000665
2020-01-09,0.10485489907166823,0.01855708164132927,0.08629781743033896
2020-01-10,0.1321004530824368,0.03664210852167826,0.09545834456075852
2020-01-13,0.1564085900873593,0.0487601964212806,0.1076483936660787
2020-01-14,0.1845198634771137,0.06149717584882798,0.1230226876282857
2020-01-15,0.20332493807425323,0.06424180035677401,0.1390831377174792
2020-01-16,0.22355879505153098,0.06758052586724142,0.15597826918428956
2020-01-17,0.2548524355020092,0.07909933305417571,0.1757531024478335
2020-01-21,0.28855149261327995,0.09023871213235715,0.1983127804809228
2020-01-22,0.31477652099213316,0.09317099240896826,0.2216055285831649
2020-01-23,0.3385166666894932,0.09352891048506262,0.24498775620443058
2020-01-24,0.36474583338846855,0.0958064617472304,0.26893937164123816
2020-01-27,0.3827345655408081,0.0910361551196559,0.2916984104211522
2020-01-28,0.37052941583397114,0.06306480433025519,0.30746461150371596
2020-01-29,0.3822715516340267,0.05984555210424858,0.32242599952977813
2020-01-30,0.4051432374603152,0.06617379034442966,0.33896944711588556
2020-01-31,0.4363145460938327,0.07787607918235767,0.358438466911475
2020-02-03,0.4139638654016693,0.044420318792155356,0.36954354660951394
2020-02-04,0.4080483121380496,0.030803812422828536,0.37724449971522106
2020-02-05,0.4283989163393471,0.040923533299300874,0.38747538304004625
2020-02-06,0.4524239470409199,0.05195885120069893,0.400465095840221
2020-02-07,0.48280345443257033,0.06587068687387942,0.4169327675586909
2020-02-10,0.4941628590918512,0.061784073226528236,0.43237878586532297
2020-02-11,0.5260694307000691,0.07495251586779683,0.45111691483227223
2020-02-12,0.5429582714785894,0.07347308531705377,0.4694851861615357
2020-02-13,0.5701452033355423,0.08052801373920532,0.489617189596337
2020-02-14,0.5758540897897859,0.06898952015475912,0.5068645696350268
2020-02-18,0.5861132590490996,0.06339895153125819,0.5227143075178414
2020-02-19,0.5888437423135997,0.05290354783660667,0.535940194476993
2020-02-20,0.6036571880803407,0.054173594882678144,0.5494835931976626
2020-02-21,0.5902755456849036,0.032633561989792725,0.5576419836951109
2020-02-24,0.5450248066310834,-0.01009374165122201,0.5551185482823054
2020-02-25,0.43687081069622735,-0.0945981900688625,0.5314690007650898
2020-02-26,0.288962372771266,-0.1940053023950591,0.4829676751663251
2020-02-27,0.17134219007502338,-0.2493003880730414,0.42064257814806477
2020-02-28,-0.004210346879062854,-0.33988234002170215,0.3356719931426393
2020-03-02,-0.13428447785098996,-0.37596517679490343,0.24168069894391347
2020-03-03,-0.15277805945945744,-0.3155670067226968,0.1627889472632393
2020-03-04,-0.2138284287900376,-0.30129390084262153,0.08746547205258393
2020-03-05,-0.19133711984792967,-0.2230420735204109,0.031704953672481204
2020-03-06,-0.20886855689965955,-0.1924588084577126,-0.016409748441946946
2020-03-09,-0.24263951239639425,-0.18098381116355783,-0.06165570123283641
2020-03-10,-0.39213380313164947,-0.2643824815190504,-0.12775132161259903
2020-03-11,-0.43985576837408047,-0.24968355740918513,-0.19017221096489534
2020-03-12,-0.533018510221126,-0.2742770394049845,-0.2587414708161415
2020-03-13,-0.81635655462172,-0.44609206704446275,-0.3702644875772572
2020-03-16,-0.8935888127038538,-0.41865946010127725,-0.47492935260257657
2020-03-17,-1.1598661195172397,-0.5479494135317304,-0.6119167059855093
2020-03-18,-1.2688689741836114,-0.5255618145584817,-0.7433071596251297
2020-03-19,-1.4514111750413932,-0.5664832123330107,-0.8849279627083825
2020-03-20,-1.564406807665975,-0.5435830759660738,-1.0208237316999011
2020-03-23,-1.6749143567768598,-0.5232725000615668,-1.151641856715293
2020-03-24,-1.7459170503423422,-0.47542015490163925,-1.270496895440703
2020-03-25,-1.6572847048556056,-0.30943024753192194,-1.3478544573236837
2020-03-26,-1.551088025304189,-0.16258685438440423,-1.3885011709197848
2020-03-27,-1.3531266905169304,0.028299584322283522,-1.3814262748392139
2020-03-30,-1.2361357152112618,0.11623244770236174,-1.3523681629136235
2020-03-31,-1.0727935142054008,0.22365971896657832,-1.2964532331719791
2020-04-01,-0.9763882266221771,0.2560520052398416,-1.2324402318620187
2020-04-02,-0.9613255316826965,0.21689176014345768,-1.1782172918261542
2020-04-03,-0.8910647367652231,0.22972204404874486,-1.120786780813968
2020-04-06,-0.8523466822062673,0.21475207888616055,-1.0670987610924278
2020-04-07,-0.686897222504605,0.30416123087025826,-0.9910584533748633
2020-04-08,-0.564600373369629,0.3411664640041876,-0.9057668373738166
2020-04-09,-0.4295631746752093,0.3809629301588858,-0.8105261048340952
2020-04-13,-0.3054677695481729,0.4040466682287378,-0.7095144377769107
2020-04-14,-0.20715395279979276,0.40188838798169435,-0.6090423407814871
2020-04-15,-0.06817711299983387,0.4326921822253226,-0.5008692952251564
2020-04-16,0.02102335215505491,0.4175141179041691,-0.3964907657491142
2020-04-17,0.11559890720459975,0.40967173836297116,-0.2940728311583714
2020-04-20,0.20361567906537914,0.39815080817900045,-0.1945351291136213
2020-04-21,0.24233403101577977,0.34949532810352085,-0.10716129708774108
2020-04-22,0.21207263324219383,0.25538714426394793,-0.0433145110217541
2020-04-23,0.23468749014243429,0.2224016009313507,0.012285889211083582
2020-04-24,0.2572696787006805,0.19598703159167755,0.06128264710900297
2020-04-27,0.3117966552580924,0.20041120651927155,0.11138544873882086
2020-04-28,0.3604170992233122,0.19922532038759308,0.16119177883571914
2020-04-29,0.3800836181388192,0.17511347144248002,0.20497014669633917
2020-04-30,0.46112044853052936,0.2049202414673521,0.25620020706317725
2020-05-01,0.517042579677863,0.20867389809174863,0.3083686815861144
2020-05-04,0.5078586115172925,0.15959194394494247,0.34826666757235003
2020-05-05,0.5200437822420696,0.13742169173577568,0.3826220905062939
2020-05-06,0.5453621285587715,0.13019203044198208,0.41517009811678945
2020-05-07,0.5651258112074942,0.11996457047256376,0.4451612407349304
2020-05-08,0.613378088788906,0.13457347844318046,0.4788046103457255
2020-05-11,0.6601867124815968,0.14510568170869698,0.5150810307728998
2020-05-12,0.682715664798458,0.13410770722044663,0.5486079575780114
2020-05-13,0.6709680306933734,0.09788805849228954,0.5730799722010839
2020-05-14,0.6370465251937105,0.05117324239410126,0.5858732827996093
2020-05-15,0.628816887938271,0.03435488411092935,0.5944620038273416
2020-05-18,0.6142459207995259,0.015827133577747454,0.5984187872217784
2020-05-19,0.6322060086839159,0.02702977716970989,0.605176231514206
2020-05-20,0.6382749671053816,0.0264789884729405,0.6117959786324411
2020-05-21,0.6730493797453789,0.04900272089035029,0.6240466588550286
2020-05-22,0.6672168692459053,0.03453616831270134,0.6326807009332039
2020-05-26,0.661983774671441,0.0234424589905895,0.6385413156808515
2020-05-27,0.636698748391268,-0.0014740538316668772,0.6381728022229349
2020-05-28,0.6264647898853468,-0.009366409870070536,0.6358311997554174
2020-05-29,0.6138601593837976,-0.017576832297295897,0.6314369916810935
2020-06-01,0.6217185574573278,-0.007774747379012514,0.6294933048363404
2020-06-02,0.6146478412695089,-0.011876370853465157,0.626524212122974
2020-06-03,0.6196933459726495,-0.0054646929202596395,0.6251580388929091
2020-06-04,0.617102798600115,-0.006444192234235313,0.6235469908343503
2020-06-05,0.5957556732775942,-0.022233054045404876,0.617988727322999
2020-06-08,0.6100137235004794,-0.006380003058015671,0.6163937265584951
2020-06-09,0.6322213051886223,0.012662062904101767,0.6195592422845205
2020-06-10,0.6514298219486392,0.025496463731294883,0.6259333582173443
2020-06-11,0.6996196460757105,0.05894903028669296,0.6406706157890175
2020-06-12,0.6294081005215233,-0.009010012213995444,0.6384181127355187
2020-06-15,0.5865311873172132,-0.04150954033464438,0.6280407276518576
2020-06-16,0.5615701966896154,-0.053176424769793784,0.6147466214594092
2020-06-17,0.5713920785787607,-0.03468363430451871,0.6060757128832794
2020-06-18,0.5742907194037414,-0.025427994783630448,0.5997187141873719
2020-06-19,0.5776751545979977,-0.017634847671499365,0.595310002269497
2020-06-22,0.5616182480143905,-0.026953403404085252,0.5885716514184758
2020-06-23,0.5725922670690053,-0.01278350747957635,0.5853757745485817
2020-06-24,0.5885452553377206,0.002535584631311094,0.5860096707064095
2020-06-25,0.5551289139031752,-0.024704605442587457,0.5798335193457627
2020-06-26,0.545277081706196,-0.02764515011165325,0.5729222318178493
2020-06-29,0.4940112118746356,-0.06312881595457098,0.5571400278292066
2020-06-30,0.4657656973248905,-0.07309946440345283,0.5388651617283433
2020-07-01,0.4684420304830823,-0.05633850499620885,0.5247805354792912
2020-07-02,0.4597361948557648,-0.05203547249882112,0.5117716673545859
2020-07-06,0.4588441985612519,-0.04234197503466719,0.5011861735959191
2020-07-07,0.48809600068049974,-0.010472138332335512,0.49856813901283525
2020-07-08,0.4923210578862509,-0.004997664901267518,0.49731872278751843
2020-07-09,0.5212597234484804,0.019152800528769554,0.5021069229197108
2020-07-10,0.5467670791535824,0.03572812498709721,0.5110389541664851
2020-07-13,0.5558936927275795,0.035883790848875385,0.5200099018787041
2020-07-14,0.5132333521674752,-0.0054212397689831215,0.5186545919364584
2020-07-15,0.5032775426386848,-0.012301639438218825,0.5155791820769037
2020-07-16,0.49512665965519886,-0.016362017937363915,0.5114886775925628
2020-07-17,0.4625967034548637,-0.03911357931015935,0.501710282765023
2020-07-20,0.4417303710184797,-0.047983929397234726,0.4897143004157144
2020-07-21,0.4664562179168428,-0.01860646599909732,0.4850626839159401
2020-07-22,0.47078038395017785,-0.01142583997260982,0.48220622392278767
2020-07-23,0.4932934609475481,0.008869789619808333,0.4844236713277398
2020-07-24,0.46422754827593593,-0.01615689844144308,0.480384446717379
2020-07-27,0.4145465788660232,-0.05267029428108466,0.46721687314710786
2020-07-28,0.4182033725978158,-0.0392108004394337,0.4574141730372495
2020-07-29,0.4023425469019486,-0.04405730090824078,0.4463998478101894
2020-07-30,0.40918270101675347,-0.029773717434748714,0.4389564184515022
2020-07-31,0.4230809540003122,-0.012700371560951995,0.4357813255612642
2020-08-03,0.47637352749835316,0.03247376154967113,0.443899765948682
2020-08-04,0.5574901930529421,0.09087234168340802,0.4666178513695341
2020-08-05,0.6286501692024231,0.12962585426631124,0.4990243149361119
2020-08-06,0.6843378093224857,0.14825079550909903,0.5360870138133866
2020-08-07,0.755986629275256,0.17591969236949545,0.5800669369057605
2020-08-10,0.7572388491365771,0.14173752978465326,0.6155013193519239
2020-08-11,0.750946419546139,0.10835608015537213,0.6425903393907669
2020-08-12,0.6793048059306557,0.029371573231910975,0.6499332326987447
2020-08-13,0.6593646455425457,0.007545130275040779,0.6518195152675049
2020-08-14,0.6333798599368023,-0.01475172426456206,0.6481315842013644
2020-08-17,0.6021339656768134,-0.036798094819640914,0.6389320604964543
2020-08-18,0.6046150290844494,-0.02745362512960392,0.6320686542140533
2020-08-19,0.6086031392261901,-0.01877241199029067,0.6273755512164808
2020-08-20,0.5897152060717374,-0.030128276115794717,0.6198434821875322
2020-08-21,0.6005042148197859,-0.01547141389419704,0.6159756287139829
2020-08-24,0.6204613460722896,0.003588573886645352,0.6168727721856443
2020-08-25,0.646416783547437,0.023635209089434173,0.6227815744580029
2020-08-26,0.6538015470877525,0.024815978103799763,0.6289855689839527
2020-08-27,0.6968887650509572,0.05432255685360343,0.6425662081973538
2020-08-28,0.7156051856552921,0.058431181966350665,0.6571740036889414
2020-08-31,0.7419772187081293,0.06784257201535027,0.674134646692779
2020-09-01,0.7614428821059676,0.0698465883305508,0.6915962937754168
2020-09-02,0.8137255997377864,0.09770344476989568,0.7160221549678907
2020-09-03,0.8641211791331358,0.11847921933219607,0.7456419598009397
2020-09-04,0.7667203446430904,0.01686270787372046,0.7498576367693699
2020-09-08,0.6504808202782613,-0.07950145319288693,0.7299822734711482
2020-09-09,0.4632903618527848,-0.21335352929469076,0.6766438911474756
2020-09-10,0.37403639202254624,-0.24208599929994357,0.6161223913224898
2020-09-11,0.25638586855396994,-0.28778921821481585,0.5441750867687858
2020-09-14,0.15099704412210002,-0.31454243411734867,0.4655394782394487
2020-09-15,0.1117779711846012,-0.283009205643878,0.3947871768284792
2020-09-16,0.09780550696984847,-0.23758533588690461,0.3353908428567531
2020-09-17,0.05878074895932883,-0.2212880751179394,0.28006882407726824
2020-09-18,0.013017421540673979,-0.2136411220292754,0.22665854356994938
2020-09-21,-0.05656943744335763,-0.22658238481064563,0.170012947367288
2020-09-22,-0.10462096371110619,-0.21970712886271535,0.11508616515160916
2020-09-23,-0.11331526713551199,-0.18272114582969692,0.06940587869418494
2020-09-24,-0.18664188536912718,-0.2048382112506497,0.018196325881522514
2020-09-25,-0.22696746615321217,-0.19613103362778775,-0.030836432525424423
2020-09-28,-0.20914879515442664,-0.14264989010320178,-0.06649890505122487
2020-09-29,-0.15618941961687938,-0.0717524116525236,-0.08443700796435577
2020-09-30,-0.11706537609933321,-0.026102694507981944,-0.09096268159135126
2020-10-01,-0.07422964066557824,0.013386432740618417,-0.08761607340619666
2020-10-02,-0.020597857016426246,0.05361457311181635,-0.07421243012824259
2020-10-05,-0.024372322277670833,0.03987208628045741,-0.06424440855812824
2020-10-06,0.010999584636536497,0.060195194555731794,-0.0491956099191953
2020-10-07,0.006159774101817561,0.04428430721681029,-0.038124533114992726
2020-10-08,0.03512409447956344,0.058598902075644936,-0.023474807596081497
2020-10-09,0.07959324629229059,0.08245444311069766,-0.002861196818407078
2020-10-12,0.14735008712796827,0.12016902715710027,0.027181059970867994
2020-10-13,0.25830648768296527,0.18490034216967782,0.07340614551328745
2020-10-14,0.3282944531262473,0.20391064609036785,0.12438380703587942
2020-10-15,0.37077172828057314,0.19711033699575498,0.17366139128481817
2020-10-16,0.39615684793569983,0.1779963653207053,0.21816048261499452
2020-10-19,0.4077018027074075,0.1516330560739304,0.2560687466334771
2020-10-20,0.3789155911886226,0.09827747564411637,0.28063811554450624
2020-10-21,0.3602208611651676,0.06366619649652905,0.29655466466863856
2020-10-22,0.3424261378803095,0.03669717856933674,0.30572895931097277
2020-10-23,0.31293533373875704,0.00576509954222737,0.30717023419652967
2020-10-26,0.28502742963002703,-0.017714243653202122,0.30274167328322915
2020-10-27,0.22106506199796172,-0.06534128902821396,0.2864063510261757
2020-10-28,0.19380029127172094,-0.07408484780356378,0.2678851390752847
2020-10-29,0.08240137646760104,-0.14838701008614694,0.23078838655374798
2020-10-30,0.026013050606358945,-0.16382026875791125,0.1898333193642702
2020-11-02,-0.060661666446996776,-0.2003959886490136,0.13973432220201681
2020-11-03,-0.12061873289799507,-0.2082824440800095,0.08766371118201444
2020-11-04,-0.1366235140413039,-0.17942978017865469,0.042806266137350765
2020-11-05,-0.06727543507555822,-0.08806536097032719,0.020789925894768968
2020-11-06,0.06137359108352314,0.03246693215100333,0.028906658932519806
2020-11-09,0.16872680111489302,0.11185611374589857,0.05687068736899445
2020-11-10,0.20823460882937894,0.12109113716830759,0.08714347166107135
2020-11-11,0.19445603578856918,0.08585005130199826,0.10860598448657093
2020-11-12,0.23987782793828671,0.10501747476137263,0.13486035317691408
2020-11-13,0.2678251770958866,0.10637185913517802,0.16145331796070858
2020-11-16,0.30405931892044435,0.11408480076778862,0.18997451815265573
2020-11-17,0.35435035191349584,0.13150066700867208,0.22284968490482376
2020-11-18,0.3940216925673212,0.13693760612999795,0.2570840864373233
2020-11-19,0.39428820176080137,0.10976329225878245,0.2845249095020189
2020-11-20,0.4113028231118321,0.10142233088785052,0.30988049222398156
2020-11-23,0.4138834753574727,0.0832023865067929,0.3306810888506798
2020-11-24,0.4129436981578607,0.06581008744574468,0.347133610712116
2020-11-25,0.4317521378674627,0.06769482172427732,0.36405731614318537
2020-11-27,0.43418905305125577,0.05610538952645633,0.37808366352479944
2020-11-30,0.4286773026136359,0.04047491127106917,0.38820239134256673
2020-12-01,0.4650157216925237,0.06145066427996554,0.40356505741255816
2020-12-02,0.5092144036748394,0.08451947700982493,0.42469492666501446
2020-12-03,0.533812259615928,0.08729386636073083,0.4465183932551972
2020-12-04,0.5584081024578609,0.08951176736213096,0.4688963350957299
2020-12-07,0.582801847485662,0.09112440991194565,0.49167743757371635
2020-12-08,0.6018135693170663,0.08810890539467997,0.5137046639223863
2020-12-09,0.6088133209691478,0.07608692563740915,0.5327263953317386
2020-12-10,0.5575019243388084,0.0198204232056558,0.5376815011331526
2020-12-11,0.53041173545828,-0.0058158125398980465,0.5362275479981781
2020-12-14,0.49676098131499913,-0.03157325334654315,0.5283342346615423
2020-12-15,0.4794932047754159,-0.0390728239089011,0.518566028684317
2020-12-16,0.5040953767323373,-0.011576521561583841,0.5156718982939211
2020-12-17,0.5473409935664222,0.025335276218000802,0.5220057173484214
2020-12-18,0.6139938946062244,0.07359054180624247,0.540403352799982
2020-12-21,0.6596166013620461,0.09537059884965127,0.5642460025123949
2020-12-22,0.6978951728528529,0.10691933627236638,0.5909758365804865
2020-12-23,0.7354082251881238,0.11554591088610977,0.619862314302014
2020-12-24,0.716212876372353,0.07708044965627114,0.6391324267160818
2020-12-28,0.6992339060805932,0.04808118349160906,0.6511527225889842
2020-12-29,0.7275014380700782,0.06107897238487514,0.666422465685203
2020-12-30,0.7298704142629617,0.05075835886220692,0.6791120554007548
2020-12-31,0.7465428143506045,0.0539446071598797,0.6925982071907248
2021-01-04,0.748465193273816,0.0446935888664729,0.7037716044073431
2021-01-05,0.735937611046765,0.025732805311537432,0.7102048057352276
2021-01-06,0.7631259354109403,0.04233690374057009,0.7207890316703702
2021-01-07,0.7700669421418667,0.03942232837719717,0.7306446137646695
2021-01-08,0.8295100250861509,0.0790923290571851,0.7504176960289658
2021-01-11,0.8686233156409173,0.09456449568956116,0.7740588199513562
2021-01-12,0.8101551583965829,0.0288770707561814,0.7812780876404015
2021-01-13,0.7553535421750723,-0.020739636372263393,0.7760931785473357
2021-01-14,0.7385905083369693,-0.03000213616829317,0.7685926445052624
2021-01-15,0.7199118911579347,-0.03894460267786226,0.758856493835797
2021-01-19,0.640355554011407,-0.09480075185951209,0.7351563058709191
2021-01-20,0.5879982994640329,-0.11772640512550903,0.705724704589542
2021-01-21,0.5625729830824042,-0.1145213772057102,0.6770943602881144
2021-01-22,0.5283842053421353,-0.11896812395678347,0.6473523292989187
2021-01-25,0.5077421056270452,-0.11168817893749883,0.6194302845645441
2021-01-26,0.49902541915253096,-0.09632389232961058,0.5953493114821415
2021-01-27,0.4733227919195855,-0.09762121565004489,0.5709440075696304
2021-01-28,0.40514536128543455,-0.13263891702735664,0.5377842783127912
2021-01-29,0.37243238243551957,-0.13228151670181731,0.5047138991373369
2021-02-01,0.29664953245864467,-0.16645149334295378,0.46310102580159845
2021-02-02,0.2813593833041921,-0.14539331399792516,0.42675269730211723
2021-02-03,0.3130794471120879,-0.09093860015202349,0.4040180472641114
2021-02-04,0.3335659355364413,-0.05636168938213604,0.38992762491857735
2021-02-05,0.3748521162716969,-0.012060406917504374,0.3869125231892013
2021-02-08,0.3975825640034856,0.008536032651427439,0.38904653135205813
2021-02-09,0.49589749973847574,0.08548077470913407,0.4104167250293417
2021-02-10,0.5841054398914594,0.13895097188969413,0.4451544680017652
2021-02-11,0.6179994247889198,0.13827596542972365,0.47972345935919614
2021-02-12,0.686810914761594,0.16566996432191816,0.5211409504396758
2021-02-16,0.7429472014159018,0.1774450007809808,0.565502200634921
2021-02-17,0.7655151378673111,0.160010349785912,0.6055047880813991
2021-02-18,0.7863028112349895,0.1446384185228723,0.6416643927121172
2021-02-19,0.7702555731694218,0.1028729443658436,0.6673826288035782
2021-02-22,0.7695662314950624,0.08174688215318737,0.687819349341875
2021-02-23,0.6874241243675527,-0.0003161799794578757,0.6877403043470106
2021-02-24,0.5459119226767228,-0.11346270533623026,0.6593746280129531
2021-02-25,0.47827826008347074,-0.14487709434358587,0.6231553544270566
2021-02-26,0.2980023121895954,-0.260122433789969,0.5581247459795644
2021-03-01,0.16016899844274235,-0.31836459802945766,0.4785335964722
2021-03-02,0.14775624282546573,-0.2646218829173875,0.4123781257428532
2021-03-03,0.08928179354359145,-0.25847706575940943,0.3477588593030009
2021-03-04,-0.0046144561340355494,-0.28189865234962913,0.2772841962155936
2021-03-05,-0.16691353432064204,-0.3553581844289885,0.18844465010834646
2021-03-08,-0.23241955815885262,-0.33669136661375926,0.10427180845490665
2021-03-09,-0.3243295860510358,-0.3428811156047539,0.018551529553718152
2021-03-10,-0.28367426547553976,-0.24178063602340633,-0.04189362945213343
2021-03-11,-0.24396230158554033,-0.1616549377067255,-0.08230736387881482
2021-03-12,-0.14712859153844704,-0.05185698212770577,-0.09527160941074127
2021-03-15,-0.11353928078303,-0.014614137097830965,-0.09892514368519903
2021-03-16,-0.04532510618615504,0.042880029999235195,-0.08820513618539023
2021-03-17,0.00975231651355557,0.07836596215915664,-0.06861364564560107
2021-03-18,0.06364198319218417,0.1058045030702282,-0.04216251987804403
2021-03-19,0.030152397889850135,0.05785193421431534,-0.027699536324465198
2021-03-22,0.019644692664570584,0.03787538319122863,-0.018230690526658044
2021-03-23,0.02207694777249003,0.03224611063931846,-0.010169162866828431
2021-03-24,-0.005146497541232975,0.004018132260476365,-0.00916462980170934
2021-03-25,-0.06143655935586878,-0.04181754364332755,-0.01961901571254123
2021-03-26,-0.10850782105828216,-0.07111104427659273,-0.03739677678168942
2021-03-29,-0.08121042920100763,-0.03505092193545456,-0.04615950726555307
2021-03-30,-0.053792776592217706,-0.006106615461331705,-0.047686161130886
2021-03-31,-0.045259915855154986,0.0019409962205848147,-0.0472009120757398
2021-04-01,-0.008702761442393125,0.030798520506677342,-0.03950128194907047
2021-04-05,0.07232876775361774,0.08946403976215056,-0.017135272008532827
2021-04-06,0.19302497975219524,0.16812820140858245,0.024896778343612785
2021-04-07,0.2650459651009385,0.19211934940586056,0.07292661569507793
2021-04-08,0.305050316980342,0.18569896102821126,0.11935135595213076
2021-04-09,0.3814178097003236,0.20965316299855424,0.17176464670176933
2021-04-12,0.4568463604201298,0.22806537097468838,0.22878098944544145
2021-04-13,0.5140869897059162,0.22824480020837973,0.2858421894975364
2021-04-14,0.6034112126036462,0.25405521848488777,0.3493559941187584
2021-04-15,0.6105182759986292,0.2089298255038966,0.4015884504947326
2021-04-16,0.6650492445755134,0.21076863526462464,0.45428060931088876
2021-04-19,0.6864732521069357,0.18575411423683752,0.5007191378700981
2021-04-20,0.6448597798888045,0.11531251361496508,0.5295472662738394
2021-04-21,0.5827311590849575,0.04254711424889446,0.5401840448360631
2021-04-22,0.5410551422782817,0.0006968779537748215,0.5403582643245068
2021-04-23,0.4428868271183717,-0.07797714976490822,0.5208639768832799
2021-04-26,0.3995765403145981,-0.09702994925494546,0.49660648956954356
2021-04-27,0.40029829384089055,-0.07704655658292242,0.47734485042381297
2021-04-28,0.3918748721305434,-0.0683759826346157,0.4602508547651591
2021-04-29,0.35747606572813595,-0.08221983122961851,0.43969589695775446
2021-04-30,0.2907935945085143,-0.11912184195939218,0.40991543646790646
2021-05-03,0.23651186677594183,-0.13872285575357174,0.37523472252951356
2021-05-04,0.18706018433178428,-0.15053963055818342,0.3375998148899677
2021-05-05,0.08651473667443099,-0.2008680625724294,0.2873827992468604
2021-05-06,0.01584790259622082,-0.21722791732051167,0.23307581991673249
2021-05-07,-0.02282641698653265,-0.20472178952261214,0.18189537253607949
2021-05-10,-0.02283278563965041,-0.16378252654058392,0.1409497409009335
2021-05-11,-0.09971699180420046,-0.1925333861641072,0.09281639435990673
2021-05-12,-0.16626837880119183,-0.20726781852887885,0.04099943972768702
2021-05-13,-0.30941756111798213,-0.28033360067653534,-0.02908396044144681
2021-05-14,-0.4269637803049875,-0.31830385589083254,-0.10865992441415495
2021-05-17,-0.4449666272842734,-0.26904536229609477,-0.17592126498817864
2021-05-18,-0.5032996336124853,-0.2619026948994453,-0.24139693871304
2021-05-19,-0.569112690323351,-0.26217260128824876,-0.3069400890351022
2021-05-20,-0.6237627283083498,-0.25345811141859803,-0.37030461688975175
2021-05-21,-0.6094541591606912,-0.19131963381675154,-0.4181345253439397
2021-05-24,-0.6238453270559745,-0.1645686413696278,-0.4592766856863467
2021-05-25,-0.5635154670255957,-0.08339102507139923,-0.4801244419541965
2021-05-26,-0.51353610255984,-0.026729328484514703,-0.48680677407532524
2021-05-27,-0.4589535314609634,0.02228259409148947,-0.4812361255524529
2021-05-28,-0.42587646345059227,0.04428772968148853,-0.4701641931320808
2021-06-01,-0.40276630750729225,0.05391830849983087,-0.4566846160071231
2021-06-02,-0.3991355005865529,0.046039292336456206,-0.4451747929230091
2021-06-03,-0.360471810065647,0.06776238628588971,-0.4282341963515367
2021-06-04,-0.34473838057927253,0.06679665261781137,-0.4115350331970839
2021-06-07,-0.2888361067495566,0.09815914115802182,-0.38699524790757844
2021-06-08,-0.25461381452660703,0.10590514670477713,-0.36051896123138416
2021-06-09,-0.23827765831059367,0.09779304233663239,-0.33607070064722605
2021-06-10,-0.19508223268482539,0.11279077436992052,-0.3078730070547459
2021-06-11,-0.13723879013842577,0.13650737353305614,-0.2737461636714819
2021-06-14,-0.07025332631513947,0.16279426988507395,-0.23304759620021342
2021-06-15,0.017250984452843454,0.20023886452244552,-0.18298788006960207
2021-06-16,0.06889160633660651,0.20150358912496685,-0.13261198278836034
2021-06-17,0.08005506563999631,0.17013363874268533,-0.090078573102689
2021-06-18,0.10615691644079561,0.15698839163478767,-0.05083147519399207
2021-06-21,0.0930896936573049,0.11513693508103759,-0.022047241423732676
2021-06-22,0.08490221780411389,0.08555956738227725,-0.0006573495781633625
2021-06-23,0.10065360831885073,0.08104876631761126,0.019604842001239457
2021-06-24,0.10538599441235874,0.06862492192889542,0.03676107248346332
2021-06-25,0.13844536940420937,0.08134743753659684,0.05709793186761253
2021-06-28,0.14075178349209239,0.06692308129958388,0.0738287021925085
2021-06-29,0.18347332727314836,0.08771570006451188,0.09575762720863648
2021-06-30,0.24309323382567527,0.11786848529363103,0.12522474853204424
2021-07-01,0.27833838349414464,0.12249090796968032,0.15584747552446432
2021-07-02,0.29663770356002317,0.11263218242844708,0.1840055211315761
2021-07-06,0.345725335428682,0.1293758514376847,0.2163494839909973
2021-07-07,0.3969167822931041,0.14445383864168548,0.25246294365141864
2021-07-08,0.45172581263540224,0.15941029518718686,0.2923155174482154
2021-07-09,0.45529745638927466,0.1303855511528474,0.32491190523642727
2021-07-12,0.472132049984765,0.11777611579867014,0.35435593418609485
2021-07-13,0.4795425133017801,0.10014926329254814,0.37939325000923196
2021-07-14,0.4836326291658679,0.0833915033253087,0.4002411258405592
2021-07-15,0.5092459112943999,0.0872038283630725,0.4220420829313274
2021-07-16,0.49750425596805314,0.06036973842938059,0.43713451753867255
2021-07-19,0.4659630080864616,0.023062792438231228,0.4429002156482304
2021-07-20,0.4021175722896686,-0.03262611468684945,0.43474368697651805
2021-07-21,0.37264183946027174,-0.049681478012997105,0.42232331747326884
2021-07-22,0.381677993499963,-0.0325162591786447,0.4141942526786077
2021-07-23,0.41352477024538814,-0.0005355859465756563,0.4140603561919638
2021-07-26,0.4606467349134107,0.037269102977157464,0.4233776319362532
2021-07-27,0.5408971328746048,0.09401560075068127,0.44688153212392356
2021-07-28,0.5721599934783086,0.10022276908350797,0.4719372243948006
2021-07-29,0.6060877466165522,0.1073204177774012,0.498767328839151
2021-07-30,0.6299105037358146,0.1049145399173308,0.5249959638184838
2021-08-02,0.6463025251895402,0.09704524909684509,0.5492572760926951
2021-08-03,0.6348285760847006,0.06845703999360431,0.5663715360910963
2021-08-04,0.6236301506788777,0.045806891670225225,0.5778232590086525
2021-08-05,0.6241824969218754,0.037087390330578285,0.5870951065912972
2021-08-06,0.6366475803112337,0.03964197897594923,0.5970056013352845
2021-08-09,0.6421098649137917,0.036083410862805754,0.606026454050986
2021-08-10,0.6499209794328351,0.03511562030547921,0.6148053591273559
2021-08-11,0.625500285014283,0.008555940709541687,0.6169443443047413
2021-08-12,0.6103275507486643,-0.005293434844861666,0.615620985593526
2021-08-13,0.5902081856546175,-0.020330239951126816,0.6105384256057443
2021-08-16,0.5964372045983168,-0.011280976805942089,0.6077181814042589
2021-08-17,0.6030560493701245,-0.003729705627307567,0.606785754997432
2021-08-18,0.5708962818066823,-0.02871157855259976,0.599607860359282
2021-08-19,0.494601607035662,-0.0840050026588961,0.5786066096945581
2021-08-20,0.4730645526850026,-0.08443364560764444,0.557498198292647
2021-08-23,0.4982642888240747,-0.04738712757485786,0.5456514163989326
2021-08-24,0.5453549303289265,-0.00023718885600487738,0.5455921191849313
2021-08-25,0.5675788133943058,0.017589355367499504,0.5499894580268063
2021-08-26,0.5652802063565048,0.012232598663758698,0.5530476076927461
2021-08-27,0.5319891181373464,-0.016846791644319792,0.5488359097816662
2021-08-30,0.540527399017563,-0.006646808611282529,0.5471742076288455
2021-08-31,0.5683391460266591,0.016931950718250932,0.5514071953084082
2021-09-01,0.5491905800311656,-0.0017732922217941205,0.5509638722529597
2021-09-02,0.531279866413314,-0.01574720467171653,0.5470270710850306
2021-09-03,0.5205262707119545,-0.021200640298460915,0.5417269110104154
2021-09-07,0.525633602952297,-0.01287464644649472,0.5385082493987917
2021-09-08,0.48958215932984217,-0.03914087205515959,0.5287230313850018
2021-09-09,0.44610507372217967,-0.06609436613025776,0.5121994398524374
2021-09-10,0.4056817203106391,-0.0852141756334387,0.4908958959440778
2021-09-13,0.33197479950587194,-0.1271368771505647,0.45911167665643665
2021-09-14,0.2640620805029812,-0.15603967692276438,0.42010175742574557
2021-09-15,0.2174973305058927,-0.16208354153588234,0.37958087204177504
2021-09-16,0.20976734879576497,-0.1358508185968081,0.34561816739257306
2021-09-17,0.18883618861589468,-0.12542558302134277,0.31426177163723745
2021-09-20,0.125532843147937,-0.15098314279144037,0.2765159859393774
2021-09-21,0.008653907815130424,-0.21428966249939757,0.222943570314528
2021-09-22,-0.09358630387391997,-0.2532238993507584,0.1596375954768384
2021-09-23,-0.12428082974649612,-0.22713474017866764,0.1028539104321715
2021-09-24,-0.11851396383971746,-0.17709429941751118,0.058580335577793706
2021-09-27,-0.13091294549791144,-0.1515946248605641,0.020681679362652677
2021-09-28,-0.16506128787401053,-0.14859437378933057,-0.016466914084679964
2021-09-29,-0.2819119059545585,-0.21235599349590284,-0.06955591245865568
2021-09-30,-0.3767903549025533,-0.2457875539551181,-0.13100280094743522
2021-10-01,-0.45129843404120606,-0.25623650647501667,-0.1950619275661894
2021-10-04,-0.4387186657337594,-0.194925390534056,-0.2437932751997034
2021-10-05,-0.4670996685563864,-0.17864511468534638,-0.28845455387104
2021-10-06,-0.4492318226138394,-0.12862181499423953,-0.3206100076195999
2021-10-07,-0.3915836004922113,-0.05677887429808909,-0.3348047261941222
2021-10-08,-0.33525411525452853,-0.00035951124832506176,-0.33489460400620347
2021-10-11,-0.29424080865420876,0.03252303628159581,-0.32676384493580457
2021-10-12,-0.2601508924176841,0.053290362014496384,-0.31344125443218046
2021-10-13,-0.2580388237882971,0.04432194451510668,-0.3023607683034038
2021-10-14,-0.20877116414878572,0.07487168332369448,-0.2836428474724802
2021-10-15,-0.10237881498639467,0.14501122598886843,-0.2473900409752631
2021-10-18,0.013893145307193322,0.20902654902596515,-0.19513340371877183
2021-10-19,0.10443203194039086,0.23965234852733017,-0.1352203165869393
2021-10-20,0.2224390506302285,0.28612749377373425,-0.06368844314350575
2021-10-21,0.32943128339134375,0.3144957812278796,0.014935502163464148
2021-10-22,0.39259123172882937,0.30212458365229217,0.09046664807653719
2021-10-25,0.43369261099587675,0.2745807703354716,0.15911184066040512
2021-10-26,0.488712617045735,0.2636806211082639,0.22503199593747109
2021-10-27,0.522102267776404,0.23765621747114635,0.28444605030525766
2021-10-28,0.5312239768531271,0.1974223412382955,0.33380163561483156
2021-10-29,0.5672966567467057,0.1867960169054993,0.3805006398412064
2021-11-01,0.5983872481046575,0.17430928661076084,0.42407796149389665
2021-11-02,0.6069124768787759,0.14626761230790342,0.4606448645708725
2021-11-03,0.6487156300975414,0.15045661242133512,0.4982590176762063
2021-11-04,0.682530332077036,0.14741705152066364,0.5351132805563723
2021-11-05,0.744162611414211,0.16723946468627093,0.5769231467279401
2021-11-08,0.8081404545882833,0.18497384628827462,0.6231666083000087
2021-11-09,0.8851926034558346,0.20962079612466078,0.6755718073311738
2021-11-10,0.9469605084019435,0.21711096085661574,0.7298495475453277
2021-11-11,0.9272065702687371,0.15788561817872748,0.7693209520900096
2021-11-12,0.9006847380381799,0.10509102875853626,0.7955937092796437
2021-11-15,0.9005928106088135,0.08399928106333576,0.8165935295454777
2021-11-16,0.8816422834003674,0.05203900308391174,0.8296032803164557
2021-11-17,0.8471751430808467,0.014057490211512813,0.8331176528693339
2021-11-18,0.8184140963087003,-0.011762845248507015,0.8301769415572073
2021-11-19,0.800115192011063,-0.024049399636915547,0.8241645916479785
2021-11-22,0.8112015404242641,-0.010370440978971551,0.8215719814032356
2021-11-23,0.7522497431140351,-0.05545779063136047,0.8077075337453956
2021-11-24,0.6895923872429819,-0.09449211720193107,0.784084504444913
2021-11-26,0.651788711813154,-0.10583663410540711,0.7576253459185611
2021-11-29,0.5462982425946876,-0.16906168265909882,0.7153599252537864
2021-11-30,0.5419019055496221,-0.13876641576333149,0.6806683213129536
2021-12-01,0.509148015910867,-0.13721624432166935,0.6463642602325363
2021-12-02,0.43157565803285536,-0.1718308817597448,0.6034065397926002
2021-12-03,0.39507785695391817,-0.1666629462709457,0.5617408032248639
2021-12-06,0.2943337123338665,-0.21392567271279783,0.5082593850466643
2021-12-07,0.20782092822102527,-0.24035076546051126,0.44817169368153653
2021-12-08,0.2383443290389522,-0.1678618917140675,0.4062062207530197
2021-12-09,0.2711094878029172,-0.10807738636008202,0.37918687416299923
2021-12-10,0.2450297033655744,-0.10732573663793987,0.35235544000351426
2021-12-13,0.27868199435744145,-0.05893875651685826,0.3376207508742997
2021-12-14,0.2520938972581064,-0.06842148289295469,0.32051538015106107
2021-12-15,0.1912958424291702,-0.10337563017751272,0.2946714726066829
2021-12-16,0.21702644191495324,-0.06211602455338372,0.27914246646833696
2021-12-17,0.14265539861820287,-0.1091896542801073,0.25184505289831016
2021-12-20,0.057075317383777247,-0.15581578841162633,0.21289110579540357
2021-12-21,-0.05003252252289769,-0.21033890265464103,0.16030638013174334
2021-12-22,-0.06413667372862619,-0.1795544430882956,0.11541776935966942
2021-12-23,-0.03209716878859581,-0.11801195051861219,0.08591478173001638
2021-12-27,-0.05708486159510073,-0.11439971466009369,0.05731485306499296
2021-12-28,-0.015903526184047223,-0.058574703399232146,0.04267117721518492
2021-12-29,-0.023295700308466394,-0.05277350201892106,0.029477801710454662
2021-12-30,-0.04474422979933479,-0.05937762520783156,0.014633395408496773
2021-12-31,-0.07587644570762109,-0.07240787289289428,-0.003468572814726798
2022-01-03,-0.12110118563012406,-0.09410609025231781,-0.026995095377806252
2022-01-04,-0.13895963778088571,-0.08957163392246356,-0.049388003858422146
2022-01-05,-0.1763364777367542,-0.10155877910266564,-0.07477769863408856
2022-01-06,-0.31178168445991616,-0.18960318866066206,-0.12217849579925409
2022-01-07,-0.43987377354535795,-0.25415622219688305,-0.18571755134847487
